brand,series_l1,subseries,model,name,url,field,value
"hikvision","Pro","EasyIP 4.0 Plus with ColorVu","DS-2CD2187G3-LI(S2U)Y","8 MP Smart Hybrid Light with ColorVu Fixed Mini Dome Network Camera","https://www.hikvision.com/en/products/IP-Products/Network-Cameras/Pro-Series-EasyIP-/ds-2cd2187g3-li-s2u-y/","Image Sensor","1/1.8\" Progressive Scan CMOS"
"hikvision","Pro","EasyIP 4.0 Plus with ColorVu","DS-2CD2187G3-LI(S2U)Y","8 MP Smart Hybrid Light with ColorVu Fixed Mini Dome Network Camera","https://www.hikvision.com/en/products/IP-Products/Network-Cameras/Pro-Series-EasyIP-/ds-2cd2187g3-li-s2u-y/","Max. Resolution","3840 × 2160"
"hikvision","Pro","EasyIP 4.0 Plus with ColorVu","DS-2CD2187G3-LI(S2U)Y","8 MP Smart Hybrid Light with ColorVu Fixed Mini Dome Network Camera","https://www.hikvision.com/en/products/IP-Products/Network-Cameras/Pro-Series-EasyIP-/ds-2cd2187g3-li-s2u-y/","Min. Illumination","Color: 0.0005 Lux @ (F1.0, AGC ON),0 Lux with light"
"hikvision","Pro","EasyIP 4.0 Plus with ColorVu","DS-2CD2187G3-LI(S2U)Y","8 MP Smart Hybrid Light with ColorVu Fixed Mini Dome Network Camera","https://www.hikvision.com/en/products/IP-Products/Network-Cameras/Pro-Series-EasyIP-/ds-2cd2187g3-li-s2u-y/","Shutter Time","1 s to 1/100,000 s"
"hikvision","Pro","EasyIP 4.0 Plus with ColorVu","DS-2CD2187G3-LI(S2U)Y","8 MP Smart Hybrid Light with ColorVu Fixed Mini Dome Network Camera","https://www.hikvision.com/en/products/IP-Products/Network-Cameras/Pro-Series-EasyIP-/ds-2cd2187g3-li-s2u-y/","Day & Night","IR cut filter"
"hikvision","Pro","EasyIP 4.0 Plus with ColorVu","DS-2CD2187G3-LI(S2U)Y","8 MP Smart Hybrid Light with ColorVu Fixed Mini Dome Network Camera","https://www.hikvision.com/en/products/IP-Products/Network-Cameras/Pro-Series-EasyIP-/ds-2cd2187g3-li-s2u-y/","Angle Adjustment","Pan: 0° to 355°,tilt: 0° to 75°,rotate: 0° to 355°"
"hikvision","Pro","EasyIP 4.0 Plus with ColorVu","DS-2CD2187G3-LI(S2U)Y","8 MP Smart Hybrid Light with ColorVu Fixed Mini Dome Network Camera","https://www.hikvision.com/en/products/IP-Products/Network-Cameras/Pro-Series-EasyIP-/ds-2cd2187g3-li-s2u-y/","Lens Type","Fixed focal lens, 2.8 and 4 mm optional"
"hikvision","Pro","EasyIP 4.0 Plus with ColorVu","DS-2CD2187G3-LI(S2U)Y","8 MP Smart Hybrid Light with ColorVu Fixed Mini Dome Network Camera","https://www.hikvision.com/en/products/IP-Products/Network-Cameras/Pro-Series-EasyIP-/ds-2cd2187g3-li-s2u-y/","Focal Length & FOV","2.8 mm, horizontal FOV 108.8°, vertical FOV 56.4°, diagonal FOV 134.3°\n4 mm, horizontal FOV 93.3°, vertical FOV 47.2°, diagonal FOV 114.2°"
"hikvision","Pro","EasyIP 4.0 Plus with ColorVu","DS-2CD2187G3-LI(S2U)Y","8 MP Smart Hybrid Light with ColorVu Fixed Mini Dome Network Camera","https://www.hikvision.com/en/products/IP-Products/Network-Cameras/Pro-Series-EasyIP-/ds-2cd2187g3-li-s2u-y/","Lens Mount","M16"
"hikvision","Pro","EasyIP 4.0 Plus with ColorVu","DS-2CD2187G3-LI(S2U)Y","8 MP Smart Hybrid Light with ColorVu Fixed Mini Dome Network Camera","https://www.hikvision.com/en/products/IP-Products/Network-Cameras/Pro-Series-EasyIP-/ds-2cd2187g3-li-s2u-y/","Iris Type","Fixed"
"hikvision","Pro","EasyIP 4.0 Plus with ColorVu","DS-2CD2187G3-LI(S2U)Y","8 MP Smart Hybrid Light with ColorVu Fixed Mini Dome Network Camera","https://www.hikvision.com/en/products/IP-Products/Network-Cameras/Pro-Series-EasyIP-/ds-2cd2187g3-li-s2u-y/","Aperture","F1.0"
"hikvision","Pro","EasyIP 4.0 Plus with ColorVu","DS-2CD2187G3-LI(S2U)Y","8 MP Smart Hybrid Light with ColorVu Fixed Mini Dome Network Camera","https://www.hikvision.com/en/products/IP-Products/Network-Cameras/Pro-Series-EasyIP-/ds-2cd2187g3-li-s2u-y/","Depth Of Field","2.8 mm: 3.3 m to ∞\n4 mm: 3.8 m to ∞"
"hikvision","Pro","EasyIP 4.0 Plus with ColorVu","DS-2CD2187G3-LI(S2U)Y","8 MP Smart Hybrid Light with ColorVu Fixed Mini Dome Network Camera","https://www.hikvision.com/en/products/IP-Products/Network-Cameras/Pro-Series-EasyIP-/ds-2cd2187g3-li-s2u-y/","DORI","2.8 mm: D: 89 m, O: 35 m, R: 17 m, I: 8 m\n4 mm: D: 109 m, O: 43 m, R: 21 m, I: 10 m"
"hikvision","Pro","EasyIP 4.0 Plus with ColorVu","DS-2CD2187G3-LI(S2U)Y","8 MP Smart Hybrid Light with ColorVu Fixed Mini Dome Network Camera","https://www.hikvision.com/en/products/IP-Products/Network-Cameras/Pro-Series-EasyIP-/ds-2cd2187g3-li-s2u-y/","Supplement Light Type","White Light,IR"
"hikvision","Pro","EasyIP 4.0 Plus with ColorVu","DS-2CD2187G3-LI(S2U)Y","8 MP Smart Hybrid Light with ColorVu Fixed Mini Dome Network Camera","https://www.hikvision.com/en/products/IP-Products/Network-Cameras/Pro-Series-EasyIP-/ds-2cd2187g3-li-s2u-y/","Supplement Light Range","Up to 30 m"
"hikvision","Pro","EasyIP 4.0 Plus with ColorVu","DS-2CD2187G3-LI(S2U)Y","8 MP Smart Hybrid Light with ColorVu Fixed Mini Dome Network Camera","https://www.hikvision.com/en/products/IP-Products/Network-Cameras/Pro-Series-EasyIP-/ds-2cd2187g3-li-s2u-y/","Smart Supplement Light","Yes"
"hikvision","Pro","EasyIP 4.0 Plus with ColorVu","DS-2CD2187G3-LI(S2U)Y","8 MP Smart Hybrid Light with ColorVu Fixed Mini Dome Network Camera","https://www.hikvision.com/en/products/IP-Products/Network-Cameras/Pro-Series-EasyIP-/ds-2cd2187g3-li-s2u-y/","IR Wavelength","850 nm"
"hikvision","Pro","EasyIP 4.0 Plus with ColorVu","DS-2CD2187G3-LI(S2U)Y","8 MP Smart Hybrid Light with ColorVu Fixed Mini Dome Network Camera","https://www.hikvision.com/en/products/IP-Products/Network-Cameras/Pro-Series-EasyIP-/ds-2cd2187g3-li-s2u-y/","Main Stream","50 Hz:\n25 fps (3840 × 2160, 3200 × 1800, 2688 × 1520, 1920 × 1080, 1280 × 720)\n60 Hz:\n30 fps (3840 × 2160，3200 × 1800, 2688 × 1520, 1920 × 1080, 1280 × 720)"
"hikvision","Pro","EasyIP 4.0 Plus with ColorVu","DS-2CD2187G3-LI(S2U)Y","8 MP Smart Hybrid Light with ColorVu Fixed Mini Dome Network Camera","https://www.hikvision.com/en/products/IP-Products/Network-Cameras/Pro-Series-EasyIP-/ds-2cd2187g3-li-s2u-y/","Sub-Stream","50 Hz: 25 fps (1280 × 720, 640 × 480, 640 × 360)\n60 Hz: 30 fps (1280 × 720, 640 × 480, 640 × 360)"
"hikvision","Pro","EasyIP 4.0 Plus with ColorVu","DS-2CD2187G3-LI(S2U)Y","8 MP Smart Hybrid Light with ColorVu Fixed Mini Dome Network Camera","https://www.hikvision.com/en/products/IP-Products/Network-Cameras/Pro-Series-EasyIP-/ds-2cd2187g3-li-s2u-y/","Third Stream","50 Hz: 10 fps (1920 × 1080, 1280 × 720, 640 × 480, 640 × 360)\n60 Hz: 10 fps (1920 × 1080, 1280 × 720, 640 × 480, 640 × 360)\n*Third stream is supported under certain settings."
"hikvision","Pro","EasyIP 4.0 Plus with ColorVu","DS-2CD2187G3-LI(S2U)Y","8 MP Smart Hybrid Light with ColorVu Fixed Mini Dome Network Camera","https://www.hikvision.com/en/products/IP-Products/Network-Cameras/Pro-Series-EasyIP-/ds-2cd2187g3-li-s2u-y/","Video Compression","Main stream: H.265/H.264/H.264+/H.265+,\nSub-stream: H.265/H.264/MJPEG,\nThird stream: H.265/H.264,\n*Third stream is supported under certain settings."
"hikvision","Pro","EasyIP 4.0 Plus with ColorVu","DS-2CD2187G3-LI(S2U)Y","8 MP Smart Hybrid Light with ColorVu Fixed Mini Dome Network Camera","https://www.hikvision.com/en/products/IP-Products/Network-Cameras/Pro-Series-EasyIP-/ds-2cd2187g3-li-s2u-y/","Video Bit Rate","32 Kbps to 16 Mbps"
"hikvision","Pro","EasyIP 4.0 Plus with ColorVu","DS-2CD2187G3-LI(S2U)Y","8 MP Smart Hybrid Light with ColorVu Fixed Mini Dome Network Camera","https://www.hikvision.com/en/products/IP-Products/Network-Cameras/Pro-Series-EasyIP-/ds-2cd2187g3-li-s2u-y/","H.264 Type","Baseline Profile,Main Profile,High Profile"
"hikvision","Pro","EasyIP 4.0 Plus with ColorVu","DS-2CD2187G3-LI(S2U)Y","8 MP Smart Hybrid Light with ColorVu Fixed Mini Dome Network Camera","https://www.hikvision.com/en/products/IP-Products/Network-Cameras/Pro-Series-EasyIP-/ds-2cd2187g3-li-s2u-y/","H.265 Type","Main Profile"
"hikvision","Pro","EasyIP 4.0 Plus with ColorVu","DS-2CD2187G3-LI(S2U)Y","8 MP Smart Hybrid Light with ColorVu Fixed Mini Dome Network Camera","https://www.hikvision.com/en/products/IP-Products/Network-Cameras/Pro-Series-EasyIP-/ds-2cd2187g3-li-s2u-y/","Bit Rate Control","CBR,VBR"
"hikvision","Pro","EasyIP 4.0 Plus with ColorVu","DS-2CD2187G3-LI(S2U)Y","8 MP Smart Hybrid Light with ColorVu Fixed Mini Dome Network Camera","https://www.hikvision.com/en/products/IP-Products/Network-Cameras/Pro-Series-EasyIP-/ds-2cd2187g3-li-s2u-y/","Scalable Video Coding (SVC)","H.264 and H.265 encoding"
"hikvision","Pro","EasyIP 4.0 Plus with ColorVu","DS-2CD2187G3-LI(S2U)Y","8 MP Smart Hybrid Light with ColorVu Fixed Mini Dome Network Camera","https://www.hikvision.com/en/products/IP-Products/Network-Cameras/Pro-Series-EasyIP-/ds-2cd2187g3-li-s2u-y/","Region Of Interest (ROI)","1 fixed region for main stream"
"hikvision","Pro","EasyIP 4.0 Plus with ColorVu","DS-2CD2187G3-LI(S2U)Y","8 MP Smart Hybrid Light with ColorVu Fixed Mini Dome Network Camera","https://www.hikvision.com/en/products/IP-Products/Network-Cameras/Pro-Series-EasyIP-/ds-2cd2187g3-li-s2u-y/","Audio Type","-2U: Mono sound"
"hikvision","Pro","EasyIP 4.0 Plus with ColorVu","DS-2CD2187G3-LI(S2U)Y","8 MP Smart Hybrid Light with ColorVu Fixed Mini Dome Network Camera","https://www.hikvision.com/en/products/IP-Products/Network-Cameras/Pro-Series-EasyIP-/ds-2cd2187g3-li-s2u-y/","Audio Bit Rate","-2U: 64 Kbps (G.711ulaw/G.711alaw)/16 Kbps (G.722.1)/16 Kbps (G.726)/16 Kbps to 64 Kbps (AAC-LC)/32 to 192 Kbps (MP2L2)/8 to 320 Kbps (MP3)"
"hikvision","Pro","EasyIP 4.0 Plus with ColorVu","DS-2CD2187G3-LI(S2U)Y","8 MP Smart Hybrid Light with ColorVu Fixed Mini Dome Network Camera","https://www.hikvision.com/en/products/IP-Products/Network-Cameras/Pro-Series-EasyIP-/ds-2cd2187g3-li-s2u-y/","Audio Compression","-2U: G.711/G.722.1/G.726/MP2L2/PCM/MP3/AAC-LC"
"hikvision","Pro","EasyIP 4.0 Plus with ColorVu","DS-2CD2187G3-LI(S2U)Y","8 MP Smart Hybrid Light with ColorVu Fixed Mini Dome Network Camera","https://www.hikvision.com/en/products/IP-Products/Network-Cameras/Pro-Series-EasyIP-/ds-2cd2187g3-li-s2u-y/","Audio Sampling Rate","-2U: 8 kHz/16 kHz/32 kHz/48 kHz"
"hikvision","Pro","EasyIP 4.0 Plus with ColorVu","DS-2CD2187G3-LI(S2U)Y","8 MP Smart Hybrid Light with ColorVu Fixed Mini Dome Network Camera","https://www.hikvision.com/en/products/IP-Products/Network-Cameras/Pro-Series-EasyIP-/ds-2cd2187g3-li-s2u-y/","Environment Noise Filtering","-2U: Yes"
"hikvision","Pro","EasyIP 4.0 Plus with ColorVu","DS-2CD2187G3-LI(S2U)Y","8 MP Smart Hybrid Light with ColorVu Fixed Mini Dome Network Camera","https://www.hikvision.com/en/products/IP-Products/Network-Cameras/Pro-Series-EasyIP-/ds-2cd2187g3-li-s2u-y/","Protocols","TCP/IP, ICMP, HTTP, HTTPS, FTP, DHCP, DNS, DDNS, RTP, RTSP, RTCP, NTP, UPnP, SMTP, IGMP, 802.1X, QoS, IPv4, IPv6, UDP, Bonjour, SSL/TLS, PPPoE, SNMP, WebSocket, WebSockets, SRTP, SFTP"
"hikvision","Pro","EasyIP 4.0 Plus with ColorVu","DS-2CD2187G3-LI(S2U)Y","8 MP Smart Hybrid Light with ColorVu Fixed Mini Dome Network Camera","https://www.hikvision.com/en/products/IP-Products/Network-Cameras/Pro-Series-EasyIP-/ds-2cd2187g3-li-s2u-y/","Simultaneous Live View","Up to 6 channels"
"hikvision","Pro","EasyIP 4.0 Plus with ColorVu","DS-2CD2187G3-LI(S2U)Y","8 MP Smart Hybrid Light with ColorVu Fixed Mini Dome Network Camera","https://www.hikvision.com/en/products/IP-Products/Network-Cameras/Pro-Series-EasyIP-/ds-2cd2187g3-li-s2u-y/","API","ONVIF (Profile S, Profile G, Profile T),ISAPI,SDK,ISUP"
"hikvision","Pro","EasyIP 4.0 Plus with ColorVu","DS-2CD2187G3-LI(S2U)Y","8 MP Smart Hybrid Light with ColorVu Fixed Mini Dome Network Camera","https://www.hikvision.com/en/products/IP-Products/Network-Cameras/Pro-Series-EasyIP-/ds-2cd2187g3-li-s2u-y/","User/Host","Up to 32 users\n3 user levels: administrator, operator, and user"
"hikvision","Pro","EasyIP 4.0 Plus with ColorVu","DS-2CD2187G3-LI(S2U)Y","8 MP Smart Hybrid Light with ColorVu Fixed Mini Dome Network Camera","https://www.hikvision.com/en/products/IP-Products/Network-Cameras/Pro-Series-EasyIP-/ds-2cd2187g3-li-s2u-y/","Security","Password protection, complicated password, HTTPS encryption, 802.1X authentication (EAP-TLS, EAP-LEAP, EAP-MD5), watermark, IP address filter, basic and digest authentication for HTTP/HTTPS, WSSE and digest authentication for Open Network Video Interface, RTP/RTSP over HTTPS, control timeout settings, security audit log, TLS 1.1/1.2/1.3, host authentication (MAC address)"
"hikvision","Pro","EasyIP 4.0 Plus with ColorVu","DS-2CD2187G3-LI(S2U)Y","8 MP Smart Hybrid Light with ColorVu Fixed Mini Dome Network Camera","https://www.hikvision.com/en/products/IP-Products/Network-Cameras/Pro-Series-EasyIP-/ds-2cd2187g3-li-s2u-y/","Network Storage","NAS (NFS, SMB/CIFS),Auto Network Replenishment (ANR)"
"hikvision","Pro","EasyIP 4.0 Plus with ColorVu","DS-2CD2187G3-LI(S2U)Y","8 MP Smart Hybrid Light with ColorVu Fixed Mini Dome Network Camera","https://www.hikvision.com/en/products/IP-Products/Network-Cameras/Pro-Series-EasyIP-/ds-2cd2187g3-li-s2u-y/","Client","iVMS-4200,Hik-Connect,Hik-Central"
"hikvision","Pro","EasyIP 4.0 Plus with ColorVu","DS-2CD2187G3-LI(S2U)Y","8 MP Smart Hybrid Light with ColorVu Fixed Mini Dome Network Camera","https://www.hikvision.com/en/products/IP-Products/Network-Cameras/Pro-Series-EasyIP-/ds-2cd2187g3-li-s2u-y/","Web Browser","Plug-in free live view: Chrome 80+, Firefox 80+, Edge 89+,\nLocal service: Chrome 80+, Firefox 80+, Edge 89+"
"hikvision","Pro","EasyIP 4.0 Plus with ColorVu","DS-2CD2187G3-LI(S2U)Y","8 MP Smart Hybrid Light with ColorVu Fixed Mini Dome Network Camera","https://www.hikvision.com/en/products/IP-Products/Network-Cameras/Pro-Series-EasyIP-/ds-2cd2187g3-li-s2u-y/","Image Parameters Switch","Yes"
"hikvision","Pro","EasyIP 4.0 Plus with ColorVu","DS-2CD2187G3-LI(S2U)Y","8 MP Smart Hybrid Light with ColorVu Fixed Mini Dome Network Camera","https://www.hikvision.com/en/products/IP-Products/Network-Cameras/Pro-Series-EasyIP-/ds-2cd2187g3-li-s2u-y/","Image Settings","Rotate mode,saturation,brightness,contrast,sharpness,gain,white balance,adjustable by client software or web browser"
"hikvision","Pro","EasyIP 4.0 Plus with ColorVu","DS-2CD2187G3-LI(S2U)Y","8 MP Smart Hybrid Light with ColorVu Fixed Mini Dome Network Camera","https://www.hikvision.com/en/products/IP-Products/Network-Cameras/Pro-Series-EasyIP-/ds-2cd2187g3-li-s2u-y/","Day/Night Switch","Day,Night,Auto,Schedule"
"hikvision","Pro","EasyIP 4.0 Plus with ColorVu","DS-2CD2187G3-LI(S2U)Y","8 MP Smart Hybrid Light with ColorVu Fixed Mini Dome Network Camera","https://www.hikvision.com/en/products/IP-Products/Network-Cameras/Pro-Series-EasyIP-/ds-2cd2187g3-li-s2u-y/","Image Enhancement","BLC,HLC,3D DNR,Distortion Correction,Defog"
"hikvision","Pro","EasyIP 4.0 Plus with ColorVu","DS-2CD2187G3-LI(S2U)Y","8 MP Smart Hybrid Light with ColorVu Fixed Mini Dome Network Camera","https://www.hikvision.com/en/products/IP-Products/Network-Cameras/Pro-Series-EasyIP-/ds-2cd2187g3-li-s2u-y/","SNR","≥ 52 dB"
"hikvision","Pro","EasyIP 4.0 Plus with ColorVu","DS-2CD2187G3-LI(S2U)Y","8 MP Smart Hybrid Light with ColorVu Fixed Mini Dome Network Camera","https://www.hikvision.com/en/products/IP-Products/Network-Cameras/Pro-Series-EasyIP-/ds-2cd2187g3-li-s2u-y/","Wide Dynamic Range (WDR)","130 dB"
"hikvision","Pro","EasyIP 4.0 Plus with ColorVu","DS-2CD2187G3-LI(S2U)Y","8 MP Smart Hybrid Light with ColorVu Fixed Mini Dome Network Camera","https://www.hikvision.com/en/products/IP-Products/Network-Cameras/Pro-Series-EasyIP-/ds-2cd2187g3-li-s2u-y/","Image Stabilization","EIS"
"hikvision","Pro","EasyIP 4.0 Plus with ColorVu","DS-2CD2187G3-LI(S2U)Y","8 MP Smart Hybrid Light with ColorVu Fixed Mini Dome Network Camera","https://www.hikvision.com/en/products/IP-Products/Network-Cameras/Pro-Series-EasyIP-/ds-2cd2187g3-li-s2u-y/","Privacy Mask","4 programmable polygon privacy masks"
"hikvision","Pro","EasyIP 4.0 Plus with ColorVu","DS-2CD2187G3-LI(S2U)Y","8 MP Smart Hybrid Light with ColorVu Fixed Mini Dome Network Camera","https://www.hikvision.com/en/products/IP-Products/Network-Cameras/Pro-Series-EasyIP-/ds-2cd2187g3-li-s2u-y/","Ethernet Interface","1 RJ45 10 M/100 M self-adaptive Ethernet port"
"hikvision","Pro","EasyIP 4.0 Plus with ColorVu","DS-2CD2187G3-LI(S2U)Y","8 MP Smart Hybrid Light with ColorVu Fixed Mini Dome Network Camera","https://www.hikvision.com/en/products/IP-Products/Network-Cameras/Pro-Series-EasyIP-/ds-2cd2187g3-li-s2u-y/","On-Board Storage","Built-in memory card slot, support microSD/microSDHC/microSDXC card, up to 512 GB"
"hikvision","Pro","EasyIP 4.0 Plus with ColorVu","DS-2CD2187G3-LI(S2U)Y","8 MP Smart Hybrid Light with ColorVu Fixed Mini Dome Network Camera","https://www.hikvision.com/en/products/IP-Products/Network-Cameras/Pro-Series-EasyIP-/ds-2cd2187g3-li-s2u-y/","Audio","-S2U models support:\nBuilt-in Microphone: Arrayed dual-microphone\n1 input (line in), two-core terminal block, max. input amplitude: 3.3 Vpp, input impedance: 4.7 KΩ, interface type: non-equilibrium,\n1 output (line out), two-core terminal block, max. output amplitude: 3.3 Vpp, output impedance: 100 Ω, interface type: non-equilibrium"
"hikvision","Pro","EasyIP 4.0 Plus with ColorVu","DS-2CD2187G3-LI(S2U)Y","8 MP Smart Hybrid Light with ColorVu Fixed Mini Dome Network Camera","https://www.hikvision.com/en/products/IP-Products/Network-Cameras/Pro-Series-EasyIP-/ds-2cd2187g3-li-s2u-y/","Alarm","-S: 1 input, 1 output (max. 24 VAC/VDC, 1A)"
"hikvision","Pro","EasyIP 4.0 Plus with ColorVu","DS-2CD2187G3-LI(S2U)Y","8 MP Smart Hybrid Light with ColorVu Fixed Mini Dome Network Camera","https://www.hikvision.com/en/products/IP-Products/Network-Cameras/Pro-Series-EasyIP-/ds-2cd2187g3-li-s2u-y/","Reset Key","Yes"
"hikvision","Pro","EasyIP 4.0 Plus with ColorVu","DS-2CD2187G3-LI(S2U)Y","8 MP Smart Hybrid Light with ColorVu Fixed Mini Dome Network Camera","https://www.hikvision.com/en/products/IP-Products/Network-Cameras/Pro-Series-EasyIP-/ds-2cd2187g3-li-s2u-y/","Basic Event","Motion detection (support alarm triggering by specified target types (human and vehicle)),video tampering alarm,exception"
"hikvision","Pro","EasyIP 4.0 Plus with ColorVu","DS-2CD2187G3-LI(S2U)Y","8 MP Smart Hybrid Light with ColorVu Fixed Mini Dome Network Camera","https://www.hikvision.com/en/products/IP-Products/Network-Cameras/Pro-Series-EasyIP-/ds-2cd2187g3-li-s2u-y/","Linkage","Upload to FTP/NAS/memory card,notify surveillance center,trigger recording,trigger capture,send email,-S model: trigger alarm output"
"hikvision","Pro","EasyIP 4.0 Plus with ColorVu","DS-2CD2187G3-LI(S2U)Y","8 MP Smart Hybrid Light with ColorVu Fixed Mini Dome Network Camera","https://www.hikvision.com/en/products/IP-Products/Network-Cameras/Pro-Series-EasyIP-/ds-2cd2187g3-li-s2u-y/","Smart Event","Scene change detection"
"hikvision","Pro","EasyIP 4.0 Plus with ColorVu","DS-2CD2187G3-LI(S2U)Y","8 MP Smart Hybrid Light with ColorVu Fixed Mini Dome Network Camera","https://www.hikvision.com/en/products/IP-Products/Network-Cameras/Pro-Series-EasyIP-/ds-2cd2187g3-li-s2u-y/","Face Capture","Yes"
"hikvision","Pro","EasyIP 4.0 Plus with ColorVu","DS-2CD2187G3-LI(S2U)Y","8 MP Smart Hybrid Light with ColorVu Fixed Mini Dome Network Camera","https://www.hikvision.com/en/products/IP-Products/Network-Cameras/Pro-Series-EasyIP-/ds-2cd2187g3-li-s2u-y/","Perimeter Protection","Line crossing, intrusion, region entrance, region exiting\nSupport alarm triggering by specified target types (human and vehicle)"
"hikvision","Pro","EasyIP 4.0 Plus with ColorVu","DS-2CD2187G3-LI(S2U)Y","8 MP Smart Hybrid Light with ColorVu Fixed Mini Dome Network Camera","https://www.hikvision.com/en/products/IP-Products/Network-Cameras/Pro-Series-EasyIP-/ds-2cd2187g3-li-s2u-y/","Power","12 VDC ± 25%, 0.75 A, max. 9 W,Ø5.5 mm coaxial power plug,reverse polarity protection,\nPoE: IEEE 802.3af, Class 3, max. 10.5 W"
"hikvision","Pro","EasyIP 4.0 Plus with ColorVu","DS-2CD2187G3-LI(S2U)Y","8 MP Smart Hybrid Light with ColorVu Fixed Mini Dome Network Camera","https://www.hikvision.com/en/products/IP-Products/Network-Cameras/Pro-Series-EasyIP-/ds-2cd2187g3-li-s2u-y/","Material","Base: aluminum alloy, cover: aluminum alloy"
"hikvision","Pro","EasyIP 4.0 Plus with ColorVu","DS-2CD2187G3-LI(S2U)Y","8 MP Smart Hybrid Light with ColorVu Fixed Mini Dome Network Camera","https://www.hikvision.com/en/products/IP-Products/Network-Cameras/Pro-Series-EasyIP-/ds-2cd2187g3-li-s2u-y/","Dimension","Ø121.5 mm × 97.6 mm (Ø4.78\" × 3.84\")"
"hikvision","Pro","EasyIP 4.0 Plus with ColorVu","DS-2CD2187G3-LI(S2U)Y","8 MP Smart Hybrid Light with ColorVu Fixed Mini Dome Network Camera","https://www.hikvision.com/en/products/IP-Products/Network-Cameras/Pro-Series-EasyIP-/ds-2cd2187g3-li-s2u-y/","Package Dimension","150 mm × 150 mm × 141 mm (5.91\" × 5.91\" × 5.55\")"
"hikvision","Pro","EasyIP 4.0 Plus with ColorVu","DS-2CD2187G3-LI(S2U)Y","8 MP Smart Hybrid Light with ColorVu Fixed Mini Dome Network Camera","https://www.hikvision.com/en/products/IP-Products/Network-Cameras/Pro-Series-EasyIP-/ds-2cd2187g3-li-s2u-y/","Weight","Approx. 600 g (1.32 lb.)"
"hikvision","Pro","EasyIP 4.0 Plus with ColorVu","DS-2CD2187G3-LI(S2U)Y","8 MP Smart Hybrid Light with ColorVu Fixed Mini Dome Network Camera","https://www.hikvision.com/en/products/IP-Products/Network-Cameras/Pro-Series-EasyIP-/ds-2cd2187g3-li-s2u-y/","With Package Weight","Approx. 825 g (1.82 lb.)"
"hikvision","Pro","EasyIP 4.0 Plus with ColorVu","DS-2CD2187G3-LI(S2U)Y","8 MP Smart Hybrid Light with ColorVu Fixed Mini Dome Network Camera","https://www.hikvision.com/en/products/IP-Products/Network-Cameras/Pro-Series-EasyIP-/ds-2cd2187g3-li-s2u-y/","Storage Conditions","-30 °C to 60 °C (-22 °F to 140 °F). Humidity 95% or less (non-condensing)"
"hikvision","Pro","EasyIP 4.0 Plus with ColorVu","DS-2CD2187G3-LI(S2U)Y","8 MP Smart Hybrid Light with ColorVu Fixed Mini Dome Network Camera","https://www.hikvision.com/en/products/IP-Products/Network-Cameras/Pro-Series-EasyIP-/ds-2cd2187g3-li-s2u-y/","Startup And Operating Conditions","-30 °C to 60 °C (-22 °F to 140 °F). Humidity 95% or less (non-condensing)"
"hikvision","Pro","EasyIP 4.0 Plus with ColorVu","DS-2CD2187G3-LI(S2U)Y","8 MP Smart Hybrid Light with ColorVu Fixed Mini Dome Network Camera","https://www.hikvision.com/en/products/IP-Products/Network-Cameras/Pro-Series-EasyIP-/ds-2cd2187g3-li-s2u-y/","General Function","Heartbeat,mirror,flash log,password reset via email,pixel counter,anti-banding"
"hikvision","Pro","EasyIP 4.0 Plus with ColorVu","DS-2CD2187G3-LI(S2U)Y","8 MP Smart Hybrid Light with ColorVu Fixed Mini Dome Network Camera","https://www.hikvision.com/en/products/IP-Products/Network-Cameras/Pro-Series-EasyIP-/ds-2cd2187g3-li-s2u-y/","Language","33 languages: English, Russian, Estonian, Bulgarian, Hungarian, Greek, German, Italian, Czech, Slovak, French, Polish, Dutch, Portuguese, Spanish, Romanian, Danish, Swedish, Norwegian, Finnish, Croatian, Slovenian, Serbian, Turkish, Korean, Traditional Chinese, Thai, Vietnamese, Japanese, Latvian, Lithuanian, Portuguese (Brazil), Ukrainian"
"hikvision","Pro","EasyIP 4.0 Plus with ColorVu","DS-2CD2187G3-LI(S2U)Y","8 MP Smart Hybrid Light with ColorVu Fixed Mini Dome Network Camera","https://www.hikvision.com/en/products/IP-Products/Network-Cameras/Pro-Series-EasyIP-/ds-2cd2187g3-li-s2u-y/","EMC","CE-EMC: EN 55032:2015+A1:2020, EN 50130-4:2011+A1:2014, EN IEC 61000-3-2:2019+A1:2021, EN 61000-3-3:2013+A1:2019+A2:2021,\nRCM: AS/NZS CISPR 32: 2015,\nIC: ICES-003: Issue 7,\nKC: KN32: 2015, KN35: 2015"
"hikvision","Pro","EasyIP 4.0 Plus with ColorVu","DS-2CD2187G3-LI(S2U)Y","8 MP Smart Hybrid Light with ColorVu Fixed Mini Dome Network Camera","https://www.hikvision.com/en/products/IP-Products/Network-Cameras/Pro-Series-EasyIP-/ds-2cd2187g3-li-s2u-y/","Safety","UL: UL 62368-1,\nCB: IEC 62368-1: 2014+A11,\nCE-LVD: EN 62368-1: 2014/A11: 2017,\nBIS: IS 13252 (Part 1): 2010/IEC 60950-1: 2005"
"hikvision","Pro","EasyIP 4.0 Plus with ColorVu","DS-2CD2187G3-LI(S2U)Y","8 MP Smart Hybrid Light with ColorVu Fixed Mini Dome Network Camera","https://www.hikvision.com/en/products/IP-Products/Network-Cameras/Pro-Series-EasyIP-/ds-2cd2187g3-li-s2u-y/","Environment","CE-RoHS: 2011/65/EU,\nWEEE: 2012/19/EU,\nReach: Regulation (EC) No 1907/2006"
"hikvision","Pro","EasyIP 4.0 Plus with ColorVu","DS-2CD2187G3-LI(S2U)Y","8 MP Smart Hybrid Light with ColorVu Fixed Mini Dome Network Camera","https://www.hikvision.com/en/products/IP-Products/Network-Cameras/Pro-Series-EasyIP-/ds-2cd2187g3-li-s2u-y/","Protection","IP67: IEC 60529-2013,IK10: IEC 62262:2002"
"hikvision","Pro","EasyIP 4.0 Plus with ColorVu","DS-2CD2187G3-LI(S2U)Y","8 MP Smart Hybrid Light with ColorVu Fixed Mini Dome Network Camera","https://www.hikvision.com/en/products/IP-Products/Network-Cameras/Pro-Series-EasyIP-/ds-2cd2187g3-li-s2u-y/","Anti-Corrosion Protection","NEMA 4X (NEMA 250-2018)"
"hikvision","Pro","EasyIP 4.0 Plus with AcuSense","DS-2CD23126G3-IS2UY/S(L)(RB)","12MP Acusense Strobe Light and Audible Warning Fixed Turret Network Camera","https://www.hikvision.com/en/products/IP-Products/Network-Cameras/Pro-Series-EasyIP-/ds-2cd23126g3-is2uy-s-l--rb-/","Image Sensor","1/1.8\" Progressive Scan CMOS"
"hikvision","Pro","EasyIP 4.0 Plus with AcuSense","DS-2CD23126G3-IS2UY/S(L)(RB)","12MP Acusense Strobe Light and Audible Warning Fixed Turret Network Camera","https://www.hikvision.com/en/products/IP-Products/Network-Cameras/Pro-Series-EasyIP-/ds-2cd23126g3-is2uy-s-l--rb-/","Max. Resolution","4608 × 2592"
"hikvision","Pro","EasyIP 4.0 Plus with AcuSense","DS-2CD23126G3-IS2UY/S(L)(RB)","12MP Acusense Strobe Light and Audible Warning Fixed Turret Network Camera","https://www.hikvision.com/en/products/IP-Products/Network-Cameras/Pro-Series-EasyIP-/ds-2cd23126g3-is2uy-s-l--rb-/","Min. Illumination","Color: 0.0008 Lux @ (F1.6, AGC ON),B/W: 0 Lux with IR"
"hikvision","Pro","EasyIP 4.0 Plus with AcuSense","DS-2CD23126G3-IS2UY/S(L)(RB)","12MP Acusense Strobe Light and Audible Warning Fixed Turret Network Camera","https://www.hikvision.com/en/products/IP-Products/Network-Cameras/Pro-Series-EasyIP-/ds-2cd23126g3-is2uy-s-l--rb-/","Shutter Time","1 s to 1/100,000 s"
"hikvision","Pro","EasyIP 4.0 Plus with AcuSense","DS-2CD23126G3-IS2UY/S(L)(RB)","12MP Acusense Strobe Light and Audible Warning Fixed Turret Network Camera","https://www.hikvision.com/en/products/IP-Products/Network-Cameras/Pro-Series-EasyIP-/ds-2cd23126g3-is2uy-s-l--rb-/","Day & Night","IR cut filter"
"hikvision","Pro","EasyIP 4.0 Plus with AcuSense","DS-2CD23126G3-IS2UY/S(L)(RB)","12MP Acusense Strobe Light and Audible Warning Fixed Turret Network Camera","https://www.hikvision.com/en/products/IP-Products/Network-Cameras/Pro-Series-EasyIP-/ds-2cd23126g3-is2uy-s-l--rb-/","Angle Adjustment","Pan: 0° to 360°,tilt: 0° to 75°,rotate: 0° to 360°"
"hikvision","Pro","EasyIP 4.0 Plus with AcuSense","DS-2CD23126G3-IS2UY/S(L)(RB)","12MP Acusense Strobe Light and Audible Warning Fixed Turret Network Camera","https://www.hikvision.com/en/products/IP-Products/Network-Cameras/Pro-Series-EasyIP-/ds-2cd23126g3-is2uy-s-l--rb-/","Lens Type","Fixed focal lens, 2.8 and 4 mm optional"
"hikvision","Pro","EasyIP 4.0 Plus with AcuSense","DS-2CD23126G3-IS2UY/S(L)(RB)","12MP Acusense Strobe Light and Audible Warning Fixed Turret Network Camera","https://www.hikvision.com/en/products/IP-Products/Network-Cameras/Pro-Series-EasyIP-/ds-2cd23126g3-is2uy-s-l--rb-/","Focal Length & FOV","2.8 mm, horizontal FOV 94.2°, vertical FOV 51.1°, diagonal FOV 110.2°\n4 mm, horizontal FOV 73.1°, vertical FOV 40.2°, diagonal FOV 84.8°"
"hikvision","Pro","EasyIP 4.0 Plus with AcuSense","DS-2CD23126G3-IS2UY/S(L)(RB)","12MP Acusense Strobe Light and Audible Warning Fixed Turret Network Camera","https://www.hikvision.com/en/products/IP-Products/Network-Cameras/Pro-Series-EasyIP-/ds-2cd23126g3-is2uy-s-l--rb-/","Lens Mount","M16"
"hikvision","Pro","EasyIP 4.0 Plus with AcuSense","DS-2CD23126G3-IS2UY/S(L)(RB)","12MP Acusense Strobe Light and Audible Warning Fixed Turret Network Camera","https://www.hikvision.com/en/products/IP-Products/Network-Cameras/Pro-Series-EasyIP-/ds-2cd23126g3-is2uy-s-l--rb-/","Iris Type","Fixed"
"hikvision","Pro","EasyIP 4.0 Plus with AcuSense","DS-2CD23126G3-IS2UY/S(L)(RB)","12MP Acusense Strobe Light and Audible Warning Fixed Turret Network Camera","https://www.hikvision.com/en/products/IP-Products/Network-Cameras/Pro-Series-EasyIP-/ds-2cd23126g3-is2uy-s-l--rb-/","Aperture","F1.6"
"hikvision","Pro","EasyIP 4.0 Plus with AcuSense","DS-2CD23126G3-IS2UY/S(L)(RB)","12MP Acusense Strobe Light and Audible Warning Fixed Turret Network Camera","https://www.hikvision.com/en/products/IP-Products/Network-Cameras/Pro-Series-EasyIP-/ds-2cd23126g3-is2uy-s-l--rb-/","Depth Of Field","2.8 mm: 2.9 m to ∞\n4 mm: 3.5 m to ∞"
"hikvision","Pro","EasyIP 4.0 Plus with AcuSense","DS-2CD23126G3-IS2UY/S(L)(RB)","12MP Acusense Strobe Light and Audible Warning Fixed Turret Network Camera","https://www.hikvision.com/en/products/IP-Products/Network-Cameras/Pro-Series-EasyIP-/ds-2cd23126g3-is2uy-s-l--rb-/","DORI","2.8 mm: D: 117 m, O: 46 m, R: 23 m, I: 11 m\n4 mm: D: 148 m, O: 59 m, R: 29 m, I: 14 m"
"hikvision","Pro","EasyIP 4.0 Plus with AcuSense","DS-2CD23126G3-IS2UY/S(L)(RB)","12MP Acusense Strobe Light and Audible Warning Fixed Turret Network Camera","https://www.hikvision.com/en/products/IP-Products/Network-Cameras/Pro-Series-EasyIP-/ds-2cd23126g3-is2uy-s-l--rb-/","Supplement Light Type","IR"
"hikvision","Pro","EasyIP 4.0 Plus with AcuSense","DS-2CD23126G3-IS2UY/S(L)(RB)","12MP Acusense Strobe Light and Audible Warning Fixed Turret Network Camera","https://www.hikvision.com/en/products/IP-Products/Network-Cameras/Pro-Series-EasyIP-/ds-2cd23126g3-is2uy-s-l--rb-/","Supplement Light Range","Up to 40 m"
"hikvision","Pro","EasyIP 4.0 Plus with AcuSense","DS-2CD23126G3-IS2UY/S(L)(RB)","12MP Acusense Strobe Light and Audible Warning Fixed Turret Network Camera","https://www.hikvision.com/en/products/IP-Products/Network-Cameras/Pro-Series-EasyIP-/ds-2cd23126g3-is2uy-s-l--rb-/","Smart Supplement Light","Yes"
"hikvision","Pro","EasyIP 4.0 Plus with AcuSense","DS-2CD23126G3-IS2UY/S(L)(RB)","12MP Acusense Strobe Light and Audible Warning Fixed Turret Network Camera","https://www.hikvision.com/en/products/IP-Products/Network-Cameras/Pro-Series-EasyIP-/ds-2cd23126g3-is2uy-s-l--rb-/","IR Wavelength","850 nm"
"hikvision","Pro","EasyIP 4.0 Plus with AcuSense","DS-2CD23126G3-IS2UY/S(L)(RB)","12MP Acusense Strobe Light and Audible Warning Fixed Turret Network Camera","https://www.hikvision.com/en/products/IP-Products/Network-Cameras/Pro-Series-EasyIP-/ds-2cd23126g3-is2uy-s-l--rb-/","Main Stream","50Hz：\n20fps(4608 × 2592)\n25fps(3840 × 2160, 2688 × 1520, 1920 × 1080, 1280 × 720)\n60Hz：\n20fps(4608 × 2592)\n30fps(3840 × 2160, 2688 × 1520, 1920 × 1080, 1280 × 720)"
"hikvision","Pro","EasyIP 4.0 Plus with AcuSense","DS-2CD23126G3-IS2UY/S(L)(RB)","12MP Acusense Strobe Light and Audible Warning Fixed Turret Network Camera","https://www.hikvision.com/en/products/IP-Products/Network-Cameras/Pro-Series-EasyIP-/ds-2cd23126g3-is2uy-s-l--rb-/","Sub-Stream","50 Hz: 25 fps (1280 × 720, 640 × 480, 640 × 360)\n60 Hz: 30 fps (1280 × 720, 640 × 480, 640 × 360)"
"hikvision","Pro","EasyIP 4.0 Plus with AcuSense","DS-2CD23126G3-IS2UY/S(L)(RB)","12MP Acusense Strobe Light and Audible Warning Fixed Turret Network Camera","https://www.hikvision.com/en/products/IP-Products/Network-Cameras/Pro-Series-EasyIP-/ds-2cd23126g3-is2uy-s-l--rb-/","Third Stream","50 Hz: 10 fps (1920 × 1080, 1280 × 720, 640 × 480, 640 × 360)\n60 Hz: 10 fps (1920 × 1080, 1280 × 720, 640 × 480, 640 × 360)\n*Third stream is supported under certain settings."
"hikvision","Pro","EasyIP 4.0 Plus with AcuSense","DS-2CD23126G3-IS2UY/S(L)(RB)","12MP Acusense Strobe Light and Audible Warning Fixed Turret Network Camera","https://www.hikvision.com/en/products/IP-Products/Network-Cameras/Pro-Series-EasyIP-/ds-2cd23126g3-is2uy-s-l--rb-/","Video Compression","Main stream: H.265/H.264/H.264+/H.265+,\nSub-stream: H.265/H.264/MJPEG,\nThird stream: H.265/H.264,\n*Third stream is supported under certain settings."
"hikvision","Pro","EasyIP 4.0 Plus with AcuSense","DS-2CD23126G3-IS2UY/S(L)(RB)","12MP Acusense Strobe Light and Audible Warning Fixed Turret Network Camera","https://www.hikvision.com/en/products/IP-Products/Network-Cameras/Pro-Series-EasyIP-/ds-2cd23126g3-is2uy-s-l--rb-/","Video Bit Rate","32 Kbps to 24 Mbps"
"hikvision","Pro","EasyIP 4.0 Plus with AcuSense","DS-2CD23126G3-IS2UY/S(L)(RB)","12MP Acusense Strobe Light and Audible Warning Fixed Turret Network Camera","https://www.hikvision.com/en/products/IP-Products/Network-Cameras/Pro-Series-EasyIP-/ds-2cd23126g3-is2uy-s-l--rb-/","H.264 Type","Baseline Profile,Main Profile,High Profile"
"hikvision","Pro","EasyIP 4.0 Plus with AcuSense","DS-2CD23126G3-IS2UY/S(L)(RB)","12MP Acusense Strobe Light and Audible Warning Fixed Turret Network Camera","https://www.hikvision.com/en/products/IP-Products/Network-Cameras/Pro-Series-EasyIP-/ds-2cd23126g3-is2uy-s-l--rb-/","H.265 Type","Main Profile"
"hikvision","Pro","EasyIP 4.0 Plus with AcuSense","DS-2CD23126G3-IS2UY/S(L)(RB)","12MP Acusense Strobe Light and Audible Warning Fixed Turret Network Camera","https://www.hikvision.com/en/products/IP-Products/Network-Cameras/Pro-Series-EasyIP-/ds-2cd23126g3-is2uy-s-l--rb-/","Bit Rate Control","CBR,VBR"
"hikvision","Pro","EasyIP 4.0 Plus with AcuSense","DS-2CD23126G3-IS2UY/S(L)(RB)","12MP Acusense Strobe Light and Audible Warning Fixed Turret Network Camera","https://www.hikvision.com/en/products/IP-Products/Network-Cameras/Pro-Series-EasyIP-/ds-2cd23126g3-is2uy-s-l--rb-/","Scalable Video Coding (SVC)","H.264 and H.265 encoding"
"hikvision","Pro","EasyIP 4.0 Plus with AcuSense","DS-2CD23126G3-IS2UY/S(L)(RB)","12MP Acusense Strobe Light and Audible Warning Fixed Turret Network Camera","https://www.hikvision.com/en/products/IP-Products/Network-Cameras/Pro-Series-EasyIP-/ds-2cd23126g3-is2uy-s-l--rb-/","Region Of Interest (ROI)","1 fixed region for main stream"
"hikvision","Pro","EasyIP 4.0 Plus with AcuSense","DS-2CD23126G3-IS2UY/S(L)(RB)","12MP Acusense Strobe Light and Audible Warning Fixed Turret Network Camera","https://www.hikvision.com/en/products/IP-Products/Network-Cameras/Pro-Series-EasyIP-/ds-2cd23126g3-is2uy-s-l--rb-/","Audio Type","-2U: Mono sound"
"hikvision","Pro","EasyIP 4.0 Plus with AcuSense","DS-2CD23126G3-IS2UY/S(L)(RB)","12MP Acusense Strobe Light and Audible Warning Fixed Turret Network Camera","https://www.hikvision.com/en/products/IP-Products/Network-Cameras/Pro-Series-EasyIP-/ds-2cd23126g3-is2uy-s-l--rb-/","Audio Compression","-2U: G.711/G.722.1/G.726/MP2L2/PCM/MP3/AAC-LC"
"hikvision","Pro","EasyIP 4.0 Plus with AcuSense","DS-2CD23126G3-IS2UY/S(L)(RB)","12MP Acusense Strobe Light and Audible Warning Fixed Turret Network Camera","https://www.hikvision.com/en/products/IP-Products/Network-Cameras/Pro-Series-EasyIP-/ds-2cd23126g3-is2uy-s-l--rb-/","Audio Bit Rate","-2U: 64 Kbps (G.711ulaw/G.711alaw)/16 Kbps (G.722.1)/16 Kbps (G.726)/16 Kbps to 64 Kbps (AAC-LC)/32 to 192 Kbps (MP2L2)/8 to 320 Kbps (MP3)"
"hikvision","Pro","EasyIP 4.0 Plus with AcuSense","DS-2CD23126G3-IS2UY/S(L)(RB)","12MP Acusense Strobe Light and Audible Warning Fixed Turret Network Camera","https://www.hikvision.com/en/products/IP-Products/Network-Cameras/Pro-Series-EasyIP-/ds-2cd23126g3-is2uy-s-l--rb-/","Audio Sampling Rate","-2U: 8 kHz/16 kHz/32 kHz/48 kHz"
"hikvision","Pro","EasyIP 4.0 Plus with AcuSense","DS-2CD23126G3-IS2UY/S(L)(RB)","12MP Acusense Strobe Light and Audible Warning Fixed Turret Network Camera","https://www.hikvision.com/en/products/IP-Products/Network-Cameras/Pro-Series-EasyIP-/ds-2cd23126g3-is2uy-s-l--rb-/","Environment Noise Filtering","-2U: Yes"
"hikvision","Pro","EasyIP 4.0 Plus with AcuSense","DS-2CD23126G3-IS2UY/S(L)(RB)","12MP Acusense Strobe Light and Audible Warning Fixed Turret Network Camera","https://www.hikvision.com/en/products/IP-Products/Network-Cameras/Pro-Series-EasyIP-/ds-2cd23126g3-is2uy-s-l--rb-/","Protocols","TCP/IP, ICMP, HTTP, HTTPS, FTP, DHCP, DNS, DDNS, RTP, RTSP, RTCP, NTP, UPnP, SMTP, IGMP, 802.1X, QoS, IPv4, IPv6, UDP, Bonjour, SSL/TLS, PPPoE, SNMP, WebSocket, WebSockets, SRTP, SFTP"
"hikvision","Pro","EasyIP 4.0 Plus with AcuSense","DS-2CD23126G3-IS2UY/S(L)(RB)","12MP Acusense Strobe Light and Audible Warning Fixed Turret Network Camera","https://www.hikvision.com/en/products/IP-Products/Network-Cameras/Pro-Series-EasyIP-/ds-2cd23126g3-is2uy-s-l--rb-/","Simultaneous Live View","Up to 6 channels"
"hikvision","Pro","EasyIP 4.0 Plus with AcuSense","DS-2CD23126G3-IS2UY/S(L)(RB)","12MP Acusense Strobe Light and Audible Warning Fixed Turret Network Camera","https://www.hikvision.com/en/products/IP-Products/Network-Cameras/Pro-Series-EasyIP-/ds-2cd23126g3-is2uy-s-l--rb-/","API","ONVIF (Profile S, Profile G, Profile T),ISAPI,SDK,ISUP"
"hikvision","Pro","EasyIP 4.0 Plus with AcuSense","DS-2CD23126G3-IS2UY/S(L)(RB)","12MP Acusense Strobe Light and Audible Warning Fixed Turret Network Camera","https://www.hikvision.com/en/products/IP-Products/Network-Cameras/Pro-Series-EasyIP-/ds-2cd23126g3-is2uy-s-l--rb-/","User/Host","Up to 32 users\n3 user levels: administrator, operator, and user"
"hikvision","Pro","EasyIP 4.0 Plus with AcuSense","DS-2CD23126G3-IS2UY/S(L)(RB)","12MP Acusense Strobe Light and Audible Warning Fixed Turret Network Camera","https://www.hikvision.com/en/products/IP-Products/Network-Cameras/Pro-Series-EasyIP-/ds-2cd23126g3-is2uy-s-l--rb-/","Security","Password protection, complicated password, HTTPS encryption, 802.1X authentication (EAP-TLS, EAP-LEAP, EAP-MD5), watermark, IP address filter, basic and digest authentication for HTTP/HTTPS, WSSE and digest authentication for Open Network Video Interface, RTP/RTSP over HTTPS, control timeout settings, security audit log, TLS 1.1/1.2/1.3, host authentication (MAC address)"
"hikvision","Pro","EasyIP 4.0 Plus with AcuSense","DS-2CD23126G3-IS2UY/S(L)(RB)","12MP Acusense Strobe Light and Audible Warning Fixed Turret Network Camera","https://www.hikvision.com/en/products/IP-Products/Network-Cameras/Pro-Series-EasyIP-/ds-2cd23126g3-is2uy-s-l--rb-/","Network Storage","NAS (NFS, SMB/CIFS),Auto Network Replenishment (ANR)"
"hikvision","Pro","EasyIP 4.0 Plus with AcuSense","DS-2CD23126G3-IS2UY/S(L)(RB)","12MP Acusense Strobe Light and Audible Warning Fixed Turret Network Camera","https://www.hikvision.com/en/products/IP-Products/Network-Cameras/Pro-Series-EasyIP-/ds-2cd23126g3-is2uy-s-l--rb-/","Client","iVMS-4200,Hik-Connect,Hik-Central"
"hikvision","Pro","EasyIP 4.0 Plus with AcuSense","DS-2CD23126G3-IS2UY/S(L)(RB)","12MP Acusense Strobe Light and Audible Warning Fixed Turret Network Camera","https://www.hikvision.com/en/products/IP-Products/Network-Cameras/Pro-Series-EasyIP-/ds-2cd23126g3-is2uy-s-l--rb-/","Web Browser","Plug-in free live view: Chrome 80+, Firefox 80+, Edge 89+,\nLocal service: Chrome 80+, Firefox 80+, Edge 89+"
"hikvision","Pro","EasyIP 4.0 Plus with AcuSense","DS-2CD23126G3-IS2UY/S(L)(RB)","12MP Acusense Strobe Light and Audible Warning Fixed Turret Network Camera","https://www.hikvision.com/en/products/IP-Products/Network-Cameras/Pro-Series-EasyIP-/ds-2cd23126g3-is2uy-s-l--rb-/","Image Parameters Switch","Yes"
"hikvision","Pro","EasyIP 4.0 Plus with AcuSense","DS-2CD23126G3-IS2UY/S(L)(RB)","12MP Acusense Strobe Light and Audible Warning Fixed Turret Network Camera","https://www.hikvision.com/en/products/IP-Products/Network-Cameras/Pro-Series-EasyIP-/ds-2cd23126g3-is2uy-s-l--rb-/","Image Settings","Rotate mode,saturation,brightness,contrast,sharpness,gain,white balance,adjustable by client software or web browser"
"hikvision","Pro","EasyIP 4.0 Plus with AcuSense","DS-2CD23126G3-IS2UY/S(L)(RB)","12MP Acusense Strobe Light and Audible Warning Fixed Turret Network Camera","https://www.hikvision.com/en/products/IP-Products/Network-Cameras/Pro-Series-EasyIP-/ds-2cd23126g3-is2uy-s-l--rb-/","Day/Night Switch","Day,Night,Auto,Schedule"
"hikvision","Pro","EasyIP 4.0 Plus with AcuSense","DS-2CD23126G3-IS2UY/S(L)(RB)","12MP Acusense Strobe Light and Audible Warning Fixed Turret Network Camera","https://www.hikvision.com/en/products/IP-Products/Network-Cameras/Pro-Series-EasyIP-/ds-2cd23126g3-is2uy-s-l--rb-/","Image Enhancement","BLC,HLC,3D DNR,Distortion Correction,Defog"
"hikvision","Pro","EasyIP 4.0 Plus with AcuSense","DS-2CD23126G3-IS2UY/S(L)(RB)","12MP Acusense Strobe Light and Audible Warning Fixed Turret Network Camera","https://www.hikvision.com/en/products/IP-Products/Network-Cameras/Pro-Series-EasyIP-/ds-2cd23126g3-is2uy-s-l--rb-/","SNR","≥ 52 dB"
"hikvision","Pro","EasyIP 4.0 Plus with AcuSense","DS-2CD23126G3-IS2UY/S(L)(RB)","12MP Acusense Strobe Light and Audible Warning Fixed Turret Network Camera","https://www.hikvision.com/en/products/IP-Products/Network-Cameras/Pro-Series-EasyIP-/ds-2cd23126g3-is2uy-s-l--rb-/","Wide Dynamic Range (WDR)","130 dB"
"hikvision","Pro","EasyIP 4.0 Plus with AcuSense","DS-2CD23126G3-IS2UY/S(L)(RB)","12MP Acusense Strobe Light and Audible Warning Fixed Turret Network Camera","https://www.hikvision.com/en/products/IP-Products/Network-Cameras/Pro-Series-EasyIP-/ds-2cd23126g3-is2uy-s-l--rb-/","Image Stabilization","EIS"
"hikvision","Pro","EasyIP 4.0 Plus with AcuSense","DS-2CD23126G3-IS2UY/S(L)(RB)","12MP Acusense Strobe Light and Audible Warning Fixed Turret Network Camera","https://www.hikvision.com/en/products/IP-Products/Network-Cameras/Pro-Series-EasyIP-/ds-2cd23126g3-is2uy-s-l--rb-/","Privacy Mask","4 programmable polygon privacy masks"
"hikvision","Pro","EasyIP 4.0 Plus with AcuSense","DS-2CD23126G3-IS2UY/S(L)(RB)","12MP Acusense Strobe Light and Audible Warning Fixed Turret Network Camera","https://www.hikvision.com/en/products/IP-Products/Network-Cameras/Pro-Series-EasyIP-/ds-2cd23126g3-is2uy-s-l--rb-/","Ethernet Interface","1 RJ45 10 M/100 M self-adaptive Ethernet port"
"hikvision","Pro","EasyIP 4.0 Plus with AcuSense","DS-2CD23126G3-IS2UY/S(L)(RB)","12MP Acusense Strobe Light and Audible Warning Fixed Turret Network Camera","https://www.hikvision.com/en/products/IP-Products/Network-Cameras/Pro-Series-EasyIP-/ds-2cd23126g3-is2uy-s-l--rb-/","On-Board Storage","Built-in memory card slot, support microSD/microSDHC/microSDXC card, up to 512 GB"
"hikvision","Pro","EasyIP 4.0 Plus with AcuSense","DS-2CD23126G3-IS2UY/S(L)(RB)","12MP Acusense Strobe Light and Audible Warning Fixed Turret Network Camera","https://www.hikvision.com/en/products/IP-Products/Network-Cameras/Pro-Series-EasyIP-/ds-2cd23126g3-is2uy-s-l--rb-/","Built-In Speaker","Max. power consumption: 2 W, max. sound pressure level: 10 cm: 110 dB."
"hikvision","Pro","EasyIP 4.0 Plus with AcuSense","DS-2CD23126G3-IS2UY/S(L)(RB)","12MP Acusense Strobe Light and Audible Warning Fixed Turret Network Camera","https://www.hikvision.com/en/products/IP-Products/Network-Cameras/Pro-Series-EasyIP-/ds-2cd23126g3-is2uy-s-l--rb-/","Audio","Built-in Microphone: -2U: Arrayed dual-microphone,1 input (line in), two-core terminal block, max. input amplitude: 3.3 Vpp, input impedance: 4.7 KΩ, interface type: non-equilibrium,\n1 output (line out), two-core terminal block, max. output amplitude: 3.3 Vpp, output impedance: 100 Ω, interface type: non-equilibrium"
"hikvision","Pro","EasyIP 4.0 Plus with AcuSense","DS-2CD23126G3-IS2UY/S(L)(RB)","12MP Acusense Strobe Light and Audible Warning Fixed Turret Network Camera","https://www.hikvision.com/en/products/IP-Products/Network-Cameras/Pro-Series-EasyIP-/ds-2cd23126g3-is2uy-s-l--rb-/","Alarm","1 input, 1 output (max. 24 VDC/24 VAC, 1 A)"
"hikvision","Pro","EasyIP 4.0 Plus with AcuSense","DS-2CD23126G3-IS2UY/S(L)(RB)","12MP Acusense Strobe Light and Audible Warning Fixed Turret Network Camera","https://www.hikvision.com/en/products/IP-Products/Network-Cameras/Pro-Series-EasyIP-/ds-2cd23126g3-is2uy-s-l--rb-/","Reset Key","Yes"
"hikvision","Pro","EasyIP 4.0 Plus with AcuSense","DS-2CD23126G3-IS2UY/S(L)(RB)","12MP Acusense Strobe Light and Audible Warning Fixed Turret Network Camera","https://www.hikvision.com/en/products/IP-Products/Network-Cameras/Pro-Series-EasyIP-/ds-2cd23126g3-is2uy-s-l--rb-/","Basic Event","Motion detection (support alarm triggering by specified target types (human and vehicle)),video tampering alarm,exception"
"hikvision","Pro","EasyIP 4.0 Plus with AcuSense","DS-2CD23126G3-IS2UY/S(L)(RB)","12MP Acusense Strobe Light and Audible Warning Fixed Turret Network Camera","https://www.hikvision.com/en/products/IP-Products/Network-Cameras/Pro-Series-EasyIP-/ds-2cd23126g3-is2uy-s-l--rb-/","Smart Event","Scene change detection"
"hikvision","Pro","EasyIP 4.0 Plus with AcuSense","DS-2CD23126G3-IS2UY/S(L)(RB)","12MP Acusense Strobe Light and Audible Warning Fixed Turret Network Camera","https://www.hikvision.com/en/products/IP-Products/Network-Cameras/Pro-Series-EasyIP-/ds-2cd23126g3-is2uy-s-l--rb-/","Linkage","Upload to FTP/NAS/memory card,notify surveillance center,trigger recording,trigger capture,send email"
"hikvision","Pro","EasyIP 4.0 Plus with AcuSense","DS-2CD23126G3-IS2UY/S(L)(RB)","12MP Acusense Strobe Light and Audible Warning Fixed Turret Network Camera","https://www.hikvision.com/en/products/IP-Products/Network-Cameras/Pro-Series-EasyIP-/ds-2cd23126g3-is2uy-s-l--rb-/","Face Capture","Yes"
"hikvision","Pro","EasyIP 4.0 Plus with AcuSense","DS-2CD23126G3-IS2UY/S(L)(RB)","12MP Acusense Strobe Light and Audible Warning Fixed Turret Network Camera","https://www.hikvision.com/en/products/IP-Products/Network-Cameras/Pro-Series-EasyIP-/ds-2cd23126g3-is2uy-s-l--rb-/","Perimeter Protection","Line crossing, intrusion, region entrance, region exiting\nSupport alarm triggering by specified target types (human and vehicle)"
"hikvision","Pro","EasyIP 4.0 Plus with AcuSense","DS-2CD23126G3-IS2UY/S(L)(RB)","12MP Acusense Strobe Light and Audible Warning Fixed Turret Network Camera","https://www.hikvision.com/en/products/IP-Products/Network-Cameras/Pro-Series-EasyIP-/ds-2cd23126g3-is2uy-s-l--rb-/","Power","12 VDC ± 25%, 1.34 A, max. 16 W,Ø5.5 mm coaxial power plug,reverse polarity protection,\nPoE: IEEE 802.3at, Class 4, max. 18 W"
"hikvision","Pro","EasyIP 4.0 Plus with AcuSense","DS-2CD23126G3-IS2UY/S(L)(RB)","12MP Acusense Strobe Light and Audible Warning Fixed Turret Network Camera","https://www.hikvision.com/en/products/IP-Products/Network-Cameras/Pro-Series-EasyIP-/ds-2cd23126g3-is2uy-s-l--rb-/","Material","Cover: metal, main body: metal"
"hikvision","Pro","EasyIP 4.0 Plus with AcuSense","DS-2CD23126G3-IS2UY/S(L)(RB)","12MP Acusense Strobe Light and Audible Warning Fixed Turret Network Camera","https://www.hikvision.com/en/products/IP-Products/Network-Cameras/Pro-Series-EasyIP-/ds-2cd23126g3-is2uy-s-l--rb-/","Dimension","Ø138.3 mm × 115.4 mm (Ø5.4\" × 4.5\")"
"hikvision","Pro","EasyIP 4.0 Plus with AcuSense","DS-2CD23126G3-IS2UY/S(L)(RB)","12MP Acusense Strobe Light and Audible Warning Fixed Turret Network Camera","https://www.hikvision.com/en/products/IP-Products/Network-Cameras/Pro-Series-EasyIP-/ds-2cd23126g3-is2uy-s-l--rb-/","Package Dimension","170 mm × 170 mm × 160 mm (6.7\" × 6.7\" × 6.3\")"
"hikvision","Pro","EasyIP 4.0 Plus with AcuSense","DS-2CD23126G3-IS2UY/S(L)(RB)","12MP Acusense Strobe Light and Audible Warning Fixed Turret Network Camera","https://www.hikvision.com/en/products/IP-Products/Network-Cameras/Pro-Series-EasyIP-/ds-2cd23126g3-is2uy-s-l--rb-/","Weight","Approx. 820 g (1.8 lb.)"
"hikvision","Pro","EasyIP 4.0 Plus with AcuSense","DS-2CD23126G3-IS2UY/S(L)(RB)","12MP Acusense Strobe Light and Audible Warning Fixed Turret Network Camera","https://www.hikvision.com/en/products/IP-Products/Network-Cameras/Pro-Series-EasyIP-/ds-2cd23126g3-is2uy-s-l--rb-/","With Package Weight","Approx. 1200 g (2.6 lb.)"
"hikvision","Pro","EasyIP 4.0 Plus with AcuSense","DS-2CD23126G3-IS2UY/S(L)(RB)","12MP Acusense Strobe Light and Audible Warning Fixed Turret Network Camera","https://www.hikvision.com/en/products/IP-Products/Network-Cameras/Pro-Series-EasyIP-/ds-2cd23126g3-is2uy-s-l--rb-/","Storage Conditions","-30 °C to 60 °C (-22 °F to 140 °F). Humidity 95% or less (non-condensing)"
"hikvision","Pro","EasyIP 4.0 Plus with AcuSense","DS-2CD23126G3-IS2UY/S(L)(RB)","12MP Acusense Strobe Light and Audible Warning Fixed Turret Network Camera","https://www.hikvision.com/en/products/IP-Products/Network-Cameras/Pro-Series-EasyIP-/ds-2cd23126g3-is2uy-s-l--rb-/","Startup And Operating Conditions","-30 °C to 60 °C (-22 °F to 140 °F). Humidity 95% or less (non-condensing)"
"hikvision","Pro","EasyIP 4.0 Plus with AcuSense","DS-2CD23126G3-IS2UY/S(L)(RB)","12MP Acusense Strobe Light and Audible Warning Fixed Turret Network Camera","https://www.hikvision.com/en/products/IP-Products/Network-Cameras/Pro-Series-EasyIP-/ds-2cd23126g3-is2uy-s-l--rb-/","General Function","Heartbeat,mirror,flash log,password reset via email,pixel counter,anti-banding"
"hikvision","Pro","EasyIP 4.0 Plus with AcuSense","DS-2CD23126G3-IS2UY/S(L)(RB)","12MP Acusense Strobe Light and Audible Warning Fixed Turret Network Camera","https://www.hikvision.com/en/products/IP-Products/Network-Cameras/Pro-Series-EasyIP-/ds-2cd23126g3-is2uy-s-l--rb-/","Language","33 languages: English, Russian, Estonian, Bulgarian, Hungarian, Greek, German, Italian, Czech, Slovak, French, Polish, Dutch, Portuguese, Spanish, Romanian, Danish, Swedish, Norwegian, Finnish, Croatian, Slovenian, Serbian, Turkish, Korean, Traditional Chinese, Thai, Vietnamese, Japanese, Latvian, Lithuanian, Portuguese (Brazil), Ukrainian"
"hikvision","Pro","EasyIP 4.0 Plus with AcuSense","DS-2CD23126G3-IS2UY/S(L)(RB)","12MP Acusense Strobe Light and Audible Warning Fixed Turret Network Camera","https://www.hikvision.com/en/products/IP-Products/Network-Cameras/Pro-Series-EasyIP-/ds-2cd23126g3-is2uy-s-l--rb-/","Flashing Light","/SRB model: Red and Blue Light\n/SL model: White Light"
"hikvision","Pro","EasyIP 4.0 Plus with AcuSense","DS-2CD23126G3-IS2UY/S(L)(RB)","12MP Acusense Strobe Light and Audible Warning Fixed Turret Network Camera","https://www.hikvision.com/en/products/IP-Products/Network-Cameras/Pro-Series-EasyIP-/ds-2cd23126g3-is2uy-s-l--rb-/","EMC","CE-EMC: EN 55032:2015+A1:2020, EN 50130-4:2011+A1:2014, EN IEC 61000-3-2:2019+A1:2021, EN 61000-3-3:2013+A1:2019+A2:2021"
"hikvision","Pro","EasyIP 4.0 Plus with AcuSense","DS-2CD23126G3-IS2UY/S(L)(RB)","12MP Acusense Strobe Light and Audible Warning Fixed Turret Network Camera","https://www.hikvision.com/en/products/IP-Products/Network-Cameras/Pro-Series-EasyIP-/ds-2cd23126g3-is2uy-s-l--rb-/","Safety","CB: IEC 62368-1: 2014+A11,\nCE-LVD: EN 62368-1: 2014/A11: 2017"
"hikvision","Pro","EasyIP 4.0 Plus with AcuSense","DS-2CD23126G3-IS2UY/S(L)(RB)","12MP Acusense Strobe Light and Audible Warning Fixed Turret Network Camera","https://www.hikvision.com/en/products/IP-Products/Network-Cameras/Pro-Series-EasyIP-/ds-2cd23126g3-is2uy-s-l--rb-/","Environment","CE-RoHS: 2011/65/EU,\nWEEE: 2012/19/EU,\nReach: Regulation (EC) No 1907/2006"
"hikvision","Pro","EasyIP 4.0 Plus with AcuSense","DS-2CD23126G3-IS2UY/S(L)(RB)","12MP Acusense Strobe Light and Audible Warning Fixed Turret Network Camera","https://www.hikvision.com/en/products/IP-Products/Network-Cameras/Pro-Series-EasyIP-/ds-2cd23126g3-is2uy-s-l--rb-/","Protection","IP67: IEC 60529-2013"
"hikvision","Pro","EasyIP 4.0 Plus with AcuSense","DS-2CD23126G3-IS2UY/S(L)(RB)","12MP Acusense Strobe Light and Audible Warning Fixed Turret Network Camera","https://www.hikvision.com/en/products/IP-Products/Network-Cameras/Pro-Series-EasyIP-/ds-2cd23126g3-is2uy-s-l--rb-/","Anti-Corrosion Protection","NEMA 4X (NEMA 250-2018)"
"hikvision","Pro","EasyIP 4.0 with AcuSense","DS-2CD2666G2H-IZS2U/S(L)(RB)","6 MP Powered by Darkfighter Motorized Varifocal Bullet Network Camera","https://www.hikvision.com/en/products/IP-Products/Network-Cameras/Pro-Series-EasyIP-/ds-2cd2666g2h-izs2u-s-l--rb-/","Image Sensor","1/1.8\" Progressive Scan CMOS"
"hikvision","Pro","EasyIP 4.0 with AcuSense","DS-2CD2666G2H-IZS2U/S(L)(RB)","6 MP Powered by Darkfighter Motorized Varifocal Bullet Network Camera","https://www.hikvision.com/en/products/IP-Products/Network-Cameras/Pro-Series-EasyIP-/ds-2cd2666g2h-izs2u-s-l--rb-/","Max. Resolution","3200 × 1800"
"hikvision","Pro","EasyIP 4.0 with AcuSense","DS-2CD2666G2H-IZS2U/S(L)(RB)","6 MP Powered by Darkfighter Motorized Varifocal Bullet Network Camera","https://www.hikvision.com/en/products/IP-Products/Network-Cameras/Pro-Series-EasyIP-/ds-2cd2666g2h-izs2u-s-l--rb-/","Min. Illumination","Color: 0.0008 Lux @ (F1.2, AGC ON),B/W: 0 Lux with IR"
"hikvision","Pro","EasyIP 4.0 with AcuSense","DS-2CD2666G2H-IZS2U/S(L)(RB)","6 MP Powered by Darkfighter Motorized Varifocal Bullet Network Camera","https://www.hikvision.com/en/products/IP-Products/Network-Cameras/Pro-Series-EasyIP-/ds-2cd2666g2h-izs2u-s-l--rb-/","Shutter Time","1/3 s to 1/100,000 s"
"hikvision","Pro","EasyIP 4.0 with AcuSense","DS-2CD2666G2H-IZS2U/S(L)(RB)","6 MP Powered by Darkfighter Motorized Varifocal Bullet Network Camera","https://www.hikvision.com/en/products/IP-Products/Network-Cameras/Pro-Series-EasyIP-/ds-2cd2666g2h-izs2u-s-l--rb-/","Day & Night","IR cut filter"
"hikvision","Pro","EasyIP 4.0 with AcuSense","DS-2CD2666G2H-IZS2U/S(L)(RB)","6 MP Powered by Darkfighter Motorized Varifocal Bullet Network Camera","https://www.hikvision.com/en/products/IP-Products/Network-Cameras/Pro-Series-EasyIP-/ds-2cd2666g2h-izs2u-s-l--rb-/","Angle Adjustment","Pan: 0° to 360°,tilt: 0° to 90°,rotate: 0° to 360°"
"hikvision","Pro","EasyIP 4.0 with AcuSense","DS-2CD2666G2H-IZS2U/S(L)(RB)","6 MP Powered by Darkfighter Motorized Varifocal Bullet Network Camera","https://www.hikvision.com/en/products/IP-Products/Network-Cameras/Pro-Series-EasyIP-/ds-2cd2666g2h-izs2u-s-l--rb-/","Lens Type","Varifocal lens, motorized lens, 2.8 to 12 mm"
"hikvision","Pro","EasyIP 4.0 with AcuSense","DS-2CD2666G2H-IZS2U/S(L)(RB)","6 MP Powered by Darkfighter Motorized Varifocal Bullet Network Camera","https://www.hikvision.com/en/products/IP-Products/Network-Cameras/Pro-Series-EasyIP-/ds-2cd2666g2h-izs2u-s-l--rb-/","Focal Length & FOV","2.8 to 12 mm, horizontal FOV 112.3° to 41.2°, vertical FOV 58.1° to 23.1°, diagonal FOV 137.4° to 47.3°"
"hikvision","Pro","EasyIP 4.0 with AcuSense","DS-2CD2666G2H-IZS2U/S(L)(RB)","6 MP Powered by Darkfighter Motorized Varifocal Bullet Network Camera","https://www.hikvision.com/en/products/IP-Products/Network-Cameras/Pro-Series-EasyIP-/ds-2cd2666g2h-izs2u-s-l--rb-/","Lens Mount","Integrated"
"hikvision","Pro","EasyIP 4.0 with AcuSense","DS-2CD2666G2H-IZS2U/S(L)(RB)","6 MP Powered by Darkfighter Motorized Varifocal Bullet Network Camera","https://www.hikvision.com/en/products/IP-Products/Network-Cameras/Pro-Series-EasyIP-/ds-2cd2666g2h-izs2u-s-l--rb-/","Iris Type","Fixed"
"hikvision","Pro","EasyIP 4.0 with AcuSense","DS-2CD2666G2H-IZS2U/S(L)(RB)","6 MP Powered by Darkfighter Motorized Varifocal Bullet Network Camera","https://www.hikvision.com/en/products/IP-Products/Network-Cameras/Pro-Series-EasyIP-/ds-2cd2666g2h-izs2u-s-l--rb-/","Aperture","F1.2"
"hikvision","Pro","EasyIP 4.0 with AcuSense","DS-2CD2666G2H-IZS2U/S(L)(RB)","6 MP Powered by Darkfighter Motorized Varifocal Bullet Network Camera","https://www.hikvision.com/en/products/IP-Products/Network-Cameras/Pro-Series-EasyIP-/ds-2cd2666g2h-izs2u-s-l--rb-/","Depth Of Field","1 m to ∞"
"hikvision","Pro","EasyIP 4.0 with AcuSense","DS-2CD2666G2H-IZS2U/S(L)(RB)","6 MP Powered by Darkfighter Motorized Varifocal Bullet Network Camera","https://www.hikvision.com/en/products/IP-Products/Network-Cameras/Pro-Series-EasyIP-/ds-2cd2666g2h-izs2u-s-l--rb-/","DORI","Wide: D: 74.3m, O: 29.5 m, R: 14.9 m, I: 7.4 m\nTele: D: 183.3 m, O: 72.8 m, R: 36.7 m, I: 18.3 m"
"hikvision","Pro","EasyIP 4.0 with AcuSense","DS-2CD2666G2H-IZS2U/S(L)(RB)","6 MP Powered by Darkfighter Motorized Varifocal Bullet Network Camera","https://www.hikvision.com/en/products/IP-Products/Network-Cameras/Pro-Series-EasyIP-/ds-2cd2666g2h-izs2u-s-l--rb-/","Supplement Light Type","IR"
"hikvision","Pro","EasyIP 4.0 with AcuSense","DS-2CD2666G2H-IZS2U/S(L)(RB)","6 MP Powered by Darkfighter Motorized Varifocal Bullet Network Camera","https://www.hikvision.com/en/products/IP-Products/Network-Cameras/Pro-Series-EasyIP-/ds-2cd2666g2h-izs2u-s-l--rb-/","Supplement Light Range","Up to 60 m"
"hikvision","Pro","EasyIP 4.0 with AcuSense","DS-2CD2666G2H-IZS2U/S(L)(RB)","6 MP Powered by Darkfighter Motorized Varifocal Bullet Network Camera","https://www.hikvision.com/en/products/IP-Products/Network-Cameras/Pro-Series-EasyIP-/ds-2cd2666g2h-izs2u-s-l--rb-/","Smart Supplement Light","Yes"
"hikvision","Pro","EasyIP 4.0 with AcuSense","DS-2CD2666G2H-IZS2U/S(L)(RB)","6 MP Powered by Darkfighter Motorized Varifocal Bullet Network Camera","https://www.hikvision.com/en/products/IP-Products/Network-Cameras/Pro-Series-EasyIP-/ds-2cd2666g2h-izs2u-s-l--rb-/","IR Wavelength","850 nm"
"hikvision","Pro","EasyIP 4.0 with AcuSense","DS-2CD2666G2H-IZS2U/S(L)(RB)","6 MP Powered by Darkfighter Motorized Varifocal Bullet Network Camera","https://www.hikvision.com/en/products/IP-Products/Network-Cameras/Pro-Series-EasyIP-/ds-2cd2666g2h-izs2u-s-l--rb-/","Main Stream","50 Hz:\n25 fps (3200 × 1800, 2688 × 1520, 1920 × 1080, 1280 × 720)\n60 Hz:\n30 fps (3200 × 1800, 2688 × 1520, 1920 × 1080, 1280 × 720)"
"hikvision","Pro","EasyIP 4.0 with AcuSense","DS-2CD2666G2H-IZS2U/S(L)(RB)","6 MP Powered by Darkfighter Motorized Varifocal Bullet Network Camera","https://www.hikvision.com/en/products/IP-Products/Network-Cameras/Pro-Series-EasyIP-/ds-2cd2666g2h-izs2u-s-l--rb-/","Sub-Stream","50 Hz: 25 fps (1280 × 720, 640 × 480, 640 × 360)\n60 Hz: 30 fps (1280 × 720, 640 × 480, 640 × 360)"
"hikvision","Pro","EasyIP 4.0 with AcuSense","DS-2CD2666G2H-IZS2U/S(L)(RB)","6 MP Powered by Darkfighter Motorized Varifocal Bullet Network Camera","https://www.hikvision.com/en/products/IP-Products/Network-Cameras/Pro-Series-EasyIP-/ds-2cd2666g2h-izs2u-s-l--rb-/","Third Stream","50 Hz: 10 fps (1920 × 1080, 1280 × 720, 640 × 480, 640 × 360)\n60 Hz: 10 fps (1920 × 1080, 1280 × 720, 640 × 480, 640 × 360)\n*Third stream is supported under certain settings."
"hikvision","Pro","EasyIP 4.0 with AcuSense","DS-2CD2666G2H-IZS2U/S(L)(RB)","6 MP Powered by Darkfighter Motorized Varifocal Bullet Network Camera","https://www.hikvision.com/en/products/IP-Products/Network-Cameras/Pro-Series-EasyIP-/ds-2cd2666g2h-izs2u-s-l--rb-/","Video Compression","Main stream: H.265/H.264/H.264+/H.265+,\nSub-stream: H.265/H.264/MJPEG,\nThird stream: H.265/H.264,\n*Third stream is supported under certain settings."
"hikvision","Pro","EasyIP 4.0 with AcuSense","DS-2CD2666G2H-IZS2U/S(L)(RB)","6 MP Powered by Darkfighter Motorized Varifocal Bullet Network Camera","https://www.hikvision.com/en/products/IP-Products/Network-Cameras/Pro-Series-EasyIP-/ds-2cd2666g2h-izs2u-s-l--rb-/","Video Bit Rate","32 Kbps to 16 Mbps"
"hikvision","Pro","EasyIP 4.0 with AcuSense","DS-2CD2666G2H-IZS2U/S(L)(RB)","6 MP Powered by Darkfighter Motorized Varifocal Bullet Network Camera","https://www.hikvision.com/en/products/IP-Products/Network-Cameras/Pro-Series-EasyIP-/ds-2cd2666g2h-izs2u-s-l--rb-/","H.264 Type","Baseline Profile,Main Profile,High Profile"
"hikvision","Pro","EasyIP 4.0 with AcuSense","DS-2CD2666G2H-IZS2U/S(L)(RB)","6 MP Powered by Darkfighter Motorized Varifocal Bullet Network Camera","https://www.hikvision.com/en/products/IP-Products/Network-Cameras/Pro-Series-EasyIP-/ds-2cd2666g2h-izs2u-s-l--rb-/","H.265 Type","Main Profile"
"hikvision","Pro","EasyIP 4.0 with AcuSense","DS-2CD2666G2H-IZS2U/S(L)(RB)","6 MP Powered by Darkfighter Motorized Varifocal Bullet Network Camera","https://www.hikvision.com/en/products/IP-Products/Network-Cameras/Pro-Series-EasyIP-/ds-2cd2666g2h-izs2u-s-l--rb-/","Bit Rate Control","CBR,VBR"
"hikvision","Pro","EasyIP 4.0 with AcuSense","DS-2CD2666G2H-IZS2U/S(L)(RB)","6 MP Powered by Darkfighter Motorized Varifocal Bullet Network Camera","https://www.hikvision.com/en/products/IP-Products/Network-Cameras/Pro-Series-EasyIP-/ds-2cd2666g2h-izs2u-s-l--rb-/","Scalable Video Coding (SVC)","H.264 and H.265 encoding"
"hikvision","Pro","EasyIP 4.0 with AcuSense","DS-2CD2666G2H-IZS2U/S(L)(RB)","6 MP Powered by Darkfighter Motorized Varifocal Bullet Network Camera","https://www.hikvision.com/en/products/IP-Products/Network-Cameras/Pro-Series-EasyIP-/ds-2cd2666g2h-izs2u-s-l--rb-/","Region Of Interest (ROI)","1 fixed region for main stream and sub-stream"
"hikvision","Pro","EasyIP 4.0 with AcuSense","DS-2CD2666G2H-IZS2U/S(L)(RB)","6 MP Powered by Darkfighter Motorized Varifocal Bullet Network Camera","https://www.hikvision.com/en/products/IP-Products/Network-Cameras/Pro-Series-EasyIP-/ds-2cd2666g2h-izs2u-s-l--rb-/","Audio Compression","G.711/G.722.1/G.726/MP2L2/PCM/MP3/AAC-LC"
"hikvision","Pro","EasyIP 4.0 with AcuSense","DS-2CD2666G2H-IZS2U/S(L)(RB)","6 MP Powered by Darkfighter Motorized Varifocal Bullet Network Camera","https://www.hikvision.com/en/products/IP-Products/Network-Cameras/Pro-Series-EasyIP-/ds-2cd2666g2h-izs2u-s-l--rb-/","Audio Bit Rate","64 Kbps (G.711ulaw/G.711alaw)/16 Kbps (G.722.1)/16 Kbps (G.726)/32 to 192 Kbps (MP2L2)/8 to 320 Kbps (MP3)/16 to 64 Kbps (AAC-LC)"
"hikvision","Pro","EasyIP 4.0 with AcuSense","DS-2CD2666G2H-IZS2U/S(L)(RB)","6 MP Powered by Darkfighter Motorized Varifocal Bullet Network Camera","https://www.hikvision.com/en/products/IP-Products/Network-Cameras/Pro-Series-EasyIP-/ds-2cd2666g2h-izs2u-s-l--rb-/","Audio Sampling Rate","8 kHz/16 kHz/32 kHz/44.1 kHz/48 kHz"
"hikvision","Pro","EasyIP 4.0 with AcuSense","DS-2CD2666G2H-IZS2U/S(L)(RB)","6 MP Powered by Darkfighter Motorized Varifocal Bullet Network Camera","https://www.hikvision.com/en/products/IP-Products/Network-Cameras/Pro-Series-EasyIP-/ds-2cd2666g2h-izs2u-s-l--rb-/","Environment Noise Filtering","Yes"
"hikvision","Pro","EasyIP 4.0 with AcuSense","DS-2CD2666G2H-IZS2U/S(L)(RB)","6 MP Powered by Darkfighter Motorized Varifocal Bullet Network Camera","https://www.hikvision.com/en/products/IP-Products/Network-Cameras/Pro-Series-EasyIP-/ds-2cd2666g2h-izs2u-s-l--rb-/","Protocols","TCP/IP, ICMP, HTTP, HTTPS, FTP, DHCP, DNS, DDNS, RTP, RTSP, RTCP, NTP, UPnP, SMTP, IGMP, 802.1X, QoS, IPv4, IPv6, UDP, Bonjour, SSL/TLS, PPPoE, SNMP, WebSocket, WebSockets, SRTP, SFTP"
"hikvision","Pro","EasyIP 4.0 with AcuSense","DS-2CD2666G2H-IZS2U/S(L)(RB)","6 MP Powered by Darkfighter Motorized Varifocal Bullet Network Camera","https://www.hikvision.com/en/products/IP-Products/Network-Cameras/Pro-Series-EasyIP-/ds-2cd2666g2h-izs2u-s-l--rb-/","Simultaneous Live View","Up to 6 channels"
"hikvision","Pro","EasyIP 4.0 with AcuSense","DS-2CD2666G2H-IZS2U/S(L)(RB)","6 MP Powered by Darkfighter Motorized Varifocal Bullet Network Camera","https://www.hikvision.com/en/products/IP-Products/Network-Cameras/Pro-Series-EasyIP-/ds-2cd2666g2h-izs2u-s-l--rb-/","API","ONVIF (Profile S, Profile T, Profile G),ISAPI,SDK,ISUP"
"hikvision","Pro","EasyIP 4.0 with AcuSense","DS-2CD2666G2H-IZS2U/S(L)(RB)","6 MP Powered by Darkfighter Motorized Varifocal Bullet Network Camera","https://www.hikvision.com/en/products/IP-Products/Network-Cameras/Pro-Series-EasyIP-/ds-2cd2666g2h-izs2u-s-l--rb-/","User/Host","Up to 32 users\n3 user levels: administrator, operator, and user"
"hikvision","Pro","EasyIP 4.0 with AcuSense","DS-2CD2666G2H-IZS2U/S(L)(RB)","6 MP Powered by Darkfighter Motorized Varifocal Bullet Network Camera","https://www.hikvision.com/en/products/IP-Products/Network-Cameras/Pro-Series-EasyIP-/ds-2cd2666g2h-izs2u-s-l--rb-/","Security","Password protection, complicated password, HTTPS encryption, 802.1X authentication (EAP-TLS, EAP-LEAP, EAP-MD5), watermark, IP address filter, basic and digest authentication for HTTP/HTTPS, WSSE and digest authentication for Open Network Video Interface, RTP/RTSP over HTTPS, control timeout settings, security audit log, TLS 1.1/1.2/1.3, host authentication (MAC address)"
"hikvision","Pro","EasyIP 4.0 with AcuSense","DS-2CD2666G2H-IZS2U/S(L)(RB)","6 MP Powered by Darkfighter Motorized Varifocal Bullet Network Camera","https://www.hikvision.com/en/products/IP-Products/Network-Cameras/Pro-Series-EasyIP-/ds-2cd2666g2h-izs2u-s-l--rb-/","Network Storage","NAS (NFS, SMB/CIFS),Auto Network Replenishment (ANR)"
"hikvision","Pro","EasyIP 4.0 with AcuSense","DS-2CD2666G2H-IZS2U/S(L)(RB)","6 MP Powered by Darkfighter Motorized Varifocal Bullet Network Camera","https://www.hikvision.com/en/products/IP-Products/Network-Cameras/Pro-Series-EasyIP-/ds-2cd2666g2h-izs2u-s-l--rb-/","Client","iVMS-4200,Hik-Connect,Hik-Central"
"hikvision","Pro","EasyIP 4.0 with AcuSense","DS-2CD2666G2H-IZS2U/S(L)(RB)","6 MP Powered by Darkfighter Motorized Varifocal Bullet Network Camera","https://www.hikvision.com/en/products/IP-Products/Network-Cameras/Pro-Series-EasyIP-/ds-2cd2666g2h-izs2u-s-l--rb-/","Web Browser","Plug-in required live view: IE 10, IE 11,\nPlug-in free live view: Chrome 57.0+, Firefox 52.0+, Edge 89+,\nLocal service: Chrome 57.0+, Firefox 52.0+, Edge 89+"
"hikvision","Pro","EasyIP 4.0 with AcuSense","DS-2CD2666G2H-IZS2U/S(L)(RB)","6 MP Powered by Darkfighter Motorized Varifocal Bullet Network Camera","https://www.hikvision.com/en/products/IP-Products/Network-Cameras/Pro-Series-EasyIP-/ds-2cd2666g2h-izs2u-s-l--rb-/","Image Parameters Switch","Yes"
"hikvision","Pro","EasyIP 4.0 with AcuSense","DS-2CD2666G2H-IZS2U/S(L)(RB)","6 MP Powered by Darkfighter Motorized Varifocal Bullet Network Camera","https://www.hikvision.com/en/products/IP-Products/Network-Cameras/Pro-Series-EasyIP-/ds-2cd2666g2h-izs2u-s-l--rb-/","Image Settings","Rotate mode,saturation,brightness,contrast,sharpness,gain,white balance,adjustable by client software or web browser"
"hikvision","Pro","EasyIP 4.0 with AcuSense","DS-2CD2666G2H-IZS2U/S(L)(RB)","6 MP Powered by Darkfighter Motorized Varifocal Bullet Network Camera","https://www.hikvision.com/en/products/IP-Products/Network-Cameras/Pro-Series-EasyIP-/ds-2cd2666g2h-izs2u-s-l--rb-/","Day/Night Switch","Day,Night,Auto,Schedule"
"hikvision","Pro","EasyIP 4.0 with AcuSense","DS-2CD2666G2H-IZS2U/S(L)(RB)","6 MP Powered by Darkfighter Motorized Varifocal Bullet Network Camera","https://www.hikvision.com/en/products/IP-Products/Network-Cameras/Pro-Series-EasyIP-/ds-2cd2666g2h-izs2u-s-l--rb-/","Image Enhancement","BLC,HLC,3D DNR"
"hikvision","Pro","EasyIP 4.0 with AcuSense","DS-2CD2666G2H-IZS2U/S(L)(RB)","6 MP Powered by Darkfighter Motorized Varifocal Bullet Network Camera","https://www.hikvision.com/en/products/IP-Products/Network-Cameras/Pro-Series-EasyIP-/ds-2cd2666g2h-izs2u-s-l--rb-/","SNR","≥ 52 dB"
"hikvision","Pro","EasyIP 4.0 with AcuSense","DS-2CD2666G2H-IZS2U/S(L)(RB)","6 MP Powered by Darkfighter Motorized Varifocal Bullet Network Camera","https://www.hikvision.com/en/products/IP-Products/Network-Cameras/Pro-Series-EasyIP-/ds-2cd2666g2h-izs2u-s-l--rb-/","Wide Dynamic Range (WDR)","120 dB"
"hikvision","Pro","EasyIP 4.0 with AcuSense","DS-2CD2666G2H-IZS2U/S(L)(RB)","6 MP Powered by Darkfighter Motorized Varifocal Bullet Network Camera","https://www.hikvision.com/en/products/IP-Products/Network-Cameras/Pro-Series-EasyIP-/ds-2cd2666g2h-izs2u-s-l--rb-/","Privacy Mask","4 programmable polygon privacy masks"
"hikvision","Pro","EasyIP 4.0 with AcuSense","DS-2CD2666G2H-IZS2U/S(L)(RB)","6 MP Powered by Darkfighter Motorized Varifocal Bullet Network Camera","https://www.hikvision.com/en/products/IP-Products/Network-Cameras/Pro-Series-EasyIP-/ds-2cd2666g2h-izs2u-s-l--rb-/","Ethernet Interface","1 RJ45 10 M/100 M self-adaptive Ethernet port"
"hikvision","Pro","EasyIP 4.0 with AcuSense","DS-2CD2666G2H-IZS2U/S(L)(RB)","6 MP Powered by Darkfighter Motorized Varifocal Bullet Network Camera","https://www.hikvision.com/en/products/IP-Products/Network-Cameras/Pro-Series-EasyIP-/ds-2cd2666g2h-izs2u-s-l--rb-/","On-Board Storage","Built-in memory card slot, support microSD/microSDHC/microSDXC card, up to 512 GB"
"hikvision","Pro","EasyIP 4.0 with AcuSense","DS-2CD2666G2H-IZS2U/S(L)(RB)","6 MP Powered by Darkfighter Motorized Varifocal Bullet Network Camera","https://www.hikvision.com/en/products/IP-Products/Network-Cameras/Pro-Series-EasyIP-/ds-2cd2666g2h-izs2u-s-l--rb-/","Audio","Built-in Microphone: Arrayed dual-microphone,1 input (line in), two-core terminal block, max. input amplitude: 3.3 Vpp, input impedance: 4.7 KΩ, interface type: non-equilibrium,\n1 output (line out), two-core terminal block, max. output amplitude: 3.3 Vpp, output impedance: 100 Ω, interface type: non-equilibrium"
"hikvision","Pro","EasyIP 4.0 with AcuSense","DS-2CD2666G2H-IZS2U/S(L)(RB)","6 MP Powered by Darkfighter Motorized Varifocal Bullet Network Camera","https://www.hikvision.com/en/products/IP-Products/Network-Cameras/Pro-Series-EasyIP-/ds-2cd2666g2h-izs2u-s-l--rb-/","Alarm","1 input, 1 output (max. 24 VDC/24 VAC, 1 A)"
"hikvision","Pro","EasyIP 4.0 with AcuSense","DS-2CD2666G2H-IZS2U/S(L)(RB)","6 MP Powered by Darkfighter Motorized Varifocal Bullet Network Camera","https://www.hikvision.com/en/products/IP-Products/Network-Cameras/Pro-Series-EasyIP-/ds-2cd2666g2h-izs2u-s-l--rb-/","Reset Key","Yes"
"hikvision","Pro","EasyIP 4.0 with AcuSense","DS-2CD2666G2H-IZS2U/S(L)(RB)","6 MP Powered by Darkfighter Motorized Varifocal Bullet Network Camera","https://www.hikvision.com/en/products/IP-Products/Network-Cameras/Pro-Series-EasyIP-/ds-2cd2666g2h-izs2u-s-l--rb-/","Basic Event","Motion detection (support alarm triggering by specified target types (human and vehicle)),video tampering alarm,exception"
"hikvision","Pro","EasyIP 4.0 with AcuSense","DS-2CD2666G2H-IZS2U/S(L)(RB)","6 MP Powered by Darkfighter Motorized Varifocal Bullet Network Camera","https://www.hikvision.com/en/products/IP-Products/Network-Cameras/Pro-Series-EasyIP-/ds-2cd2666g2h-izs2u-s-l--rb-/","Smart Event","Scene change detection"
"hikvision","Pro","EasyIP 4.0 with AcuSense","DS-2CD2666G2H-IZS2U/S(L)(RB)","6 MP Powered by Darkfighter Motorized Varifocal Bullet Network Camera","https://www.hikvision.com/en/products/IP-Products/Network-Cameras/Pro-Series-EasyIP-/ds-2cd2666g2h-izs2u-s-l--rb-/","Linkage","Upload to FTP/NAS/memory card,notify surveillance center,send email,trigger alarm output,trigger recording,trigger capture,audible warning"
"hikvision","Pro","EasyIP 4.0 with AcuSense","DS-2CD2666G2H-IZS2U/S(L)(RB)","6 MP Powered by Darkfighter Motorized Varifocal Bullet Network Camera","https://www.hikvision.com/en/products/IP-Products/Network-Cameras/Pro-Series-EasyIP-/ds-2cd2666g2h-izs2u-s-l--rb-/","Face Capture","Yes"
"hikvision","Pro","EasyIP 4.0 with AcuSense","DS-2CD2666G2H-IZS2U/S(L)(RB)","6 MP Powered by Darkfighter Motorized Varifocal Bullet Network Camera","https://www.hikvision.com/en/products/IP-Products/Network-Cameras/Pro-Series-EasyIP-/ds-2cd2666g2h-izs2u-s-l--rb-/","Perimeter Protection","Line crossing, intrusion, region entrance, region exiting\nSupport alarm triggering by specified target types (human and vehicle)"
"hikvision","Pro","EasyIP 4.0 with AcuSense","DS-2CD2666G2H-IZS2U/S(L)(RB)","6 MP Powered by Darkfighter Motorized Varifocal Bullet Network Camera","https://www.hikvision.com/en/products/IP-Products/Network-Cameras/Pro-Series-EasyIP-/ds-2cd2666g2h-izs2u-s-l--rb-/","Power","12 VDC ± 25%, 1.21 A, max. 14.5 W,two-core terminal block,reverse polarity protection,\nPoE: IEEE 802.3at, Class 4, max. 18 W"
"hikvision","Pro","EasyIP 4.0 with AcuSense","DS-2CD2666G2H-IZS2U/S(L)(RB)","6 MP Powered by Darkfighter Motorized Varifocal Bullet Network Camera","https://www.hikvision.com/en/products/IP-Products/Network-Cameras/Pro-Series-EasyIP-/ds-2cd2666g2h-izs2u-s-l--rb-/","Material","Front cover: metal, body: metal, bracket: metal"
"hikvision","Pro","EasyIP 4.0 with AcuSense","DS-2CD2666G2H-IZS2U/S(L)(RB)","6 MP Powered by Darkfighter Motorized Varifocal Bullet Network Camera","https://www.hikvision.com/en/products/IP-Products/Network-Cameras/Pro-Series-EasyIP-/ds-2cd2666g2h-izs2u-s-l--rb-/","Dimension","Ø140 mm × 333.8 mm (Ø5.51\" × 13.14\")"
"hikvision","Pro","EasyIP 4.0 with AcuSense","DS-2CD2666G2H-IZS2U/S(L)(RB)","6 MP Powered by Darkfighter Motorized Varifocal Bullet Network Camera","https://www.hikvision.com/en/products/IP-Products/Network-Cameras/Pro-Series-EasyIP-/ds-2cd2666g2h-izs2u-s-l--rb-/","Package Dimension","385 mm × 190 mm × 180 mm (15.2\" × 7.5\" × 7.1\")"
"hikvision","Pro","EasyIP 4.0 with AcuSense","DS-2CD2666G2H-IZS2U/S(L)(RB)","6 MP Powered by Darkfighter Motorized Varifocal Bullet Network Camera","https://www.hikvision.com/en/products/IP-Products/Network-Cameras/Pro-Series-EasyIP-/ds-2cd2666g2h-izs2u-s-l--rb-/","Weight","Approx. 1520 g (3.4 lb.)"
"hikvision","Pro","EasyIP 4.0 with AcuSense","DS-2CD2666G2H-IZS2U/S(L)(RB)","6 MP Powered by Darkfighter Motorized Varifocal Bullet Network Camera","https://www.hikvision.com/en/products/IP-Products/Network-Cameras/Pro-Series-EasyIP-/ds-2cd2666g2h-izs2u-s-l--rb-/","With Package Weight","Approx. 2520 g (5.6 lb.)"
"hikvision","Pro","EasyIP 4.0 with AcuSense","DS-2CD2666G2H-IZS2U/S(L)(RB)","6 MP Powered by Darkfighter Motorized Varifocal Bullet Network Camera","https://www.hikvision.com/en/products/IP-Products/Network-Cameras/Pro-Series-EasyIP-/ds-2cd2666g2h-izs2u-s-l--rb-/","Storage Conditions","-30 °C to 60 °C (-22 °F to 140 °F). Humidity 95% or less (non-condensing)"
"hikvision","Pro","EasyIP 4.0 with AcuSense","DS-2CD2666G2H-IZS2U/S(L)(RB)","6 MP Powered by Darkfighter Motorized Varifocal Bullet Network Camera","https://www.hikvision.com/en/products/IP-Products/Network-Cameras/Pro-Series-EasyIP-/ds-2cd2666g2h-izs2u-s-l--rb-/","Startup And Operating Conditions","-30 °C to 60 °C (-22 °F to 140 °F). Humidity 95% or less (non-condensing)"
"hikvision","Pro","EasyIP 4.0 with AcuSense","DS-2CD2666G2H-IZS2U/S(L)(RB)","6 MP Powered by Darkfighter Motorized Varifocal Bullet Network Camera","https://www.hikvision.com/en/products/IP-Products/Network-Cameras/Pro-Series-EasyIP-/ds-2cd2666g2h-izs2u-s-l--rb-/","General Function","Heartbeat,mirror,password reset via email,pixel counter,anti-banding"
"hikvision","Pro","EasyIP 4.0 with AcuSense","DS-2CD2666G2H-IZS2U/S(L)(RB)","6 MP Powered by Darkfighter Motorized Varifocal Bullet Network Camera","https://www.hikvision.com/en/products/IP-Products/Network-Cameras/Pro-Series-EasyIP-/ds-2cd2666g2h-izs2u-s-l--rb-/","Language","33 languages: English, Russian, Estonian, Bulgarian, Hungarian, Greek, German, Italian, Czech, Slovak, French, Polish, Dutch, Portuguese, Spanish, Romanian, Danish, Swedish, Norwegian, Finnish, Croatian, Slovenian, Serbian, Turkish, Korean, Traditional Chinese, Thai, Vietnamese, Japanese, Latvian, Lithuanian, Portuguese (Brazil), Ukrainian"
"hikvision","Pro","EasyIP 4.0 with AcuSense","DS-2CD2666G2H-IZS2U/S(L)(RB)","6 MP Powered by Darkfighter Motorized Varifocal Bullet Network Camera","https://www.hikvision.com/en/products/IP-Products/Network-Cameras/Pro-Series-EasyIP-/ds-2cd2666g2h-izs2u-s-l--rb-/","Flashing Light","/SRB model: Red and Blue Light\n/SL model: White Light"
"hikvision","Pro","EasyIP 4.0 with AcuSense","DS-2CD2666G2H-IZS2U/S(L)(RB)","6 MP Powered by Darkfighter Motorized Varifocal Bullet Network Camera","https://www.hikvision.com/en/products/IP-Products/Network-Cameras/Pro-Series-EasyIP-/ds-2cd2666g2h-izs2u-s-l--rb-/","EMC","CE-EMC: EN 55032:2015+A1:2020, EN 50130-4:2011+A1:2014, EN IEC 61000-3-2:2019+A1:2021, EN 61000-3-3:2013+A1:2019+A2:2021,\nIC: ICES-003: Issue 7,\nRCM: AS/NZS CISPR 32: 2015,\nKC: KN32: 2015, KN35: 2015"
"hikvision","Pro","EasyIP 4.0 with AcuSense","DS-2CD2666G2H-IZS2U/S(L)(RB)","6 MP Powered by Darkfighter Motorized Varifocal Bullet Network Camera","https://www.hikvision.com/en/products/IP-Products/Network-Cameras/Pro-Series-EasyIP-/ds-2cd2666g2h-izs2u-s-l--rb-/","Safety","CB: IEC 62368-1: 2014+A11,\nCE-LVD: EN 62368-1: 2014/A11: 2017,\nLOA: IEC/EN 60950-1"
"hikvision","Pro","EasyIP 4.0 with AcuSense","DS-2CD2666G2H-IZS2U/S(L)(RB)","6 MP Powered by Darkfighter Motorized Varifocal Bullet Network Camera","https://www.hikvision.com/en/products/IP-Products/Network-Cameras/Pro-Series-EasyIP-/ds-2cd2666g2h-izs2u-s-l--rb-/","Environment","CE-RoHS: 2011/65/EU,\nWEEE: 2012/19/EU,\nReach: Regulation (EC) No 1907/2006"
"hikvision","Pro","EasyIP 4.0 with AcuSense","DS-2CD2666G2H-IZS2U/S(L)(RB)","6 MP Powered by Darkfighter Motorized Varifocal Bullet Network Camera","https://www.hikvision.com/en/products/IP-Products/Network-Cameras/Pro-Series-EasyIP-/ds-2cd2666g2h-izs2u-s-l--rb-/","Protection","IP67: IEC 60529-2013,IK10: IEC 62262:2002"
"hikvision","Pro","EasyIP 4.0 Plus with AcuSense","DS-2CD27126G3-IPTRZS2UY/S(L)(RB)","12MP Acusense Strobe Light and Audible Warning Motorized Varifocal Dome Network Camera","https://www.hikvision.com/en/products/IP-Products/Network-Cameras/Pro-Series-EasyIP-/ds-2cd27126g3-iptrzs2uy-s-l--rb-/","Image Sensor","1/1.8\" Progressive Scan CMOS"
"hikvision","Pro","EasyIP 4.0 Plus with AcuSense","DS-2CD27126G3-IPTRZS2UY/S(L)(RB)","12MP Acusense Strobe Light and Audible Warning Motorized Varifocal Dome Network Camera","https://www.hikvision.com/en/products/IP-Products/Network-Cameras/Pro-Series-EasyIP-/ds-2cd27126g3-iptrzs2uy-s-l--rb-/","Max. Resolution","4608 × 2592"
"hikvision","Pro","EasyIP 4.0 Plus with AcuSense","DS-2CD27126G3-IPTRZS2UY/S(L)(RB)","12MP Acusense Strobe Light and Audible Warning Motorized Varifocal Dome Network Camera","https://www.hikvision.com/en/products/IP-Products/Network-Cameras/Pro-Series-EasyIP-/ds-2cd27126g3-iptrzs2uy-s-l--rb-/","Min. Illumination","Color: 0.0008 Lux @ (F1.2, AGC ON),B/W: 0 Lux with IR"
"hikvision","Pro","EasyIP 4.0 Plus with AcuSense","DS-2CD27126G3-IPTRZS2UY/S(L)(RB)","12MP Acusense Strobe Light and Audible Warning Motorized Varifocal Dome Network Camera","https://www.hikvision.com/en/products/IP-Products/Network-Cameras/Pro-Series-EasyIP-/ds-2cd27126g3-iptrzs2uy-s-l--rb-/","Shutter Time","1 s to 1/100,000 s"
"hikvision","Pro","EasyIP 4.0 Plus with AcuSense","DS-2CD27126G3-IPTRZS2UY/S(L)(RB)","12MP Acusense Strobe Light and Audible Warning Motorized Varifocal Dome Network Camera","https://www.hikvision.com/en/products/IP-Products/Network-Cameras/Pro-Series-EasyIP-/ds-2cd27126g3-iptrzs2uy-s-l--rb-/","Day & Night","IR cut filter"
"hikvision","Pro","EasyIP 4.0 Plus with AcuSense","DS-2CD27126G3-IPTRZS2UY/S(L)(RB)","12MP Acusense Strobe Light and Audible Warning Motorized Varifocal Dome Network Camera","https://www.hikvision.com/en/products/IP-Products/Network-Cameras/Pro-Series-EasyIP-/ds-2cd27126g3-iptrzs2uy-s-l--rb-/","Angle Adjustment","Remote adjustment (Max. 1,000 cycles)\nPan: 0° to 350°,tilt: 0° to 85°,rotate: 0° to 350°"
"hikvision","Pro","EasyIP 4.0 Plus with AcuSense","DS-2CD27126G3-IPTRZS2UY/S(L)(RB)","12MP Acusense Strobe Light and Audible Warning Motorized Varifocal Dome Network Camera","https://www.hikvision.com/en/products/IP-Products/Network-Cameras/Pro-Series-EasyIP-/ds-2cd27126g3-iptrzs2uy-s-l--rb-/","Lens Type","Varifocal lens, motorized lens, 2.8 to 12 mm"
"hikvision","Pro","EasyIP 4.0 Plus with AcuSense","DS-2CD27126G3-IPTRZS2UY/S(L)(RB)","12MP Acusense Strobe Light and Audible Warning Motorized Varifocal Dome Network Camera","https://www.hikvision.com/en/products/IP-Products/Network-Cameras/Pro-Series-EasyIP-/ds-2cd27126g3-iptrzs2uy-s-l--rb-/","Focal Length & FOV","horizontal FOV 102° to 44°, vertical FOV 54° to 25°, diagonal FOV 123° to 51°"
"hikvision","Pro","EasyIP 4.0 Plus with AcuSense","DS-2CD27126G3-IPTRZS2UY/S(L)(RB)","12MP Acusense Strobe Light and Audible Warning Motorized Varifocal Dome Network Camera","https://www.hikvision.com/en/products/IP-Products/Network-Cameras/Pro-Series-EasyIP-/ds-2cd27126g3-iptrzs2uy-s-l--rb-/","Lens Mount","Integrated"
"hikvision","Pro","EasyIP 4.0 Plus with AcuSense","DS-2CD27126G3-IPTRZS2UY/S(L)(RB)","12MP Acusense Strobe Light and Audible Warning Motorized Varifocal Dome Network Camera","https://www.hikvision.com/en/products/IP-Products/Network-Cameras/Pro-Series-EasyIP-/ds-2cd27126g3-iptrzs2uy-s-l--rb-/","Iris Type","Fixed"
"hikvision","Pro","EasyIP 4.0 Plus with AcuSense","DS-2CD27126G3-IPTRZS2UY/S(L)(RB)","12MP Acusense Strobe Light and Audible Warning Motorized Varifocal Dome Network Camera","https://www.hikvision.com/en/products/IP-Products/Network-Cameras/Pro-Series-EasyIP-/ds-2cd27126g3-iptrzs2uy-s-l--rb-/","Aperture","Max. F1.2"
"hikvision","Pro","EasyIP 4.0 Plus with AcuSense","DS-2CD27126G3-IPTRZS2UY/S(L)(RB)","12MP Acusense Strobe Light and Audible Warning Motorized Varifocal Dome Network Camera","https://www.hikvision.com/en/products/IP-Products/Network-Cameras/Pro-Series-EasyIP-/ds-2cd27126g3-iptrzs2uy-s-l--rb-/","Depth Of Field","1 m to ∞"
"hikvision","Pro","EasyIP 4.0 Plus with AcuSense","DS-2CD27126G3-IPTRZS2UY/S(L)(RB)","12MP Acusense Strobe Light and Audible Warning Motorized Varifocal Dome Network Camera","https://www.hikvision.com/en/products/IP-Products/Network-Cameras/Pro-Series-EasyIP-/ds-2cd27126g3-iptrzs2uy-s-l--rb-/","DORI","Wide: D: 66.6 m, O: 26.4 m, R: 13.3 m, I: 6.7 m\nTele: D: 79.2 m, O: 31.4 m, R: 15.8 m, I: 7.9 m"
"hikvision","Pro","EasyIP 4.0 Plus with AcuSense","DS-2CD27126G3-IPTRZS2UY/S(L)(RB)","12MP Acusense Strobe Light and Audible Warning Motorized Varifocal Dome Network Camera","https://www.hikvision.com/en/products/IP-Products/Network-Cameras/Pro-Series-EasyIP-/ds-2cd27126g3-iptrzs2uy-s-l--rb-/","Supplement Light Type","IR"
"hikvision","Pro","EasyIP 4.0 Plus with AcuSense","DS-2CD27126G3-IPTRZS2UY/S(L)(RB)","12MP Acusense Strobe Light and Audible Warning Motorized Varifocal Dome Network Camera","https://www.hikvision.com/en/products/IP-Products/Network-Cameras/Pro-Series-EasyIP-/ds-2cd27126g3-iptrzs2uy-s-l--rb-/","Supplement Light Range","Up to 40 m"
"hikvision","Pro","EasyIP 4.0 Plus with AcuSense","DS-2CD27126G3-IPTRZS2UY/S(L)(RB)","12MP Acusense Strobe Light and Audible Warning Motorized Varifocal Dome Network Camera","https://www.hikvision.com/en/products/IP-Products/Network-Cameras/Pro-Series-EasyIP-/ds-2cd27126g3-iptrzs2uy-s-l--rb-/","Smart Supplement Light","Yes"
"hikvision","Pro","EasyIP 4.0 Plus with AcuSense","DS-2CD27126G3-IPTRZS2UY/S(L)(RB)","12MP Acusense Strobe Light and Audible Warning Motorized Varifocal Dome Network Camera","https://www.hikvision.com/en/products/IP-Products/Network-Cameras/Pro-Series-EasyIP-/ds-2cd27126g3-iptrzs2uy-s-l--rb-/","IR Wavelength","850 nm"
"hikvision","Pro","EasyIP 4.0 Plus with AcuSense","DS-2CD27126G3-IPTRZS2UY/S(L)(RB)","12MP Acusense Strobe Light and Audible Warning Motorized Varifocal Dome Network Camera","https://www.hikvision.com/en/products/IP-Products/Network-Cameras/Pro-Series-EasyIP-/ds-2cd27126g3-iptrzs2uy-s-l--rb-/","Main Stream","50Hz：\n20fps(4608 × 2592)\n25fps(3840 × 2160, 2688 × 1520, 1920 × 1080, 1280 × 720)\n60Hz：\n20fps(4608 × 2592)\n30fps(3840 × 2160, 2688 × 1520, 1920 × 1080, 1280 × 720)"
"hikvision","Pro","EasyIP 4.0 Plus with AcuSense","DS-2CD27126G3-IPTRZS2UY/S(L)(RB)","12MP Acusense Strobe Light and Audible Warning Motorized Varifocal Dome Network Camera","https://www.hikvision.com/en/products/IP-Products/Network-Cameras/Pro-Series-EasyIP-/ds-2cd27126g3-iptrzs2uy-s-l--rb-/","Sub-Stream","50 Hz: 25 fps (1280 × 720, 640 × 480, 640 × 360)\n60 Hz: 30 fps (1280 × 720, 640 × 480, 640 × 360)"
"hikvision","Pro","EasyIP 4.0 Plus with AcuSense","DS-2CD27126G3-IPTRZS2UY/S(L)(RB)","12MP Acusense Strobe Light and Audible Warning Motorized Varifocal Dome Network Camera","https://www.hikvision.com/en/products/IP-Products/Network-Cameras/Pro-Series-EasyIP-/ds-2cd27126g3-iptrzs2uy-s-l--rb-/","Third Stream","50 Hz: 10 fps (1920 × 1080, 1280 × 720, 640 × 480, 640 × 360)\n60 Hz: 10 fps (1920 × 1080, 1280 × 720, 640 × 480, 640 × 360)\n*Third stream is supported under certain settings."
"hikvision","Pro","EasyIP 4.0 Plus with AcuSense","DS-2CD27126G3-IPTRZS2UY/S(L)(RB)","12MP Acusense Strobe Light and Audible Warning Motorized Varifocal Dome Network Camera","https://www.hikvision.com/en/products/IP-Products/Network-Cameras/Pro-Series-EasyIP-/ds-2cd27126g3-iptrzs2uy-s-l--rb-/","Video Compression","Main stream: H.265/H.264/H.264+/H.265+,\nSub-stream: H.265/H.264/MJPEG,\nThird stream: H.265/H.264,\n*Third stream is supported under certain settings."
"hikvision","Pro","EasyIP 4.0 Plus with AcuSense","DS-2CD27126G3-IPTRZS2UY/S(L)(RB)","12MP Acusense Strobe Light and Audible Warning Motorized Varifocal Dome Network Camera","https://www.hikvision.com/en/products/IP-Products/Network-Cameras/Pro-Series-EasyIP-/ds-2cd27126g3-iptrzs2uy-s-l--rb-/","Video Bit Rate","32 Kbps to 24 Mbps"
"hikvision","Pro","EasyIP 4.0 Plus with AcuSense","DS-2CD27126G3-IPTRZS2UY/S(L)(RB)","12MP Acusense Strobe Light and Audible Warning Motorized Varifocal Dome Network Camera","https://www.hikvision.com/en/products/IP-Products/Network-Cameras/Pro-Series-EasyIP-/ds-2cd27126g3-iptrzs2uy-s-l--rb-/","H.264 Type","Baseline Profile,Main Profile,High Profile"
"hikvision","Pro","EasyIP 4.0 Plus with AcuSense","DS-2CD27126G3-IPTRZS2UY/S(L)(RB)","12MP Acusense Strobe Light and Audible Warning Motorized Varifocal Dome Network Camera","https://www.hikvision.com/en/products/IP-Products/Network-Cameras/Pro-Series-EasyIP-/ds-2cd27126g3-iptrzs2uy-s-l--rb-/","H.265 Type","Main Profile"
"hikvision","Pro","EasyIP 4.0 Plus with AcuSense","DS-2CD27126G3-IPTRZS2UY/S(L)(RB)","12MP Acusense Strobe Light and Audible Warning Motorized Varifocal Dome Network Camera","https://www.hikvision.com/en/products/IP-Products/Network-Cameras/Pro-Series-EasyIP-/ds-2cd27126g3-iptrzs2uy-s-l--rb-/","Bit Rate Control","CBR,VBR"
"hikvision","Pro","EasyIP 4.0 Plus with AcuSense","DS-2CD27126G3-IPTRZS2UY/S(L)(RB)","12MP Acusense Strobe Light and Audible Warning Motorized Varifocal Dome Network Camera","https://www.hikvision.com/en/products/IP-Products/Network-Cameras/Pro-Series-EasyIP-/ds-2cd27126g3-iptrzs2uy-s-l--rb-/","Scalable Video Coding (SVC)","H.264 and H.265 encoding"
"hikvision","Pro","EasyIP 4.0 Plus with AcuSense","DS-2CD27126G3-IPTRZS2UY/S(L)(RB)","12MP Acusense Strobe Light and Audible Warning Motorized Varifocal Dome Network Camera","https://www.hikvision.com/en/products/IP-Products/Network-Cameras/Pro-Series-EasyIP-/ds-2cd27126g3-iptrzs2uy-s-l--rb-/","Region Of Interest (ROI)","1 fixed region for main stream"
"hikvision","Pro","EasyIP 4.0 Plus with AcuSense","DS-2CD27126G3-IPTRZS2UY/S(L)(RB)","12MP Acusense Strobe Light and Audible Warning Motorized Varifocal Dome Network Camera","https://www.hikvision.com/en/products/IP-Products/Network-Cameras/Pro-Series-EasyIP-/ds-2cd27126g3-iptrzs2uy-s-l--rb-/","Audio Compression","-2U: G.711/G.722.1/G.726/MP2L2/PCM/MP3/AAC-LC"
"hikvision","Pro","EasyIP 4.0 Plus with AcuSense","DS-2CD27126G3-IPTRZS2UY/S(L)(RB)","12MP Acusense Strobe Light and Audible Warning Motorized Varifocal Dome Network Camera","https://www.hikvision.com/en/products/IP-Products/Network-Cameras/Pro-Series-EasyIP-/ds-2cd27126g3-iptrzs2uy-s-l--rb-/","Audio Type","-2U: Mono sound"
"hikvision","Pro","EasyIP 4.0 Plus with AcuSense","DS-2CD27126G3-IPTRZS2UY/S(L)(RB)","12MP Acusense Strobe Light and Audible Warning Motorized Varifocal Dome Network Camera","https://www.hikvision.com/en/products/IP-Products/Network-Cameras/Pro-Series-EasyIP-/ds-2cd27126g3-iptrzs2uy-s-l--rb-/","Audio Bit Rate","-2U: 64 Kbps (G.711ulaw/G.711alaw)/16 Kbps (G.722.1)/16 Kbps (G.726)/16 Kbps to 64 Kbps (AAC-LC)/32 to 192 Kbps (MP2L2)/8 to 320 Kbps (MP3)"
"hikvision","Pro","EasyIP 4.0 Plus with AcuSense","DS-2CD27126G3-IPTRZS2UY/S(L)(RB)","12MP Acusense Strobe Light and Audible Warning Motorized Varifocal Dome Network Camera","https://www.hikvision.com/en/products/IP-Products/Network-Cameras/Pro-Series-EasyIP-/ds-2cd27126g3-iptrzs2uy-s-l--rb-/","Audio Sampling Rate","-2U: 8 kHz/16 kHz/32 kHz/48 kHz"
"hikvision","Pro","EasyIP 4.0 Plus with AcuSense","DS-2CD27126G3-IPTRZS2UY/S(L)(RB)","12MP Acusense Strobe Light and Audible Warning Motorized Varifocal Dome Network Camera","https://www.hikvision.com/en/products/IP-Products/Network-Cameras/Pro-Series-EasyIP-/ds-2cd27126g3-iptrzs2uy-s-l--rb-/","Environment Noise Filtering","-2U: Yes"
"hikvision","Pro","EasyIP 4.0 Plus with AcuSense","DS-2CD27126G3-IPTRZS2UY/S(L)(RB)","12MP Acusense Strobe Light and Audible Warning Motorized Varifocal Dome Network Camera","https://www.hikvision.com/en/products/IP-Products/Network-Cameras/Pro-Series-EasyIP-/ds-2cd27126g3-iptrzs2uy-s-l--rb-/","Protocols","TCP/IP, ICMP, HTTP, HTTPS, FTP, DHCP, DNS, DDNS, RTP, RTSP, RTCP, NTP, UPnP, SMTP, IGMP, 802.1X, QoS, IPv4, IPv6, UDP, Bonjour, SSL/TLS, PPPoE, SNMP, WebSocket, WebSockets, SRTP, SFTP"
"hikvision","Pro","EasyIP 4.0 Plus with AcuSense","DS-2CD27126G3-IPTRZS2UY/S(L)(RB)","12MP Acusense Strobe Light and Audible Warning Motorized Varifocal Dome Network Camera","https://www.hikvision.com/en/products/IP-Products/Network-Cameras/Pro-Series-EasyIP-/ds-2cd27126g3-iptrzs2uy-s-l--rb-/","Simultaneous Live View","Up to 6 channels"
"hikvision","Pro","EasyIP 4.0 Plus with AcuSense","DS-2CD27126G3-IPTRZS2UY/S(L)(RB)","12MP Acusense Strobe Light and Audible Warning Motorized Varifocal Dome Network Camera","https://www.hikvision.com/en/products/IP-Products/Network-Cameras/Pro-Series-EasyIP-/ds-2cd27126g3-iptrzs2uy-s-l--rb-/","API","ONVIF (Profile S, Profile G, Profile T),ISAPI,SDK,ISUP"
"hikvision","Pro","EasyIP 4.0 Plus with AcuSense","DS-2CD27126G3-IPTRZS2UY/S(L)(RB)","12MP Acusense Strobe Light and Audible Warning Motorized Varifocal Dome Network Camera","https://www.hikvision.com/en/products/IP-Products/Network-Cameras/Pro-Series-EasyIP-/ds-2cd27126g3-iptrzs2uy-s-l--rb-/","User/Host","Up to 32 users\n3 user levels: administrator, operator, and user"
"hikvision","Pro","EasyIP 4.0 Plus with AcuSense","DS-2CD27126G3-IPTRZS2UY/S(L)(RB)","12MP Acusense Strobe Light and Audible Warning Motorized Varifocal Dome Network Camera","https://www.hikvision.com/en/products/IP-Products/Network-Cameras/Pro-Series-EasyIP-/ds-2cd27126g3-iptrzs2uy-s-l--rb-/","Security","Password protection, complicated password, HTTPS encryption, 802.1X authentication (EAP-TLS, EAP-LEAP, EAP-MD5), watermark, IP address filter, basic and digest authentication for HTTP/HTTPS, WSSE and digest authentication for Open Network Video Interface, RTP/RTSP over HTTPS, control timeout settings, security audit log, TLS 1.1/1.2/1.3, host authentication (MAC address)"
"hikvision","Pro","EasyIP 4.0 Plus with AcuSense","DS-2CD27126G3-IPTRZS2UY/S(L)(RB)","12MP Acusense Strobe Light and Audible Warning Motorized Varifocal Dome Network Camera","https://www.hikvision.com/en/products/IP-Products/Network-Cameras/Pro-Series-EasyIP-/ds-2cd27126g3-iptrzs2uy-s-l--rb-/","Network Storage","NAS (NFS, SMB/CIFS),Auto Network Replenishment (ANR)"
"hikvision","Pro","EasyIP 4.0 Plus with AcuSense","DS-2CD27126G3-IPTRZS2UY/S(L)(RB)","12MP Acusense Strobe Light and Audible Warning Motorized Varifocal Dome Network Camera","https://www.hikvision.com/en/products/IP-Products/Network-Cameras/Pro-Series-EasyIP-/ds-2cd27126g3-iptrzs2uy-s-l--rb-/","Client","iVMS-4200,Hik-Connect,Hik-Central"
"hikvision","Pro","EasyIP 4.0 Plus with AcuSense","DS-2CD27126G3-IPTRZS2UY/S(L)(RB)","12MP Acusense Strobe Light and Audible Warning Motorized Varifocal Dome Network Camera","https://www.hikvision.com/en/products/IP-Products/Network-Cameras/Pro-Series-EasyIP-/ds-2cd27126g3-iptrzs2uy-s-l--rb-/","Web Browser","Plug-in free live view: Chrome 80+, Firefox 80+, Edge 89+,\nLocal service: Chrome 80+, Firefox 80+, Edge 89+"
"hikvision","Pro","EasyIP 4.0 Plus with AcuSense","DS-2CD27126G3-IPTRZS2UY/S(L)(RB)","12MP Acusense Strobe Light and Audible Warning Motorized Varifocal Dome Network Camera","https://www.hikvision.com/en/products/IP-Products/Network-Cameras/Pro-Series-EasyIP-/ds-2cd27126g3-iptrzs2uy-s-l--rb-/","Image Parameters Switch","Yes"
"hikvision","Pro","EasyIP 4.0 Plus with AcuSense","DS-2CD27126G3-IPTRZS2UY/S(L)(RB)","12MP Acusense Strobe Light and Audible Warning Motorized Varifocal Dome Network Camera","https://www.hikvision.com/en/products/IP-Products/Network-Cameras/Pro-Series-EasyIP-/ds-2cd27126g3-iptrzs2uy-s-l--rb-/","Image Settings","Rotate mode,saturation,brightness,contrast,sharpness,gain,white balance,adjustable by client software or web browser"
"hikvision","Pro","EasyIP 4.0 Plus with AcuSense","DS-2CD27126G3-IPTRZS2UY/S(L)(RB)","12MP Acusense Strobe Light and Audible Warning Motorized Varifocal Dome Network Camera","https://www.hikvision.com/en/products/IP-Products/Network-Cameras/Pro-Series-EasyIP-/ds-2cd27126g3-iptrzs2uy-s-l--rb-/","Day/Night Switch","Day,Night,Auto,Schedule"
"hikvision","Pro","EasyIP 4.0 Plus with AcuSense","DS-2CD27126G3-IPTRZS2UY/S(L)(RB)","12MP Acusense Strobe Light and Audible Warning Motorized Varifocal Dome Network Camera","https://www.hikvision.com/en/products/IP-Products/Network-Cameras/Pro-Series-EasyIP-/ds-2cd27126g3-iptrzs2uy-s-l--rb-/","Image Enhancement","BLC,HLC,3D DNR,Distortion Correction,Defog"
"hikvision","Pro","EasyIP 4.0 Plus with AcuSense","DS-2CD27126G3-IPTRZS2UY/S(L)(RB)","12MP Acusense Strobe Light and Audible Warning Motorized Varifocal Dome Network Camera","https://www.hikvision.com/en/products/IP-Products/Network-Cameras/Pro-Series-EasyIP-/ds-2cd27126g3-iptrzs2uy-s-l--rb-/","SNR","≥ 52 dB"
"hikvision","Pro","EasyIP 4.0 Plus with AcuSense","DS-2CD27126G3-IPTRZS2UY/S(L)(RB)","12MP Acusense Strobe Light and Audible Warning Motorized Varifocal Dome Network Camera","https://www.hikvision.com/en/products/IP-Products/Network-Cameras/Pro-Series-EasyIP-/ds-2cd27126g3-iptrzs2uy-s-l--rb-/","Wide Dynamic Range (WDR)","130 dB"
"hikvision","Pro","EasyIP 4.0 Plus with AcuSense","DS-2CD27126G3-IPTRZS2UY/S(L)(RB)","12MP Acusense Strobe Light and Audible Warning Motorized Varifocal Dome Network Camera","https://www.hikvision.com/en/products/IP-Products/Network-Cameras/Pro-Series-EasyIP-/ds-2cd27126g3-iptrzs2uy-s-l--rb-/","Privacy Mask","4 programmable polygon privacy masks"
"hikvision","Pro","EasyIP 4.0 Plus with AcuSense","DS-2CD27126G3-IPTRZS2UY/S(L)(RB)","12MP Acusense Strobe Light and Audible Warning Motorized Varifocal Dome Network Camera","https://www.hikvision.com/en/products/IP-Products/Network-Cameras/Pro-Series-EasyIP-/ds-2cd27126g3-iptrzs2uy-s-l--rb-/","Ethernet Interface","1 RJ45 10 M/100 M self-adaptive Ethernet port"
"hikvision","Pro","EasyIP 4.0 Plus with AcuSense","DS-2CD27126G3-IPTRZS2UY/S(L)(RB)","12MP Acusense Strobe Light and Audible Warning Motorized Varifocal Dome Network Camera","https://www.hikvision.com/en/products/IP-Products/Network-Cameras/Pro-Series-EasyIP-/ds-2cd27126g3-iptrzs2uy-s-l--rb-/","On-Board Storage","Built-in memory card slot, support microSD/microSDHC/microSDXC card, up to 512 GB"
"hikvision","Pro","EasyIP 4.0 Plus with AcuSense","DS-2CD27126G3-IPTRZS2UY/S(L)(RB)","12MP Acusense Strobe Light and Audible Warning Motorized Varifocal Dome Network Camera","https://www.hikvision.com/en/products/IP-Products/Network-Cameras/Pro-Series-EasyIP-/ds-2cd27126g3-iptrzs2uy-s-l--rb-/","Built-In Speaker","1 built-in speaker,Max. power consumption: 2 W, max. sound pressure level: 10 cm: 97 dB."
"hikvision","Pro","EasyIP 4.0 Plus with AcuSense","DS-2CD27126G3-IPTRZS2UY/S(L)(RB)","12MP Acusense Strobe Light and Audible Warning Motorized Varifocal Dome Network Camera","https://www.hikvision.com/en/products/IP-Products/Network-Cameras/Pro-Series-EasyIP-/ds-2cd27126g3-iptrzs2uy-s-l--rb-/","Audio","Built-in Microphone: Arrayed dual-microphone,\n1 input (line in), two-core terminal block, max. input amplitude: 3.3 Vpp, input impedance: 4.7 KΩ, interface type: non-equilibrium,\n1 output (line out), two-core terminal block, max. output amplitude: 3.3 Vpp, output impedance: 100 Ω, interface type: non-equilibrium"
"hikvision","Pro","EasyIP 4.0 Plus with AcuSense","DS-2CD27126G3-IPTRZS2UY/S(L)(RB)","12MP Acusense Strobe Light and Audible Warning Motorized Varifocal Dome Network Camera","https://www.hikvision.com/en/products/IP-Products/Network-Cameras/Pro-Series-EasyIP-/ds-2cd27126g3-iptrzs2uy-s-l--rb-/","Alarm","1 input, 1 output (max. 24 VDC/24 VAC, 1 A)"
"hikvision","Pro","EasyIP 4.0 Plus with AcuSense","DS-2CD27126G3-IPTRZS2UY/S(L)(RB)","12MP Acusense Strobe Light and Audible Warning Motorized Varifocal Dome Network Camera","https://www.hikvision.com/en/products/IP-Products/Network-Cameras/Pro-Series-EasyIP-/ds-2cd27126g3-iptrzs2uy-s-l--rb-/","Reset Key","Yes"
"hikvision","Pro","EasyIP 4.0 Plus with AcuSense","DS-2CD27126G3-IPTRZS2UY/S(L)(RB)","12MP Acusense Strobe Light and Audible Warning Motorized Varifocal Dome Network Camera","https://www.hikvision.com/en/products/IP-Products/Network-Cameras/Pro-Series-EasyIP-/ds-2cd27126g3-iptrzs2uy-s-l--rb-/","Basic Event","Motion detection (support alarm triggering by specified target types (human and vehicle)),video tampering alarm,exception"
"hikvision","Pro","EasyIP 4.0 Plus with AcuSense","DS-2CD27126G3-IPTRZS2UY/S(L)(RB)","12MP Acusense Strobe Light and Audible Warning Motorized Varifocal Dome Network Camera","https://www.hikvision.com/en/products/IP-Products/Network-Cameras/Pro-Series-EasyIP-/ds-2cd27126g3-iptrzs2uy-s-l--rb-/","Smart Event","Scene change detection"
"hikvision","Pro","EasyIP 4.0 Plus with AcuSense","DS-2CD27126G3-IPTRZS2UY/S(L)(RB)","12MP Acusense Strobe Light and Audible Warning Motorized Varifocal Dome Network Camera","https://www.hikvision.com/en/products/IP-Products/Network-Cameras/Pro-Series-EasyIP-/ds-2cd27126g3-iptrzs2uy-s-l--rb-/","Linkage","Upload to FTP/NAS/memory card,notify surveillance center,trigger recording,trigger capture,send email"
"hikvision","Pro","EasyIP 4.0 Plus with AcuSense","DS-2CD27126G3-IPTRZS2UY/S(L)(RB)","12MP Acusense Strobe Light and Audible Warning Motorized Varifocal Dome Network Camera","https://www.hikvision.com/en/products/IP-Products/Network-Cameras/Pro-Series-EasyIP-/ds-2cd27126g3-iptrzs2uy-s-l--rb-/","Face Capture","Yes"
"hikvision","Pro","EasyIP 4.0 Plus with AcuSense","DS-2CD27126G3-IPTRZS2UY/S(L)(RB)","12MP Acusense Strobe Light and Audible Warning Motorized Varifocal Dome Network Camera","https://www.hikvision.com/en/products/IP-Products/Network-Cameras/Pro-Series-EasyIP-/ds-2cd27126g3-iptrzs2uy-s-l--rb-/","Perimeter Protection","Line crossing, intrusion, region entrance, region exiting\nSupport alarm triggering by specified target types (human and vehicle)"
"hikvision","Pro","EasyIP 4.0 Plus with AcuSense","DS-2CD27126G3-IPTRZS2UY/S(L)(RB)","12MP Acusense Strobe Light and Audible Warning Motorized Varifocal Dome Network Camera","https://www.hikvision.com/en/products/IP-Products/Network-Cameras/Pro-Series-EasyIP-/ds-2cd27126g3-iptrzs2uy-s-l--rb-/","Power","12 VDC ± 25%, 1.1 A, max. 13.2 W,\nPoE: IEEE 802.3at, Class 4, max. 15 W"
"hikvision","Pro","EasyIP 4.0 Plus with AcuSense","DS-2CD27126G3-IPTRZS2UY/S(L)(RB)","12MP Acusense Strobe Light and Audible Warning Motorized Varifocal Dome Network Camera","https://www.hikvision.com/en/products/IP-Products/Network-Cameras/Pro-Series-EasyIP-/ds-2cd27126g3-iptrzs2uy-s-l--rb-/","Material","Metal"
"hikvision","Pro","EasyIP 4.0 Plus with AcuSense","DS-2CD27126G3-IPTRZS2UY/S(L)(RB)","12MP Acusense Strobe Light and Audible Warning Motorized Varifocal Dome Network Camera","https://www.hikvision.com/en/products/IP-Products/Network-Cameras/Pro-Series-EasyIP-/ds-2cd27126g3-iptrzs2uy-s-l--rb-/","Dimension","Ø155 mm × 140.4 mm (Ø6.10\" × 5.53\")"
"hikvision","Pro","EasyIP 4.0 Plus with AcuSense","DS-2CD27126G3-IPTRZS2UY/S(L)(RB)","12MP Acusense Strobe Light and Audible Warning Motorized Varifocal Dome Network Camera","https://www.hikvision.com/en/products/IP-Products/Network-Cameras/Pro-Series-EasyIP-/ds-2cd27126g3-iptrzs2uy-s-l--rb-/","Package Dimension","203 mm × 203 mm × 230 mm (8.0\" × 8.0\" × 9.1\")"
"hikvision","Pro","EasyIP 4.0 Plus with AcuSense","DS-2CD27126G3-IPTRZS2UY/S(L)(RB)","12MP Acusense Strobe Light and Audible Warning Motorized Varifocal Dome Network Camera","https://www.hikvision.com/en/products/IP-Products/Network-Cameras/Pro-Series-EasyIP-/ds-2cd27126g3-iptrzs2uy-s-l--rb-/","Weight","Approx. 840 g (1.9 lb.)"
"hikvision","Pro","EasyIP 4.0 Plus with AcuSense","DS-2CD27126G3-IPTRZS2UY/S(L)(RB)","12MP Acusense Strobe Light and Audible Warning Motorized Varifocal Dome Network Camera","https://www.hikvision.com/en/products/IP-Products/Network-Cameras/Pro-Series-EasyIP-/ds-2cd27126g3-iptrzs2uy-s-l--rb-/","With Package Weight","Approx. 1450 g (3.2 lb.)"
"hikvision","Pro","EasyIP 4.0 Plus with AcuSense","DS-2CD27126G3-IPTRZS2UY/S(L)(RB)","12MP Acusense Strobe Light and Audible Warning Motorized Varifocal Dome Network Camera","https://www.hikvision.com/en/products/IP-Products/Network-Cameras/Pro-Series-EasyIP-/ds-2cd27126g3-iptrzs2uy-s-l--rb-/","Storage Conditions","-30 °C to 60 °C (-22 °F to 140 °F). Humidity 95% or less (non-condensing)"
"hikvision","Pro","EasyIP 4.0 Plus with AcuSense","DS-2CD27126G3-IPTRZS2UY/S(L)(RB)","12MP Acusense Strobe Light and Audible Warning Motorized Varifocal Dome Network Camera","https://www.hikvision.com/en/products/IP-Products/Network-Cameras/Pro-Series-EasyIP-/ds-2cd27126g3-iptrzs2uy-s-l--rb-/","Startup And Operating Conditions","-30 °C to 60 °C (-22 °F to 140 °F). Humidity 95% or less (non-condensing)"
"hikvision","Pro","EasyIP 4.0 Plus with AcuSense","DS-2CD27126G3-IPTRZS2UY/S(L)(RB)","12MP Acusense Strobe Light and Audible Warning Motorized Varifocal Dome Network Camera","https://www.hikvision.com/en/products/IP-Products/Network-Cameras/Pro-Series-EasyIP-/ds-2cd27126g3-iptrzs2uy-s-l--rb-/","General Function","Heartbeat,mirror,flash log,password reset via email,pixel counter,anti-banding"
"hikvision","Pro","EasyIP 4.0 Plus with AcuSense","DS-2CD27126G3-IPTRZS2UY/S(L)(RB)","12MP Acusense Strobe Light and Audible Warning Motorized Varifocal Dome Network Camera","https://www.hikvision.com/en/products/IP-Products/Network-Cameras/Pro-Series-EasyIP-/ds-2cd27126g3-iptrzs2uy-s-l--rb-/","Language","33 languages: English, Russian, Estonian, Bulgarian, Hungarian, Greek, German, Italian, Czech, Slovak, French, Polish, Dutch, Portuguese, Spanish, Romanian, Danish, Swedish, Norwegian, Finnish, Croatian, Slovenian, Serbian, Turkish, Korean, Traditional Chinese, Thai, Vietnamese, Japanese, Latvian, Lithuanian, Portuguese (Brazil), Ukrainian"
"hikvision","Pro","EasyIP 4.0 Plus with AcuSense","DS-2CD27126G3-IPTRZS2UY/S(L)(RB)","12MP Acusense Strobe Light and Audible Warning Motorized Varifocal Dome Network Camera","https://www.hikvision.com/en/products/IP-Products/Network-Cameras/Pro-Series-EasyIP-/ds-2cd27126g3-iptrzs2uy-s-l--rb-/","Flashing Light","/SRB model: Red and Blue Light\n/SL model: White Light"
"hikvision","Pro","EasyIP 4.0 Plus with AcuSense","DS-2CD27126G3-IPTRZS2UY/S(L)(RB)","12MP Acusense Strobe Light and Audible Warning Motorized Varifocal Dome Network Camera","https://www.hikvision.com/en/products/IP-Products/Network-Cameras/Pro-Series-EasyIP-/ds-2cd27126g3-iptrzs2uy-s-l--rb-/","EMC","CE-EMC: EN 55032: 2015, EN 61000-3-2:2019, EN 61000-3-3: 2013+A1:2019, EN 50130-4: 2011 +A1: 2014"
"hikvision","Pro","EasyIP 4.0 Plus with AcuSense","DS-2CD27126G3-IPTRZS2UY/S(L)(RB)","12MP Acusense Strobe Light and Audible Warning Motorized Varifocal Dome Network Camera","https://www.hikvision.com/en/products/IP-Products/Network-Cameras/Pro-Series-EasyIP-/ds-2cd27126g3-iptrzs2uy-s-l--rb-/","Safety","CB: IEC 62368-1: 2014+A11,\nCE-LVD: EN 62368-1: 2014/A11: 2017"
"hikvision","Pro","EasyIP 4.0 Plus with AcuSense","DS-2CD27126G3-IPTRZS2UY/S(L)(RB)","12MP Acusense Strobe Light and Audible Warning Motorized Varifocal Dome Network Camera","https://www.hikvision.com/en/products/IP-Products/Network-Cameras/Pro-Series-EasyIP-/ds-2cd27126g3-iptrzs2uy-s-l--rb-/","Environment","CE-RoHS: 2011/65/EU,\nWEEE: 2012/19/EU,\nReach: Regulation (EC) No 1907/2006"
"hikvision","Pro","EasyIP 4.0 Plus with AcuSense","DS-2CD27126G3-IPTRZS2UY/S(L)(RB)","12MP Acusense Strobe Light and Audible Warning Motorized Varifocal Dome Network Camera","https://www.hikvision.com/en/products/IP-Products/Network-Cameras/Pro-Series-EasyIP-/ds-2cd27126g3-iptrzs2uy-s-l--rb-/","Protection","IK10: IEC 62262:2002,IP66: IEC 60529-2013"
"hikvision","Pro","EasyIP 4.0 Plus with AcuSense","DS-2CD27126G3-IPTRZS2UY/S(L)(RB)","12MP Acusense Strobe Light and Audible Warning Motorized Varifocal Dome Network Camera","https://www.hikvision.com/en/products/IP-Products/Network-Cameras/Pro-Series-EasyIP-/ds-2cd27126g3-iptrzs2uy-s-l--rb-/","Anti-Corrosion Protection","NEMA 4X (NEMA 250-2018)"
"hikvision","Pro","EasyIP 4.0 Plus with AcuSense","DS-2CD27126G3-IPTRZSY","12MP Acusense Powered by Darkfighter Motorized Varifocal Dome Network Camera","https://www.hikvision.com/en/products/IP-Products/Network-Cameras/Pro-Series-EasyIP-/ds-2cd27126g3-iptrzsy/","Image Sensor","1/1.8\" Progressive Scan CMOS"
"hikvision","Pro","EasyIP 4.0 Plus with AcuSense","DS-2CD27126G3-IPTRZSY","12MP Acusense Powered by Darkfighter Motorized Varifocal Dome Network Camera","https://www.hikvision.com/en/products/IP-Products/Network-Cameras/Pro-Series-EasyIP-/ds-2cd27126g3-iptrzsy/","Max. Resolution","4608 × 2592"
"hikvision","Pro","EasyIP 4.0 Plus with AcuSense","DS-2CD27126G3-IPTRZSY","12MP Acusense Powered by Darkfighter Motorized Varifocal Dome Network Camera","https://www.hikvision.com/en/products/IP-Products/Network-Cameras/Pro-Series-EasyIP-/ds-2cd27126g3-iptrzsy/","Min. Illumination","Color: 0.0008 Lux @ (F1.2, AGC ON),B/W: 0 Lux with IR"
"hikvision","Pro","EasyIP 4.0 Plus with AcuSense","DS-2CD27126G3-IPTRZSY","12MP Acusense Powered by Darkfighter Motorized Varifocal Dome Network Camera","https://www.hikvision.com/en/products/IP-Products/Network-Cameras/Pro-Series-EasyIP-/ds-2cd27126g3-iptrzsy/","Shutter Time","1 s to 1/100,000 s"
"hikvision","Pro","EasyIP 4.0 Plus with AcuSense","DS-2CD27126G3-IPTRZSY","12MP Acusense Powered by Darkfighter Motorized Varifocal Dome Network Camera","https://www.hikvision.com/en/products/IP-Products/Network-Cameras/Pro-Series-EasyIP-/ds-2cd27126g3-iptrzsy/","Day & Night","IR cut filter"
"hikvision","Pro","EasyIP 4.0 Plus with AcuSense","DS-2CD27126G3-IPTRZSY","12MP Acusense Powered by Darkfighter Motorized Varifocal Dome Network Camera","https://www.hikvision.com/en/products/IP-Products/Network-Cameras/Pro-Series-EasyIP-/ds-2cd27126g3-iptrzsy/","Angle Adjustment","Remote adjustment (Max. 1,000 cycles)\nPan: 0° to 350°,tilt: 0° to 85°,rotate: 0° to 350°"
"hikvision","Pro","EasyIP 4.0 Plus with AcuSense","DS-2CD27126G3-IPTRZSY","12MP Acusense Powered by Darkfighter Motorized Varifocal Dome Network Camera","https://www.hikvision.com/en/products/IP-Products/Network-Cameras/Pro-Series-EasyIP-/ds-2cd27126g3-iptrzsy/","Lens Type","Varifocal lens, motorized lens, 2.8 to 12 mm"
"hikvision","Pro","EasyIP 4.0 Plus with AcuSense","DS-2CD27126G3-IPTRZSY","12MP Acusense Powered by Darkfighter Motorized Varifocal Dome Network Camera","https://www.hikvision.com/en/products/IP-Products/Network-Cameras/Pro-Series-EasyIP-/ds-2cd27126g3-iptrzsy/","Focal Length & FOV","horizontal FOV 102° to 44°, vertical FOV 54° to 25°, diagonal FOV 123° to 51°"
"hikvision","Pro","EasyIP 4.0 Plus with AcuSense","DS-2CD27126G3-IPTRZSY","12MP Acusense Powered by Darkfighter Motorized Varifocal Dome Network Camera","https://www.hikvision.com/en/products/IP-Products/Network-Cameras/Pro-Series-EasyIP-/ds-2cd27126g3-iptrzsy/","Lens Mount","Integrated"
"hikvision","Pro","EasyIP 4.0 Plus with AcuSense","DS-2CD27126G3-IPTRZSY","12MP Acusense Powered by Darkfighter Motorized Varifocal Dome Network Camera","https://www.hikvision.com/en/products/IP-Products/Network-Cameras/Pro-Series-EasyIP-/ds-2cd27126g3-iptrzsy/","Iris Type","Fixed"
"hikvision","Pro","EasyIP 4.0 Plus with AcuSense","DS-2CD27126G3-IPTRZSY","12MP Acusense Powered by Darkfighter Motorized Varifocal Dome Network Camera","https://www.hikvision.com/en/products/IP-Products/Network-Cameras/Pro-Series-EasyIP-/ds-2cd27126g3-iptrzsy/","Aperture","Max. F1.2"
"hikvision","Pro","EasyIP 4.0 Plus with AcuSense","DS-2CD27126G3-IPTRZSY","12MP Acusense Powered by Darkfighter Motorized Varifocal Dome Network Camera","https://www.hikvision.com/en/products/IP-Products/Network-Cameras/Pro-Series-EasyIP-/ds-2cd27126g3-iptrzsy/","Depth Of Field","1 m to ∞"
"hikvision","Pro","EasyIP 4.0 Plus with AcuSense","DS-2CD27126G3-IPTRZSY","12MP Acusense Powered by Darkfighter Motorized Varifocal Dome Network Camera","https://www.hikvision.com/en/products/IP-Products/Network-Cameras/Pro-Series-EasyIP-/ds-2cd27126g3-iptrzsy/","DORI","Wide: D: 66.6 m, O: 26.4 m, R: 13.3 m, I: 6.7 m\nTele: D: 79.2 m, O: 31.4 m, R: 15.8 m, I: 7.9 m"
"hikvision","Pro","EasyIP 4.0 Plus with AcuSense","DS-2CD27126G3-IPTRZSY","12MP Acusense Powered by Darkfighter Motorized Varifocal Dome Network Camera","https://www.hikvision.com/en/products/IP-Products/Network-Cameras/Pro-Series-EasyIP-/ds-2cd27126g3-iptrzsy/","Supplement Light Type","IR"
"hikvision","Pro","EasyIP 4.0 Plus with AcuSense","DS-2CD27126G3-IPTRZSY","12MP Acusense Powered by Darkfighter Motorized Varifocal Dome Network Camera","https://www.hikvision.com/en/products/IP-Products/Network-Cameras/Pro-Series-EasyIP-/ds-2cd27126g3-iptrzsy/","Supplement Light Range","Up to 40 m"
"hikvision","Pro","EasyIP 4.0 Plus with AcuSense","DS-2CD27126G3-IPTRZSY","12MP Acusense Powered by Darkfighter Motorized Varifocal Dome Network Camera","https://www.hikvision.com/en/products/IP-Products/Network-Cameras/Pro-Series-EasyIP-/ds-2cd27126g3-iptrzsy/","Smart Supplement Light","Yes"
"hikvision","Pro","EasyIP 4.0 Plus with AcuSense","DS-2CD27126G3-IPTRZSY","12MP Acusense Powered by Darkfighter Motorized Varifocal Dome Network Camera","https://www.hikvision.com/en/products/IP-Products/Network-Cameras/Pro-Series-EasyIP-/ds-2cd27126g3-iptrzsy/","IR Wavelength","850 nm"
"hikvision","Pro","EasyIP 4.0 Plus with AcuSense","DS-2CD27126G3-IPTRZSY","12MP Acusense Powered by Darkfighter Motorized Varifocal Dome Network Camera","https://www.hikvision.com/en/products/IP-Products/Network-Cameras/Pro-Series-EasyIP-/ds-2cd27126g3-iptrzsy/","Main Stream","50Hz：\n20fps(4608 × 2592)\n25fps(3840 × 2160, 2688 × 1520, 1920 × 1080, 1280 × 720)\n60Hz：\n20fps(4608 × 2592)\n30fps(3840 × 2160, 2688 × 1520, 1920 × 1080, 1280 × 720)"
"hikvision","Pro","EasyIP 4.0 Plus with AcuSense","DS-2CD27126G3-IPTRZSY","12MP Acusense Powered by Darkfighter Motorized Varifocal Dome Network Camera","https://www.hikvision.com/en/products/IP-Products/Network-Cameras/Pro-Series-EasyIP-/ds-2cd27126g3-iptrzsy/","Sub-Stream","50 Hz: 25 fps (1280 × 720, 640 × 480, 640 × 360)\n60 Hz: 30 fps (1280 × 720, 640 × 480, 640 × 360)"
"hikvision","Pro","EasyIP 4.0 Plus with AcuSense","DS-2CD27126G3-IPTRZSY","12MP Acusense Powered by Darkfighter Motorized Varifocal Dome Network Camera","https://www.hikvision.com/en/products/IP-Products/Network-Cameras/Pro-Series-EasyIP-/ds-2cd27126g3-iptrzsy/","Third Stream","50 Hz: 10 fps (1920 × 1080, 1280 × 720, 640 × 480, 640 × 360)\n60 Hz: 10 fps (1920 × 1080, 1280 × 720, 640 × 480, 640 × 360)\n*Third stream is supported under certain settings."
"hikvision","Pro","EasyIP 4.0 Plus with AcuSense","DS-2CD27126G3-IPTRZSY","12MP Acusense Powered by Darkfighter Motorized Varifocal Dome Network Camera","https://www.hikvision.com/en/products/IP-Products/Network-Cameras/Pro-Series-EasyIP-/ds-2cd27126g3-iptrzsy/","Video Compression","Main stream: H.265/H.264/H.264+/H.265+,\nSub-stream: H.265/H.264/MJPEG,\nThird stream: H.265/H.264"
"hikvision","Pro","EasyIP 4.0 Plus with AcuSense","DS-2CD27126G3-IPTRZSY","12MP Acusense Powered by Darkfighter Motorized Varifocal Dome Network Camera","https://www.hikvision.com/en/products/IP-Products/Network-Cameras/Pro-Series-EasyIP-/ds-2cd27126g3-iptrzsy/","Video Bit Rate","32 Kbps to 24 Mbps"
"hikvision","Pro","EasyIP 4.0 Plus with AcuSense","DS-2CD27126G3-IPTRZSY","12MP Acusense Powered by Darkfighter Motorized Varifocal Dome Network Camera","https://www.hikvision.com/en/products/IP-Products/Network-Cameras/Pro-Series-EasyIP-/ds-2cd27126g3-iptrzsy/","H.264 Type","Baseline Profile,Main Profile,High Profile"
"hikvision","Pro","EasyIP 4.0 Plus with AcuSense","DS-2CD27126G3-IPTRZSY","12MP Acusense Powered by Darkfighter Motorized Varifocal Dome Network Camera","https://www.hikvision.com/en/products/IP-Products/Network-Cameras/Pro-Series-EasyIP-/ds-2cd27126g3-iptrzsy/","H.265 Type","Main Profile"
"hikvision","Pro","EasyIP 4.0 Plus with AcuSense","DS-2CD27126G3-IPTRZSY","12MP Acusense Powered by Darkfighter Motorized Varifocal Dome Network Camera","https://www.hikvision.com/en/products/IP-Products/Network-Cameras/Pro-Series-EasyIP-/ds-2cd27126g3-iptrzsy/","Bit Rate Control","CBR,VBR"
"hikvision","Pro","EasyIP 4.0 Plus with AcuSense","DS-2CD27126G3-IPTRZSY","12MP Acusense Powered by Darkfighter Motorized Varifocal Dome Network Camera","https://www.hikvision.com/en/products/IP-Products/Network-Cameras/Pro-Series-EasyIP-/ds-2cd27126g3-iptrzsy/","Scalable Video Coding (SVC)","H.264 and H.265 encoding"
"hikvision","Pro","EasyIP 4.0 Plus with AcuSense","DS-2CD27126G3-IPTRZSY","12MP Acusense Powered by Darkfighter Motorized Varifocal Dome Network Camera","https://www.hikvision.com/en/products/IP-Products/Network-Cameras/Pro-Series-EasyIP-/ds-2cd27126g3-iptrzsy/","Region Of Interest (ROI)","1 fixed region for main stream"
"hikvision","Pro","EasyIP 4.0 Plus with AcuSense","DS-2CD27126G3-IPTRZSY","12MP Acusense Powered by Darkfighter Motorized Varifocal Dome Network Camera","https://www.hikvision.com/en/products/IP-Products/Network-Cameras/Pro-Series-EasyIP-/ds-2cd27126g3-iptrzsy/","Audio Compression","-2U: G.711/G.722.1/G.726/MP2L2/PCM/MP3/AAC-LC"
"hikvision","Pro","EasyIP 4.0 Plus with AcuSense","DS-2CD27126G3-IPTRZSY","12MP Acusense Powered by Darkfighter Motorized Varifocal Dome Network Camera","https://www.hikvision.com/en/products/IP-Products/Network-Cameras/Pro-Series-EasyIP-/ds-2cd27126g3-iptrzsy/","Audio Type","-2U: Mono sound"
"hikvision","Pro","EasyIP 4.0 Plus with AcuSense","DS-2CD27126G3-IPTRZSY","12MP Acusense Powered by Darkfighter Motorized Varifocal Dome Network Camera","https://www.hikvision.com/en/products/IP-Products/Network-Cameras/Pro-Series-EasyIP-/ds-2cd27126g3-iptrzsy/","Audio Bit Rate","-2U: 64 Kbps (G.711ulaw/G.711alaw)/16 Kbps (G.722.1)/16 Kbps (G.726)/16 Kbps to 64 Kbps (AAC-LC)/32 to 192 Kbps (MP2L2)/8 to 320 Kbps (MP3)"
"hikvision","Pro","EasyIP 4.0 Plus with AcuSense","DS-2CD27126G3-IPTRZSY","12MP Acusense Powered by Darkfighter Motorized Varifocal Dome Network Camera","https://www.hikvision.com/en/products/IP-Products/Network-Cameras/Pro-Series-EasyIP-/ds-2cd27126g3-iptrzsy/","Audio Sampling Rate","-2U: 8 kHz/16 kHz/32 kHz/48 kHz"
"hikvision","Pro","EasyIP 4.0 Plus with AcuSense","DS-2CD27126G3-IPTRZSY","12MP Acusense Powered by Darkfighter Motorized Varifocal Dome Network Camera","https://www.hikvision.com/en/products/IP-Products/Network-Cameras/Pro-Series-EasyIP-/ds-2cd27126g3-iptrzsy/","Environment Noise Filtering","-2U: Yes"
"hikvision","Pro","EasyIP 4.0 Plus with AcuSense","DS-2CD27126G3-IPTRZSY","12MP Acusense Powered by Darkfighter Motorized Varifocal Dome Network Camera","https://www.hikvision.com/en/products/IP-Products/Network-Cameras/Pro-Series-EasyIP-/ds-2cd27126g3-iptrzsy/","Protocols","TCP/IP, ICMP, HTTP, HTTPS, FTP, DHCP, DNS, DDNS, RTP, RTSP, RTCP, NTP, UPnP, SMTP, IGMP, 802.1X, QoS, IPv4, IPv6, UDP, Bonjour, SSL/TLS, PPPoE, SNMP, WebSocket, WebSockets, SRTP, SFTP"
"hikvision","Pro","EasyIP 4.0 Plus with AcuSense","DS-2CD27126G3-IPTRZSY","12MP Acusense Powered by Darkfighter Motorized Varifocal Dome Network Camera","https://www.hikvision.com/en/products/IP-Products/Network-Cameras/Pro-Series-EasyIP-/ds-2cd27126g3-iptrzsy/","Simultaneous Live View","Up to 6 channels"
"hikvision","Pro","EasyIP 4.0 Plus with AcuSense","DS-2CD27126G3-IPTRZSY","12MP Acusense Powered by Darkfighter Motorized Varifocal Dome Network Camera","https://www.hikvision.com/en/products/IP-Products/Network-Cameras/Pro-Series-EasyIP-/ds-2cd27126g3-iptrzsy/","API","ONVIF (Profile S, Profile G, Profile T),ISAPI,SDK,ISUP"
"hikvision","Pro","EasyIP 4.0 Plus with AcuSense","DS-2CD27126G3-IPTRZSY","12MP Acusense Powered by Darkfighter Motorized Varifocal Dome Network Camera","https://www.hikvision.com/en/products/IP-Products/Network-Cameras/Pro-Series-EasyIP-/ds-2cd27126g3-iptrzsy/","User/Host","Up to 32 users\n3 user levels: administrator, operator, and user"
"hikvision","Pro","EasyIP 4.0 Plus with AcuSense","DS-2CD27126G3-IPTRZSY","12MP Acusense Powered by Darkfighter Motorized Varifocal Dome Network Camera","https://www.hikvision.com/en/products/IP-Products/Network-Cameras/Pro-Series-EasyIP-/ds-2cd27126g3-iptrzsy/","Security","Password protection, complicated password, HTTPS encryption, 802.1X authentication (EAP-TLS, EAP-LEAP, EAP-MD5), watermark, IP address filter, basic and digest authentication for HTTP/HTTPS, WSSE and digest authentication for Open Network Video Interface, RTP/RTSP over HTTPS, control timeout settings, security audit log, TLS 1.1/1.2/1.3, host authentication (MAC address)"
"hikvision","Pro","EasyIP 4.0 Plus with AcuSense","DS-2CD27126G3-IPTRZSY","12MP Acusense Powered by Darkfighter Motorized Varifocal Dome Network Camera","https://www.hikvision.com/en/products/IP-Products/Network-Cameras/Pro-Series-EasyIP-/ds-2cd27126g3-iptrzsy/","Network Storage","NAS (NFS, SMB/CIFS),Auto Network Replenishment (ANR)"
"hikvision","Pro","EasyIP 4.0 Plus with AcuSense","DS-2CD27126G3-IPTRZSY","12MP Acusense Powered by Darkfighter Motorized Varifocal Dome Network Camera","https://www.hikvision.com/en/products/IP-Products/Network-Cameras/Pro-Series-EasyIP-/ds-2cd27126g3-iptrzsy/","Client","iVMS-4200,Hik-Connect,Hik-Central"
"hikvision","Pro","EasyIP 4.0 Plus with AcuSense","DS-2CD27126G3-IPTRZSY","12MP Acusense Powered by Darkfighter Motorized Varifocal Dome Network Camera","https://www.hikvision.com/en/products/IP-Products/Network-Cameras/Pro-Series-EasyIP-/ds-2cd27126g3-iptrzsy/","Web Browser","Plug-in free live view: Chrome 80+, Firefox 80+, Edge 89+,\nLocal service: Chrome 80+, Firefox 80+, Edge 89+"
"hikvision","Pro","EasyIP 4.0 Plus with AcuSense","DS-2CD27126G3-IPTRZSY","12MP Acusense Powered by Darkfighter Motorized Varifocal Dome Network Camera","https://www.hikvision.com/en/products/IP-Products/Network-Cameras/Pro-Series-EasyIP-/ds-2cd27126g3-iptrzsy/","Image Parameters Switch","Yes"
"hikvision","Pro","EasyIP 4.0 Plus with AcuSense","DS-2CD27126G3-IPTRZSY","12MP Acusense Powered by Darkfighter Motorized Varifocal Dome Network Camera","https://www.hikvision.com/en/products/IP-Products/Network-Cameras/Pro-Series-EasyIP-/ds-2cd27126g3-iptrzsy/","Image Settings","Rotate mode,saturation,brightness,contrast,sharpness,gain,white balance,adjustable by client software or web browser"
"hikvision","Pro","EasyIP 4.0 Plus with AcuSense","DS-2CD27126G3-IPTRZSY","12MP Acusense Powered by Darkfighter Motorized Varifocal Dome Network Camera","https://www.hikvision.com/en/products/IP-Products/Network-Cameras/Pro-Series-EasyIP-/ds-2cd27126g3-iptrzsy/","Day/Night Switch","Day,Night,Auto,Schedule"
"hikvision","Pro","EasyIP 4.0 Plus with AcuSense","DS-2CD27126G3-IPTRZSY","12MP Acusense Powered by Darkfighter Motorized Varifocal Dome Network Camera","https://www.hikvision.com/en/products/IP-Products/Network-Cameras/Pro-Series-EasyIP-/ds-2cd27126g3-iptrzsy/","Image Enhancement","BLC,HLC,3D DNR,Distortion Correction,Defog"
"hikvision","Pro","EasyIP 4.0 Plus with AcuSense","DS-2CD27126G3-IPTRZSY","12MP Acusense Powered by Darkfighter Motorized Varifocal Dome Network Camera","https://www.hikvision.com/en/products/IP-Products/Network-Cameras/Pro-Series-EasyIP-/ds-2cd27126g3-iptrzsy/","SNR","≥ 52 dB"
"hikvision","Pro","EasyIP 4.0 Plus with AcuSense","DS-2CD27126G3-IPTRZSY","12MP Acusense Powered by Darkfighter Motorized Varifocal Dome Network Camera","https://www.hikvision.com/en/products/IP-Products/Network-Cameras/Pro-Series-EasyIP-/ds-2cd27126g3-iptrzsy/","Wide Dynamic Range (WDR)","130 dB"
"hikvision","Pro","EasyIP 4.0 Plus with AcuSense","DS-2CD27126G3-IPTRZSY","12MP Acusense Powered by Darkfighter Motorized Varifocal Dome Network Camera","https://www.hikvision.com/en/products/IP-Products/Network-Cameras/Pro-Series-EasyIP-/ds-2cd27126g3-iptrzsy/","Image Stabilization","EIS"
"hikvision","Pro","EasyIP 4.0 Plus with AcuSense","DS-2CD27126G3-IPTRZSY","12MP Acusense Powered by Darkfighter Motorized Varifocal Dome Network Camera","https://www.hikvision.com/en/products/IP-Products/Network-Cameras/Pro-Series-EasyIP-/ds-2cd27126g3-iptrzsy/","Privacy Mask","4 programmable polygon privacy masks"
"hikvision","Pro","EasyIP 4.0 Plus with AcuSense","DS-2CD27126G3-IPTRZSY","12MP Acusense Powered by Darkfighter Motorized Varifocal Dome Network Camera","https://www.hikvision.com/en/products/IP-Products/Network-Cameras/Pro-Series-EasyIP-/ds-2cd27126g3-iptrzsy/","Ethernet Interface","1 RJ45 10 M/100 M self-adaptive Ethernet port"
"hikvision","Pro","EasyIP 4.0 Plus with AcuSense","DS-2CD27126G3-IPTRZSY","12MP Acusense Powered by Darkfighter Motorized Varifocal Dome Network Camera","https://www.hikvision.com/en/products/IP-Products/Network-Cameras/Pro-Series-EasyIP-/ds-2cd27126g3-iptrzsy/","On-Board Storage","Built-in memory card slot, support microSD/microSDHC/microSDXC card, up to 512 GB"
"hikvision","Pro","EasyIP 4.0 Plus with AcuSense","DS-2CD27126G3-IPTRZSY","12MP Acusense Powered by Darkfighter Motorized Varifocal Dome Network Camera","https://www.hikvision.com/en/products/IP-Products/Network-Cameras/Pro-Series-EasyIP-/ds-2cd27126g3-iptrzsy/","Audio","1 input (line in), two-core terminal block, max. input amplitude: 3.3 Vpp, input impedance: 4.7 KΩ, interface type: non-equilibrium,\n1 output (line out), two-core terminal block, max. output amplitude: 3.3 Vpp, output impedance: 100 Ω, interface type: non-equilibrium"
"hikvision","Pro","EasyIP 4.0 Plus with AcuSense","DS-2CD27126G3-IPTRZSY","12MP Acusense Powered by Darkfighter Motorized Varifocal Dome Network Camera","https://www.hikvision.com/en/products/IP-Products/Network-Cameras/Pro-Series-EasyIP-/ds-2cd27126g3-iptrzsy/","Alarm","1 input, 1 output (max. 24 VDC/24 VAC, 1 A)"
"hikvision","Pro","EasyIP 4.0 Plus with AcuSense","DS-2CD27126G3-IPTRZSY","12MP Acusense Powered by Darkfighter Motorized Varifocal Dome Network Camera","https://www.hikvision.com/en/products/IP-Products/Network-Cameras/Pro-Series-EasyIP-/ds-2cd27126g3-iptrzsy/","Reset Key","Yes"
"hikvision","Pro","EasyIP 4.0 Plus with AcuSense","DS-2CD27126G3-IPTRZSY","12MP Acusense Powered by Darkfighter Motorized Varifocal Dome Network Camera","https://www.hikvision.com/en/products/IP-Products/Network-Cameras/Pro-Series-EasyIP-/ds-2cd27126g3-iptrzsy/","Basic Event","Motion detection (support alarm triggering by specified target types (human and vehicle)),video tampering alarm,exception"
"hikvision","Pro","EasyIP 4.0 Plus with AcuSense","DS-2CD27126G3-IPTRZSY","12MP Acusense Powered by Darkfighter Motorized Varifocal Dome Network Camera","https://www.hikvision.com/en/products/IP-Products/Network-Cameras/Pro-Series-EasyIP-/ds-2cd27126g3-iptrzsy/","Smart Event","Scene change detection"
"hikvision","Pro","EasyIP 4.0 Plus with AcuSense","DS-2CD27126G3-IPTRZSY","12MP Acusense Powered by Darkfighter Motorized Varifocal Dome Network Camera","https://www.hikvision.com/en/products/IP-Products/Network-Cameras/Pro-Series-EasyIP-/ds-2cd27126g3-iptrzsy/","Linkage","Upload to FTP/NAS/memory card,notify surveillance center,trigger recording,trigger capture,send email"
"hikvision","Pro","EasyIP 4.0 Plus with AcuSense","DS-2CD27126G3-IPTRZSY","12MP Acusense Powered by Darkfighter Motorized Varifocal Dome Network Camera","https://www.hikvision.com/en/products/IP-Products/Network-Cameras/Pro-Series-EasyIP-/ds-2cd27126g3-iptrzsy/","Face Capture","Yes"
"hikvision","Pro","EasyIP 4.0 Plus with AcuSense","DS-2CD27126G3-IPTRZSY","12MP Acusense Powered by Darkfighter Motorized Varifocal Dome Network Camera","https://www.hikvision.com/en/products/IP-Products/Network-Cameras/Pro-Series-EasyIP-/ds-2cd27126g3-iptrzsy/","Perimeter Protection","Line crossing, intrusion, region entrance, region exiting\nSupport alarm triggering by specified target types (human and vehicle)"
"hikvision","Pro","EasyIP 4.0 Plus with AcuSense","DS-2CD27126G3-IPTRZSY","12MP Acusense Powered by Darkfighter Motorized Varifocal Dome Network Camera","https://www.hikvision.com/en/products/IP-Products/Network-Cameras/Pro-Series-EasyIP-/ds-2cd27126g3-iptrzsy/","Power","12 VDC ± 25%, 1.1 A, max. 13.2 W,\nPoE: IEEE 802.3at, Class 4, max. 15 W"
"hikvision","Pro","EasyIP 4.0 Plus with AcuSense","DS-2CD27126G3-IPTRZSY","12MP Acusense Powered by Darkfighter Motorized Varifocal Dome Network Camera","https://www.hikvision.com/en/products/IP-Products/Network-Cameras/Pro-Series-EasyIP-/ds-2cd27126g3-iptrzsy/","Material","Metal"
"hikvision","Pro","EasyIP 4.0 Plus with AcuSense","DS-2CD27126G3-IPTRZSY","12MP Acusense Powered by Darkfighter Motorized Varifocal Dome Network Camera","https://www.hikvision.com/en/products/IP-Products/Network-Cameras/Pro-Series-EasyIP-/ds-2cd27126g3-iptrzsy/","Dimension","Ø155 mm × 140.4 mm (Ø6.10\" × 5.53\")"
"hikvision","Pro","EasyIP 4.0 Plus with AcuSense","DS-2CD27126G3-IPTRZSY","12MP Acusense Powered by Darkfighter Motorized Varifocal Dome Network Camera","https://www.hikvision.com/en/products/IP-Products/Network-Cameras/Pro-Series-EasyIP-/ds-2cd27126g3-iptrzsy/","Package Dimension","203 mm × 203 mm × 230 mm (8.0\" × 8.0\" × 9.1\")"
"hikvision","Pro","EasyIP 4.0 Plus with AcuSense","DS-2CD27126G3-IPTRZSY","12MP Acusense Powered by Darkfighter Motorized Varifocal Dome Network Camera","https://www.hikvision.com/en/products/IP-Products/Network-Cameras/Pro-Series-EasyIP-/ds-2cd27126g3-iptrzsy/","Weight","Approx. 840 g (1.9 lb.)"
"hikvision","Pro","EasyIP 4.0 Plus with AcuSense","DS-2CD27126G3-IPTRZSY","12MP Acusense Powered by Darkfighter Motorized Varifocal Dome Network Camera","https://www.hikvision.com/en/products/IP-Products/Network-Cameras/Pro-Series-EasyIP-/ds-2cd27126g3-iptrzsy/","With Package Weight","Approx. 1450 g (3.2 lb.)"
"hikvision","Pro","EasyIP 4.0 Plus with AcuSense","DS-2CD27126G3-IPTRZSY","12MP Acusense Powered by Darkfighter Motorized Varifocal Dome Network Camera","https://www.hikvision.com/en/products/IP-Products/Network-Cameras/Pro-Series-EasyIP-/ds-2cd27126g3-iptrzsy/","Storage Conditions","-30 °C to 60 °C (-22 °F to 140 °F). Humidity 95% or less (non-condensing)"
"hikvision","Pro","EasyIP 4.0 Plus with AcuSense","DS-2CD27126G3-IPTRZSY","12MP Acusense Powered by Darkfighter Motorized Varifocal Dome Network Camera","https://www.hikvision.com/en/products/IP-Products/Network-Cameras/Pro-Series-EasyIP-/ds-2cd27126g3-iptrzsy/","Startup And Operating Conditions","-30 °C to 60 °C (-22 °F to 140 °F). Humidity 95% or less (non-condensing)"
"hikvision","Pro","EasyIP 4.0 Plus with AcuSense","DS-2CD27126G3-IPTRZSY","12MP Acusense Powered by Darkfighter Motorized Varifocal Dome Network Camera","https://www.hikvision.com/en/products/IP-Products/Network-Cameras/Pro-Series-EasyIP-/ds-2cd27126g3-iptrzsy/","General Function","Heartbeat,mirror,flash log,password reset via email,pixel counter,anti-banding"
"hikvision","Pro","EasyIP 4.0 Plus with AcuSense","DS-2CD27126G3-IPTRZSY","12MP Acusense Powered by Darkfighter Motorized Varifocal Dome Network Camera","https://www.hikvision.com/en/products/IP-Products/Network-Cameras/Pro-Series-EasyIP-/ds-2cd27126g3-iptrzsy/","Language","33 languages: English, Russian, Estonian, Bulgarian, Hungarian, Greek, German, Italian, Czech, Slovak, French, Polish, Dutch, Portuguese, Spanish, Romanian, Danish, Swedish, Norwegian, Finnish, Croatian, Slovenian, Serbian, Turkish, Korean, Traditional Chinese, Thai, Vietnamese, Japanese, Latvian, Lithuanian, Portuguese (Brazil), Ukrainian"
"hikvision","Pro","EasyIP 4.0 Plus with AcuSense","DS-2CD27126G3-IPTRZSY","12MP Acusense Powered by Darkfighter Motorized Varifocal Dome Network Camera","https://www.hikvision.com/en/products/IP-Products/Network-Cameras/Pro-Series-EasyIP-/ds-2cd27126g3-iptrzsy/","EMC","CE-EMC: EN 55032: 2015, EN 61000-3-2:2019, EN 61000-3-3: 2013+A1:2019, EN 50130-4: 2011 +A1: 2014"
"hikvision","Pro","EasyIP 4.0 Plus with AcuSense","DS-2CD27126G3-IPTRZSY","12MP Acusense Powered by Darkfighter Motorized Varifocal Dome Network Camera","https://www.hikvision.com/en/products/IP-Products/Network-Cameras/Pro-Series-EasyIP-/ds-2cd27126g3-iptrzsy/","Safety","CB: IEC 62368-1: 2014+A11,\nCE-LVD: EN 62368-1: 2014/A11: 2017"
"hikvision","Pro","EasyIP 4.0 Plus with AcuSense","DS-2CD27126G3-IPTRZSY","12MP Acusense Powered by Darkfighter Motorized Varifocal Dome Network Camera","https://www.hikvision.com/en/products/IP-Products/Network-Cameras/Pro-Series-EasyIP-/ds-2cd27126g3-iptrzsy/","Environment","CE-RoHS: 2011/65/EU,\nWEEE: 2012/19/EU,\nReach: Regulation (EC) No 1907/2006"
"hikvision","Pro","EasyIP 4.0 Plus with AcuSense","DS-2CD27126G3-IPTRZSY","12MP Acusense Powered by Darkfighter Motorized Varifocal Dome Network Camera","https://www.hikvision.com/en/products/IP-Products/Network-Cameras/Pro-Series-EasyIP-/ds-2cd27126g3-iptrzsy/","Protection","IK10: IEC 62262:2002,IP66: IEC 60529-2013"
"hikvision","Pro","EasyIP 4.0 Plus with AcuSense","DS-2CD27126G3-IPTRZSY","12MP Acusense Powered by Darkfighter Motorized Varifocal Dome Network Camera","https://www.hikvision.com/en/products/IP-Products/Network-Cameras/Pro-Series-EasyIP-/ds-2cd27126g3-iptrzsy/","Anti-Corrosion Protection","NEMA 4X (NEMA 250-2018)"
