brand,series_l1,subseries,model,name,url,field,value
"hikvision","HiLook","Value Camera","IPC-B120HA","IPC-B120HA 2 MP MD 2.0 Fixed Bullet Network Camera","https://www.hikvision.com/en/products/HiLook-IP-Products/Network-Cameras/Value-Camera/ipc-b120ha/","Image Sensor","1/2.9\" Progressive Scan CMOS"
"hikvision","HiLook","Value Camera","IPC-B120HA","IPC-B120HA 2 MP MD 2.0 Fixed Bullet Network Camera","https://www.hikvision.com/en/products/HiLook-IP-Products/Network-Cameras/Value-Camera/ipc-b120ha/","Max. Resolution","1920 × 1080"
"hikvision","HiLook","Value Camera","IPC-B120HA","IPC-B120HA 2 MP MD 2.0 Fixed Bullet Network Camera","https://www.hikvision.com/en/products/HiLook-IP-Products/Network-Cameras/Value-Camera/ipc-b120ha/","Min. Illumination","Color: 0.01 Lux @(F2.0, AGC ON), B/W: 0 Lux with IR"
"hikvision","HiLook","Value Camera","IPC-B120HA","IPC-B120HA 2 MP MD 2.0 Fixed Bullet Network Camera","https://www.hikvision.com/en/products/HiLook-IP-Products/Network-Cameras/Value-Camera/ipc-b120ha/","Shutter Time","1/3 s to 1/100,000 s"
"hikvision","HiLook","Value Camera","IPC-B120HA","IPC-B120HA 2 MP MD 2.0 Fixed Bullet Network Camera","https://www.hikvision.com/en/products/HiLook-IP-Products/Network-Cameras/Value-Camera/ipc-b120ha/","Day & Night","IR cut filter"
"hikvision","HiLook","Value Camera","IPC-B120HA","IPC-B120HA 2 MP MD 2.0 Fixed Bullet Network Camera","https://www.hikvision.com/en/products/HiLook-IP-Products/Network-Cameras/Value-Camera/ipc-b120ha/","Angle Adjustment","Pan: 0° to 360°, tilt: 0° to 90°, rotate: 0° to 360°"
"hikvision","HiLook","Value Camera","IPC-B120HA","IPC-B120HA 2 MP MD 2.0 Fixed Bullet Network Camera","https://www.hikvision.com/en/products/HiLook-IP-Products/Network-Cameras/Value-Camera/ipc-b120ha/","Lens Type","Fixed focal lens, 2.8 and 4 mm optional"
"hikvision","HiLook","Value Camera","IPC-B120HA","IPC-B120HA 2 MP MD 2.0 Fixed Bullet Network Camera","https://www.hikvision.com/en/products/HiLook-IP-Products/Network-Cameras/Value-Camera/ipc-b120ha/","Focal Length & FOV","2.8 mm, horizontal FOV 104°, vertical FOV 58°, diagonal FOV 123°\n4 mm, horizontal FOV 81°, vertical FOV 43°, diagonal FOV 96°"
"hikvision","HiLook","Value Camera","IPC-B120HA","IPC-B120HA 2 MP MD 2.0 Fixed Bullet Network Camera","https://www.hikvision.com/en/products/HiLook-IP-Products/Network-Cameras/Value-Camera/ipc-b120ha/","Lens Mount","M12"
"hikvision","HiLook","Value Camera","IPC-B120HA","IPC-B120HA 2 MP MD 2.0 Fixed Bullet Network Camera","https://www.hikvision.com/en/products/HiLook-IP-Products/Network-Cameras/Value-Camera/ipc-b120ha/","Iris Type","Fixed"
"hikvision","HiLook","Value Camera","IPC-B120HA","IPC-B120HA 2 MP MD 2.0 Fixed Bullet Network Camera","https://www.hikvision.com/en/products/HiLook-IP-Products/Network-Cameras/Value-Camera/ipc-b120ha/","Aperture","F2.0"
"hikvision","HiLook","Value Camera","IPC-B120HA","IPC-B120HA 2 MP MD 2.0 Fixed Bullet Network Camera","https://www.hikvision.com/en/products/HiLook-IP-Products/Network-Cameras/Value-Camera/ipc-b120ha/","DORI","2.8 mm, D: 42 m, O: 16 m, R: 8 m, I: 4 m\n4 mm, D: 57 m, O: 22 m, R: 11 m, I: 5 m"
"hikvision","HiLook","Value Camera","IPC-B120HA","IPC-B120HA 2 MP MD 2.0 Fixed Bullet Network Camera","https://www.hikvision.com/en/products/HiLook-IP-Products/Network-Cameras/Value-Camera/ipc-b120ha/","Supplement Light Type","IR"
"hikvision","HiLook","Value Camera","IPC-B120HA","IPC-B120HA 2 MP MD 2.0 Fixed Bullet Network Camera","https://www.hikvision.com/en/products/HiLook-IP-Products/Network-Cameras/Value-Camera/ipc-b120ha/","Supplement Light Range","Up to 30 m"
"hikvision","HiLook","Value Camera","IPC-B120HA","IPC-B120HA 2 MP MD 2.0 Fixed Bullet Network Camera","https://www.hikvision.com/en/products/HiLook-IP-Products/Network-Cameras/Value-Camera/ipc-b120ha/","Smart Supplement Light","Yes"
"hikvision","HiLook","Value Camera","IPC-B120HA","IPC-B120HA 2 MP MD 2.0 Fixed Bullet Network Camera","https://www.hikvision.com/en/products/HiLook-IP-Products/Network-Cameras/Value-Camera/ipc-b120ha/","IR Wavelength","850 nm"
"hikvision","HiLook","Value Camera","IPC-B120HA","IPC-B120HA 2 MP MD 2.0 Fixed Bullet Network Camera","https://www.hikvision.com/en/products/HiLook-IP-Products/Network-Cameras/Value-Camera/ipc-b120ha/","Main Stream","50 Hz: 25 fps (1920 × 1080, 1280 × 720)\n60 Hz: 30 fps (1920 × 1080, 1280 × 720)"
"hikvision","HiLook","Value Camera","IPC-B120HA","IPC-B120HA 2 MP MD 2.0 Fixed Bullet Network Camera","https://www.hikvision.com/en/products/HiLook-IP-Products/Network-Cameras/Value-Camera/ipc-b120ha/","Sub-Stream","50 Hz: 25 fps (640 × 480, 640 × 360)\n60 Hz: 30 fps (640 × 480, 640 × 360)"
"hikvision","HiLook","Value Camera","IPC-B120HA","IPC-B120HA 2 MP MD 2.0 Fixed Bullet Network Camera","https://www.hikvision.com/en/products/HiLook-IP-Products/Network-Cameras/Value-Camera/ipc-b120ha/","Video Compression","Main stream: H.265+/H.265/H.264+/H.264\nSub-stream: H.265/H.264/MJPEG"
"hikvision","HiLook","Value Camera","IPC-B120HA","IPC-B120HA 2 MP MD 2.0 Fixed Bullet Network Camera","https://www.hikvision.com/en/products/HiLook-IP-Products/Network-Cameras/Value-Camera/ipc-b120ha/","Video Bit Rate","32 Kbps to 8 Mbps"
"hikvision","HiLook","Value Camera","IPC-B120HA","IPC-B120HA 2 MP MD 2.0 Fixed Bullet Network Camera","https://www.hikvision.com/en/products/HiLook-IP-Products/Network-Cameras/Value-Camera/ipc-b120ha/","H.264 Type","Baseline Profile/Main Profile/High Profile"
"hikvision","HiLook","Value Camera","IPC-B120HA","IPC-B120HA 2 MP MD 2.0 Fixed Bullet Network Camera","https://www.hikvision.com/en/products/HiLook-IP-Products/Network-Cameras/Value-Camera/ipc-b120ha/","H.265 Type","Main Profile"
"hikvision","HiLook","Value Camera","IPC-B120HA","IPC-B120HA 2 MP MD 2.0 Fixed Bullet Network Camera","https://www.hikvision.com/en/products/HiLook-IP-Products/Network-Cameras/Value-Camera/ipc-b120ha/","Bit Rate Control","CBR/VBR"
"hikvision","HiLook","Value Camera","IPC-B120HA","IPC-B120HA 2 MP MD 2.0 Fixed Bullet Network Camera","https://www.hikvision.com/en/products/HiLook-IP-Products/Network-Cameras/Value-Camera/ipc-b120ha/","Region Of Interest (ROI)","1 fixed region for main stream"
"hikvision","HiLook","Value Camera","IPC-B120HA","IPC-B120HA 2 MP MD 2.0 Fixed Bullet Network Camera","https://www.hikvision.com/en/products/HiLook-IP-Products/Network-Cameras/Value-Camera/ipc-b120ha/","Security","Password protection, complicated password, watermark, basic and digest authentication for HTTP, WSSE and digest authentication for Open Network Video Interface, security audit log, host authentication (MAC address)"
"hikvision","HiLook","Value Camera","IPC-B120HA","IPC-B120HA 2 MP MD 2.0 Fixed Bullet Network Camera","https://www.hikvision.com/en/products/HiLook-IP-Products/Network-Cameras/Value-Camera/ipc-b120ha/","Simultaneous Live View","Up to 6 channels"
"hikvision","HiLook","Value Camera","IPC-B120HA","IPC-B120HA 2 MP MD 2.0 Fixed Bullet Network Camera","https://www.hikvision.com/en/products/HiLook-IP-Products/Network-Cameras/Value-Camera/ipc-b120ha/","API","Open Network Video Interface (Profile S, Profile T), ISAPI, SDK"
"hikvision","HiLook","Value Camera","IPC-B120HA","IPC-B120HA 2 MP MD 2.0 Fixed Bullet Network Camera","https://www.hikvision.com/en/products/HiLook-IP-Products/Network-Cameras/Value-Camera/ipc-b120ha/","Protocols","TCP/IP, ICMP, DHCP, DNS, HTTP, RTP, RTSP, NTP, IGMP, IPv6, UDP, QoS, FTP, SMTP"
"hikvision","HiLook","Value Camera","IPC-B120HA","IPC-B120HA 2 MP MD 2.0 Fixed Bullet Network Camera","https://www.hikvision.com/en/products/HiLook-IP-Products/Network-Cameras/Value-Camera/ipc-b120ha/","User/Host","Up to 32 users\n3 user levels: administrator, operator, and user"
"hikvision","HiLook","Value Camera","IPC-B120HA","IPC-B120HA 2 MP MD 2.0 Fixed Bullet Network Camera","https://www.hikvision.com/en/products/HiLook-IP-Products/Network-Cameras/Value-Camera/ipc-b120ha/","Client","iVMS-4200, HiLookVision"
"hikvision","HiLook","Value Camera","IPC-B120HA","IPC-B120HA 2 MP MD 2.0 Fixed Bullet Network Camera","https://www.hikvision.com/en/products/HiLook-IP-Products/Network-Cameras/Value-Camera/ipc-b120ha/","Web Browser","Plug-in required live view: IE 10, IE 11,\nLocal service: Chrome 57.0+, Firefox 52.0+"
"hikvision","HiLook","Value Camera","IPC-B120HA","IPC-B120HA 2 MP MD 2.0 Fixed Bullet Network Camera","https://www.hikvision.com/en/products/HiLook-IP-Products/Network-Cameras/Value-Camera/ipc-b120ha/","Wide Dynamic Range (WDR)","Digital WDR"
"hikvision","HiLook","Value Camera","IPC-B120HA","IPC-B120HA 2 MP MD 2.0 Fixed Bullet Network Camera","https://www.hikvision.com/en/products/HiLook-IP-Products/Network-Cameras/Value-Camera/ipc-b120ha/","SNR","≥ 52 dB"
"hikvision","HiLook","Value Camera","IPC-B120HA","IPC-B120HA 2 MP MD 2.0 Fixed Bullet Network Camera","https://www.hikvision.com/en/products/HiLook-IP-Products/Network-Cameras/Value-Camera/ipc-b120ha/","Day/Night Switch","Day, Night, Auto, Schedule"
"hikvision","HiLook","Value Camera","IPC-B120HA","IPC-B120HA 2 MP MD 2.0 Fixed Bullet Network Camera","https://www.hikvision.com/en/products/HiLook-IP-Products/Network-Cameras/Value-Camera/ipc-b120ha/","Image Enhancement","BLC, HLC, 3D DNR"
"hikvision","HiLook","Value Camera","IPC-B120HA","IPC-B120HA 2 MP MD 2.0 Fixed Bullet Network Camera","https://www.hikvision.com/en/products/HiLook-IP-Products/Network-Cameras/Value-Camera/ipc-b120ha/","Image Settings","Rotate mode, saturation, brightness, contrast, sharpness, gain, white balance, adjustable by client software or web browser"
"hikvision","HiLook","Value Camera","IPC-B120HA","IPC-B120HA 2 MP MD 2.0 Fixed Bullet Network Camera","https://www.hikvision.com/en/products/HiLook-IP-Products/Network-Cameras/Value-Camera/ipc-b120ha/","Privacy Mask","4 programmable polygon privacy masks"
"hikvision","HiLook","Value Camera","IPC-B120HA","IPC-B120HA 2 MP MD 2.0 Fixed Bullet Network Camera","https://www.hikvision.com/en/products/HiLook-IP-Products/Network-Cameras/Value-Camera/ipc-b120ha/","Ethernet Interface","1 RJ45 10 M/100 M self-adaptive Ethernet port"
"hikvision","HiLook","Value Camera","IPC-B120HA","IPC-B120HA 2 MP MD 2.0 Fixed Bullet Network Camera","https://www.hikvision.com/en/products/HiLook-IP-Products/Network-Cameras/Value-Camera/ipc-b120ha/","Basic Event","Motion detection (support alarm triggering by specified target types (human and vehicle)),video tampering alarm,exception"
"hikvision","HiLook","Value Camera","IPC-B120HA","IPC-B120HA 2 MP MD 2.0 Fixed Bullet Network Camera","https://www.hikvision.com/en/products/HiLook-IP-Products/Network-Cameras/Value-Camera/ipc-b120ha/","Linkage","Upload to FTP, notify surveillance center, trigger capture, send email"
"hikvision","HiLook","Value Camera","IPC-B120HA","IPC-B120HA 2 MP MD 2.0 Fixed Bullet Network Camera","https://www.hikvision.com/en/products/HiLook-IP-Products/Network-Cameras/Value-Camera/ipc-b120ha/","Power","12 VDC ± 25%, 0.4 A, max. 5 W, Ø5.5. mm coaxial power plug\nPoE: 802.3af, Class 3, 36 V to 57 V, 0.2 A to 0.15 A, max. 6.5 W"
"hikvision","HiLook","Value Camera","IPC-B120HA","IPC-B120HA 2 MP MD 2.0 Fixed Bullet Network Camera","https://www.hikvision.com/en/products/HiLook-IP-Products/Network-Cameras/Value-Camera/ipc-b120ha/","Material","Metal & Plastic"
"hikvision","HiLook","Value Camera","IPC-B120HA","IPC-B120HA 2 MP MD 2.0 Fixed Bullet Network Camera","https://www.hikvision.com/en/products/HiLook-IP-Products/Network-Cameras/Value-Camera/ipc-b120ha/","Dimension","184.1 mm × 66 mm × 69.1 mm (7.3\" × 2.6\" × 2.7\")"
"hikvision","HiLook","Value Camera","IPC-B120HA","IPC-B120HA 2 MP MD 2.0 Fixed Bullet Network Camera","https://www.hikvision.com/en/products/HiLook-IP-Products/Network-Cameras/Value-Camera/ipc-b120ha/","Package Dimension","216 mm × 121 mm × 118 mm (8.5\" × 4.8\" × 4.6\")"
"hikvision","HiLook","Value Camera","IPC-B120HA","IPC-B120HA 2 MP MD 2.0 Fixed Bullet Network Camera","https://www.hikvision.com/en/products/HiLook-IP-Products/Network-Cameras/Value-Camera/ipc-b120ha/","With Package Weight","Approx. 495 g (1.1 lb.)"
"hikvision","HiLook","Value Camera","IPC-B120HA","IPC-B120HA 2 MP MD 2.0 Fixed Bullet Network Camera","https://www.hikvision.com/en/products/HiLook-IP-Products/Network-Cameras/Value-Camera/ipc-b120ha/","Storage Conditions","-30 °C to 60 °C (-22 °F to 140 °F). Humidity 95% or less (non-condensing)"
"hikvision","HiLook","Value Camera","IPC-B120HA","IPC-B120HA 2 MP MD 2.0 Fixed Bullet Network Camera","https://www.hikvision.com/en/products/HiLook-IP-Products/Network-Cameras/Value-Camera/ipc-b120ha/","Startup And Operating Conditions","-30 °C to 60 °C (-22 °F to 140 °F). Humidity 95% or less (non-condensing)"
"hikvision","HiLook","Value Camera","IPC-B120HA","IPC-B120HA 2 MP MD 2.0 Fixed Bullet Network Camera","https://www.hikvision.com/en/products/HiLook-IP-Products/Network-Cameras/Value-Camera/ipc-b120ha/","Language","English, Ukrainian"
"hikvision","HiLook","Value Camera","IPC-B120HA","IPC-B120HA 2 MP MD 2.0 Fixed Bullet Network Camera","https://www.hikvision.com/en/products/HiLook-IP-Products/Network-Cameras/Value-Camera/ipc-b120ha/","General Function","Heartbeat, anti-banding, mirror, password protection, password reset via email"
"hikvision","HiLook","Value Camera","IPC-B120HA","IPC-B120HA 2 MP MD 2.0 Fixed Bullet Network Camera","https://www.hikvision.com/en/products/HiLook-IP-Products/Network-Cameras/Value-Camera/ipc-b120ha/","EMC","FCC SDoC: 47 CFR Part 15, Subpart B\nCE-EMC: EN 55032: 2015, EN 61000-3-2:2019, EN 61000-3-3:2013+A1:2019, EN 50130-4: 2011+A1: 2014\nRCM: AS/NZS CISPR 32: 2015"
"hikvision","HiLook","Value Camera","IPC-B120HA","IPC-B120HA 2 MP MD 2.0 Fixed Bullet Network Camera","https://www.hikvision.com/en/products/HiLook-IP-Products/Network-Cameras/Value-Camera/ipc-b120ha/","Safety","CB: IEC 62368-1:2014+A11\nCE-LVD: EN 62368-1:2014/A11:2017"
"hikvision","HiLook","Value Camera","IPC-B120HA","IPC-B120HA 2 MP MD 2.0 Fixed Bullet Network Camera","https://www.hikvision.com/en/products/HiLook-IP-Products/Network-Cameras/Value-Camera/ipc-b120ha/","Environment","CE-RoHS (2011/65/EU)\nWEEE (2012/19/EU)\nReach (Regulation (EC) No 1907/2006)"
"hikvision","HiLook","Value Camera","IPC-B120HA","IPC-B120HA 2 MP MD 2.0 Fixed Bullet Network Camera","https://www.hikvision.com/en/products/HiLook-IP-Products/Network-Cameras/Value-Camera/ipc-b120ha/","Protection","IP67 (IEC 60529-2013)"
"hikvision","HiLook","Value Camera","IPC-B120HA-LUF-SL","IPC-B120HA-LUF/SL 2 MP Smart Hybrid Light MD 2.0 Fixed Bullet Network Camera","https://www.hikvision.com/en/products/HiLook-IP-Products/Network-Cameras/Value-Camera/ipc-b120ha-luf-sl/","Image Sensor","1/2.9\" Progressive Scan CMOS"
"hikvision","HiLook","Value Camera","IPC-B120HA-LUF-SL","IPC-B120HA-LUF/SL 2 MP Smart Hybrid Light MD 2.0 Fixed Bullet Network Camera","https://www.hikvision.com/en/products/HiLook-IP-Products/Network-Cameras/Value-Camera/ipc-b120ha-luf-sl/","Max. Resolution","1920 × 1080"
"hikvision","HiLook","Value Camera","IPC-B120HA-LUF-SL","IPC-B120HA-LUF/SL 2 MP Smart Hybrid Light MD 2.0 Fixed Bullet Network Camera","https://www.hikvision.com/en/products/HiLook-IP-Products/Network-Cameras/Value-Camera/ipc-b120ha-luf-sl/","Min. Illumination","Color: 0.005 Lux @ (F1.6, AGC ON),B/W: 0 Lux with IR"
"hikvision","HiLook","Value Camera","IPC-B120HA-LUF-SL","IPC-B120HA-LUF/SL 2 MP Smart Hybrid Light MD 2.0 Fixed Bullet Network Camera","https://www.hikvision.com/en/products/HiLook-IP-Products/Network-Cameras/Value-Camera/ipc-b120ha-luf-sl/","Shutter Time","1/3 s to 1/100,000 s"
"hikvision","HiLook","Value Camera","IPC-B120HA-LUF-SL","IPC-B120HA-LUF/SL 2 MP Smart Hybrid Light MD 2.0 Fixed Bullet Network Camera","https://www.hikvision.com/en/products/HiLook-IP-Products/Network-Cameras/Value-Camera/ipc-b120ha-luf-sl/","Day & Night","IR cut filter"
"hikvision","HiLook","Value Camera","IPC-B120HA-LUF-SL","IPC-B120HA-LUF/SL 2 MP Smart Hybrid Light MD 2.0 Fixed Bullet Network Camera","https://www.hikvision.com/en/products/HiLook-IP-Products/Network-Cameras/Value-Camera/ipc-b120ha-luf-sl/","Angle Adjustment","Pan: 0° to 360°,tilt: 0° to 90°,rotate: 0° to 360°"
"hikvision","HiLook","Value Camera","IPC-B120HA-LUF-SL","IPC-B120HA-LUF/SL 2 MP Smart Hybrid Light MD 2.0 Fixed Bullet Network Camera","https://www.hikvision.com/en/products/HiLook-IP-Products/Network-Cameras/Value-Camera/ipc-b120ha-luf-sl/","Lens Type","Fixed focal lens, 2.8 and 4 mm optional"
"hikvision","HiLook","Value Camera","IPC-B120HA-LUF-SL","IPC-B120HA-LUF/SL 2 MP Smart Hybrid Light MD 2.0 Fixed Bullet Network Camera","https://www.hikvision.com/en/products/HiLook-IP-Products/Network-Cameras/Value-Camera/ipc-b120ha-luf-sl/","Focal Length & FOV","2.8 mm, horizontal FOV 103°, vertical FOV 56°, diagonal FOV 121°\n4 mm, horizontal FOV 83°, vertical FOV 44°, diagonal FOV 99°"
"hikvision","HiLook","Value Camera","IPC-B120HA-LUF-SL","IPC-B120HA-LUF/SL 2 MP Smart Hybrid Light MD 2.0 Fixed Bullet Network Camera","https://www.hikvision.com/en/products/HiLook-IP-Products/Network-Cameras/Value-Camera/ipc-b120ha-luf-sl/","Lens Mount","M12"
"hikvision","HiLook","Value Camera","IPC-B120HA-LUF-SL","IPC-B120HA-LUF/SL 2 MP Smart Hybrid Light MD 2.0 Fixed Bullet Network Camera","https://www.hikvision.com/en/products/HiLook-IP-Products/Network-Cameras/Value-Camera/ipc-b120ha-luf-sl/","Iris Type","Fixed"
"hikvision","HiLook","Value Camera","IPC-B120HA-LUF-SL","IPC-B120HA-LUF/SL 2 MP Smart Hybrid Light MD 2.0 Fixed Bullet Network Camera","https://www.hikvision.com/en/products/HiLook-IP-Products/Network-Cameras/Value-Camera/ipc-b120ha-luf-sl/","Aperture","F1.6"
"hikvision","HiLook","Value Camera","IPC-B120HA-LUF-SL","IPC-B120HA-LUF/SL 2 MP Smart Hybrid Light MD 2.0 Fixed Bullet Network Camera","https://www.hikvision.com/en/products/HiLook-IP-Products/Network-Cameras/Value-Camera/ipc-b120ha-luf-sl/","DORI","2.8 mm, D: 45 m, O: 18 m, R: 9 m, I: 4 m\n4 mm, D: 56 m, O: 22 m, R: 11 m, I: 5 m"
"hikvision","HiLook","Value Camera","IPC-B120HA-LUF-SL","IPC-B120HA-LUF/SL 2 MP Smart Hybrid Light MD 2.0 Fixed Bullet Network Camera","https://www.hikvision.com/en/products/HiLook-IP-Products/Network-Cameras/Value-Camera/ipc-b120ha-luf-sl/","Supplement Light Type","IR,White Light"
"hikvision","HiLook","Value Camera","IPC-B120HA-LUF-SL","IPC-B120HA-LUF/SL 2 MP Smart Hybrid Light MD 2.0 Fixed Bullet Network Camera","https://www.hikvision.com/en/products/HiLook-IP-Products/Network-Cameras/Value-Camera/ipc-b120ha-luf-sl/","Supplement Light Range","Up to 30 m"
"hikvision","HiLook","Value Camera","IPC-B120HA-LUF-SL","IPC-B120HA-LUF/SL 2 MP Smart Hybrid Light MD 2.0 Fixed Bullet Network Camera","https://www.hikvision.com/en/products/HiLook-IP-Products/Network-Cameras/Value-Camera/ipc-b120ha-luf-sl/","Smart Supplement Light","Yes"
"hikvision","HiLook","Value Camera","IPC-B120HA-LUF-SL","IPC-B120HA-LUF/SL 2 MP Smart Hybrid Light MD 2.0 Fixed Bullet Network Camera","https://www.hikvision.com/en/products/HiLook-IP-Products/Network-Cameras/Value-Camera/ipc-b120ha-luf-sl/","IR Wavelength","850 nm"
"hikvision","HiLook","Value Camera","IPC-B120HA-LUF-SL","IPC-B120HA-LUF/SL 2 MP Smart Hybrid Light MD 2.0 Fixed Bullet Network Camera","https://www.hikvision.com/en/products/HiLook-IP-Products/Network-Cameras/Value-Camera/ipc-b120ha-luf-sl/","Main Stream","50 Hz: 25 fps (1920 × 1080, 1280 × 720)\n60 Hz: 30 fps (1920 × 1080, 1280 × 720)"
"hikvision","HiLook","Value Camera","IPC-B120HA-LUF-SL","IPC-B120HA-LUF/SL 2 MP Smart Hybrid Light MD 2.0 Fixed Bullet Network Camera","https://www.hikvision.com/en/products/HiLook-IP-Products/Network-Cameras/Value-Camera/ipc-b120ha-luf-sl/","Sub-Stream","50 Hz: 25 fps (640 × 480, 640 × 360)\n60 Hz: 30 fps (640 × 480, 640 × 360)"
"hikvision","HiLook","Value Camera","IPC-B120HA-LUF-SL","IPC-B120HA-LUF/SL 2 MP Smart Hybrid Light MD 2.0 Fixed Bullet Network Camera","https://www.hikvision.com/en/products/HiLook-IP-Products/Network-Cameras/Value-Camera/ipc-b120ha-luf-sl/","Video Compression","Main stream: H.265+/H.265/H.264+/H.264,\nSub-stream: H.265/H.264/MJPEG"
"hikvision","HiLook","Value Camera","IPC-B120HA-LUF-SL","IPC-B120HA-LUF/SL 2 MP Smart Hybrid Light MD 2.0 Fixed Bullet Network Camera","https://www.hikvision.com/en/products/HiLook-IP-Products/Network-Cameras/Value-Camera/ipc-b120ha-luf-sl/","Video Bit Rate","32 Kbps to 8 Mbps"
"hikvision","HiLook","Value Camera","IPC-B120HA-LUF-SL","IPC-B120HA-LUF/SL 2 MP Smart Hybrid Light MD 2.0 Fixed Bullet Network Camera","https://www.hikvision.com/en/products/HiLook-IP-Products/Network-Cameras/Value-Camera/ipc-b120ha-luf-sl/","H.264 Type","Baseline Profile,Main Profile,High Profile"
"hikvision","HiLook","Value Camera","IPC-B120HA-LUF-SL","IPC-B120HA-LUF/SL 2 MP Smart Hybrid Light MD 2.0 Fixed Bullet Network Camera","https://www.hikvision.com/en/products/HiLook-IP-Products/Network-Cameras/Value-Camera/ipc-b120ha-luf-sl/","H.265 Type","Main Profile"
"hikvision","HiLook","Value Camera","IPC-B120HA-LUF-SL","IPC-B120HA-LUF/SL 2 MP Smart Hybrid Light MD 2.0 Fixed Bullet Network Camera","https://www.hikvision.com/en/products/HiLook-IP-Products/Network-Cameras/Value-Camera/ipc-b120ha-luf-sl/","Bit Rate Control","CBR,VBR"
"hikvision","HiLook","Value Camera","IPC-B120HA-LUF-SL","IPC-B120HA-LUF/SL 2 MP Smart Hybrid Light MD 2.0 Fixed Bullet Network Camera","https://www.hikvision.com/en/products/HiLook-IP-Products/Network-Cameras/Value-Camera/ipc-b120ha-luf-sl/","Region Of Interest (ROI)","1 fixed region for main stream"
"hikvision","HiLook","Value Camera","IPC-B120HA-LUF-SL","IPC-B120HA-LUF/SL 2 MP Smart Hybrid Light MD 2.0 Fixed Bullet Network Camera","https://www.hikvision.com/en/products/HiLook-IP-Products/Network-Cameras/Value-Camera/ipc-b120ha-luf-sl/","Audio Type","Mono sound"
"hikvision","HiLook","Value Camera","IPC-B120HA-LUF-SL","IPC-B120HA-LUF/SL 2 MP Smart Hybrid Light MD 2.0 Fixed Bullet Network Camera","https://www.hikvision.com/en/products/HiLook-IP-Products/Network-Cameras/Value-Camera/ipc-b120ha-luf-sl/","Audio Sampling Rate","8 kHz/16 kHz"
"hikvision","HiLook","Value Camera","IPC-B120HA-LUF-SL","IPC-B120HA-LUF/SL 2 MP Smart Hybrid Light MD 2.0 Fixed Bullet Network Camera","https://www.hikvision.com/en/products/HiLook-IP-Products/Network-Cameras/Value-Camera/ipc-b120ha-luf-sl/","Environment Noise Filtering","Yes"
"hikvision","HiLook","Value Camera","IPC-B120HA-LUF-SL","IPC-B120HA-LUF/SL 2 MP Smart Hybrid Light MD 2.0 Fixed Bullet Network Camera","https://www.hikvision.com/en/products/HiLook-IP-Products/Network-Cameras/Value-Camera/ipc-b120ha-luf-sl/","Audio Compression","G.711/G.722.1/G.726/MP2L2/PCM/AAC-LC"
"hikvision","HiLook","Value Camera","IPC-B120HA-LUF-SL","IPC-B120HA-LUF/SL 2 MP Smart Hybrid Light MD 2.0 Fixed Bullet Network Camera","https://www.hikvision.com/en/products/HiLook-IP-Products/Network-Cameras/Value-Camera/ipc-b120ha-luf-sl/","Audio Bit Rate","64 Kbps (G.711ulaw/G.711alaw)/16 Kbps (G.722.1)/16 Kbps (G.726)/32 to 160 Kbps (MP2L2)/16 to 64 Kbps (AAC-LC)"
"hikvision","HiLook","Value Camera","IPC-B120HA-LUF-SL","IPC-B120HA-LUF/SL 2 MP Smart Hybrid Light MD 2.0 Fixed Bullet Network Camera","https://www.hikvision.com/en/products/HiLook-IP-Products/Network-Cameras/Value-Camera/ipc-b120ha-luf-sl/","Security","Password protection, complicated password, watermark, basic and digest authentication for HTTP, WSSE and digest authentication for Open Network Video Interface, security audit log, host authentication (MAC address)"
"hikvision","HiLook","Value Camera","IPC-B120HA-LUF-SL","IPC-B120HA-LUF/SL 2 MP Smart Hybrid Light MD 2.0 Fixed Bullet Network Camera","https://www.hikvision.com/en/products/HiLook-IP-Products/Network-Cameras/Value-Camera/ipc-b120ha-luf-sl/","Simultaneous Live View","Up to 6 channels"
"hikvision","HiLook","Value Camera","IPC-B120HA-LUF-SL","IPC-B120HA-LUF/SL 2 MP Smart Hybrid Light MD 2.0 Fixed Bullet Network Camera","https://www.hikvision.com/en/products/HiLook-IP-Products/Network-Cameras/Value-Camera/ipc-b120ha-luf-sl/","API","Open Network Video Interface (Profile S, Profile T, Profile G),ISAPI,SDK"
"hikvision","HiLook","Value Camera","IPC-B120HA-LUF-SL","IPC-B120HA-LUF/SL 2 MP Smart Hybrid Light MD 2.0 Fixed Bullet Network Camera","https://www.hikvision.com/en/products/HiLook-IP-Products/Network-Cameras/Value-Camera/ipc-b120ha-luf-sl/","Protocols","TCP/IP, ICMP, DHCP, DNS, HTTP, RTP, RTSP, NTP, IGMP, IPv6, UDP, QoS, FTP, SMTP"
"hikvision","HiLook","Value Camera","IPC-B120HA-LUF-SL","IPC-B120HA-LUF/SL 2 MP Smart Hybrid Light MD 2.0 Fixed Bullet Network Camera","https://www.hikvision.com/en/products/HiLook-IP-Products/Network-Cameras/Value-Camera/ipc-b120ha-luf-sl/","User/Host","Up to 32 users\n3 user levels: administrator, operator, and user"
"hikvision","HiLook","Value Camera","IPC-B120HA-LUF-SL","IPC-B120HA-LUF/SL 2 MP Smart Hybrid Light MD 2.0 Fixed Bullet Network Camera","https://www.hikvision.com/en/products/HiLook-IP-Products/Network-Cameras/Value-Camera/ipc-b120ha-luf-sl/","Client","iVMS-4200,HiLookVision"
"hikvision","HiLook","Value Camera","IPC-B120HA-LUF-SL","IPC-B120HA-LUF/SL 2 MP Smart Hybrid Light MD 2.0 Fixed Bullet Network Camera","https://www.hikvision.com/en/products/HiLook-IP-Products/Network-Cameras/Value-Camera/ipc-b120ha-luf-sl/","Web Browser","Plug-in required live view: IE 10, IE 11,\nLocal service: Chrome 57.0+, Firefox 52.0+, Edge 89+"
"hikvision","HiLook","Value Camera","IPC-B120HA-LUF-SL","IPC-B120HA-LUF/SL 2 MP Smart Hybrid Light MD 2.0 Fixed Bullet Network Camera","https://www.hikvision.com/en/products/HiLook-IP-Products/Network-Cameras/Value-Camera/ipc-b120ha-luf-sl/","Wide Dynamic Range (WDR)","Digital WDR"
"hikvision","HiLook","Value Camera","IPC-B120HA-LUF-SL","IPC-B120HA-LUF/SL 2 MP Smart Hybrid Light MD 2.0 Fixed Bullet Network Camera","https://www.hikvision.com/en/products/HiLook-IP-Products/Network-Cameras/Value-Camera/ipc-b120ha-luf-sl/","SNR","≥ 52 dB"
"hikvision","HiLook","Value Camera","IPC-B120HA-LUF-SL","IPC-B120HA-LUF/SL 2 MP Smart Hybrid Light MD 2.0 Fixed Bullet Network Camera","https://www.hikvision.com/en/products/HiLook-IP-Products/Network-Cameras/Value-Camera/ipc-b120ha-luf-sl/","Day/Night Switch","Day,Night,Auto,Schedule"
"hikvision","HiLook","Value Camera","IPC-B120HA-LUF-SL","IPC-B120HA-LUF/SL 2 MP Smart Hybrid Light MD 2.0 Fixed Bullet Network Camera","https://www.hikvision.com/en/products/HiLook-IP-Products/Network-Cameras/Value-Camera/ipc-b120ha-luf-sl/","Image Enhancement","BLC,HLC,3D DNR"
"hikvision","HiLook","Value Camera","IPC-B120HA-LUF-SL","IPC-B120HA-LUF/SL 2 MP Smart Hybrid Light MD 2.0 Fixed Bullet Network Camera","https://www.hikvision.com/en/products/HiLook-IP-Products/Network-Cameras/Value-Camera/ipc-b120ha-luf-sl/","Image Settings","Rotate mode,saturation,brightness,contrast,sharpness,gain,white balance,adjustable by client software or web browser"
"hikvision","HiLook","Value Camera","IPC-B120HA-LUF-SL","IPC-B120HA-LUF/SL 2 MP Smart Hybrid Light MD 2.0 Fixed Bullet Network Camera","https://www.hikvision.com/en/products/HiLook-IP-Products/Network-Cameras/Value-Camera/ipc-b120ha-luf-sl/","Privacy Mask","4 programmable rectangle privacy masks"
"hikvision","HiLook","Value Camera","IPC-B120HA-LUF-SL","IPC-B120HA-LUF/SL 2 MP Smart Hybrid Light MD 2.0 Fixed Bullet Network Camera","https://www.hikvision.com/en/products/HiLook-IP-Products/Network-Cameras/Value-Camera/ipc-b120ha-luf-sl/","Ethernet Interface","1 RJ45 10 M/100 M self-adaptive Ethernet port"
"hikvision","HiLook","Value Camera","IPC-B120HA-LUF-SL","IPC-B120HA-LUF/SL 2 MP Smart Hybrid Light MD 2.0 Fixed Bullet Network Camera","https://www.hikvision.com/en/products/HiLook-IP-Products/Network-Cameras/Value-Camera/ipc-b120ha-luf-sl/","On-Board Storage","Built-in memory card slot, support microSD/microSDHC/microSDXC card, up to 512 GB"
"hikvision","HiLook","Value Camera","IPC-B120HA-LUF-SL","IPC-B120HA-LUF/SL 2 MP Smart Hybrid Light MD 2.0 Fixed Bullet Network Camera","https://www.hikvision.com/en/products/HiLook-IP-Products/Network-Cameras/Value-Camera/ipc-b120ha-luf-sl/","Built-In Microphone","Yes,1 built-in microphone"
"hikvision","HiLook","Value Camera","IPC-B120HA-LUF-SL","IPC-B120HA-LUF/SL 2 MP Smart Hybrid Light MD 2.0 Fixed Bullet Network Camera","https://www.hikvision.com/en/products/HiLook-IP-Products/Network-Cameras/Value-Camera/ipc-b120ha-luf-sl/","Built-In Speaker","Max. power consumption: 1.5 W, max. sound pressure level: 10 cm: 95 dB."
"hikvision","HiLook","Value Camera","IPC-B120HA-LUF-SL","IPC-B120HA-LUF/SL 2 MP Smart Hybrid Light MD 2.0 Fixed Bullet Network Camera","https://www.hikvision.com/en/products/HiLook-IP-Products/Network-Cameras/Value-Camera/ipc-b120ha-luf-sl/","Reset Key","Yes"
"hikvision","HiLook","Value Camera","IPC-B120HA-LUF-SL","IPC-B120HA-LUF/SL 2 MP Smart Hybrid Light MD 2.0 Fixed Bullet Network Camera","https://www.hikvision.com/en/products/HiLook-IP-Products/Network-Cameras/Value-Camera/ipc-b120ha-luf-sl/","Basic Event","Motion detection (support alarm triggering by specified target types (human and vehicle)),video tampering alarm,exception"
"hikvision","HiLook","Value Camera","IPC-B120HA-LUF-SL","IPC-B120HA-LUF/SL 2 MP Smart Hybrid Light MD 2.0 Fixed Bullet Network Camera","https://www.hikvision.com/en/products/HiLook-IP-Products/Network-Cameras/Value-Camera/ipc-b120ha-luf-sl/","Linkage","Upload to FTP/memory card, notify surveillance center, send email, trigger recording, trigger capture, audible warning, flashing light"
"hikvision","HiLook","Value Camera","IPC-B120HA-LUF-SL","IPC-B120HA-LUF/SL 2 MP Smart Hybrid Light MD 2.0 Fixed Bullet Network Camera","https://www.hikvision.com/en/products/HiLook-IP-Products/Network-Cameras/Value-Camera/ipc-b120ha-luf-sl/","Power","12 VDC ± 25%, 0.62 A, max. 7.5 W,Ø5.5 mm coaxial power plug,reverse polarity protection,\nPoE: IEEE 802.3af, Class 3, max. 9 W"
"hikvision","HiLook","Value Camera","IPC-B120HA-LUF-SL","IPC-B120HA-LUF/SL 2 MP Smart Hybrid Light MD 2.0 Fixed Bullet Network Camera","https://www.hikvision.com/en/products/HiLook-IP-Products/Network-Cameras/Value-Camera/ipc-b120ha-luf-sl/","Material","Metal & Plastic"
"hikvision","HiLook","Value Camera","IPC-B120HA-LUF-SL","IPC-B120HA-LUF/SL 2 MP Smart Hybrid Light MD 2.0 Fixed Bullet Network Camera","https://www.hikvision.com/en/products/HiLook-IP-Products/Network-Cameras/Value-Camera/ipc-b120ha-luf-sl/","Dimension","179 mm × 67.4 mm × 69.1 mm (7.1\" × 2.7\" × 2.7\")"
"hikvision","HiLook","Value Camera","IPC-B120HA-LUF-SL","IPC-B120HA-LUF/SL 2 MP Smart Hybrid Light MD 2.0 Fixed Bullet Network Camera","https://www.hikvision.com/en/products/HiLook-IP-Products/Network-Cameras/Value-Camera/ipc-b120ha-luf-sl/","Package Dimension","216 mm × 121 mm × 118 mm (8.5\" × 4.8\" × 4.6\")"
"hikvision","HiLook","Value Camera","IPC-B120HA-LUF-SL","IPC-B120HA-LUF/SL 2 MP Smart Hybrid Light MD 2.0 Fixed Bullet Network Camera","https://www.hikvision.com/en/products/HiLook-IP-Products/Network-Cameras/Value-Camera/ipc-b120ha-luf-sl/","With Package Weight","Approx. 520 g (1.1 lb.)"
"hikvision","HiLook","Value Camera","IPC-B120HA-LUF-SL","IPC-B120HA-LUF/SL 2 MP Smart Hybrid Light MD 2.0 Fixed Bullet Network Camera","https://www.hikvision.com/en/products/HiLook-IP-Products/Network-Cameras/Value-Camera/ipc-b120ha-luf-sl/","Storage Conditions","-30 °C to 60 °C (-22 °F to 140 °F). Humidity 95% or less (non-condensing)"
"hikvision","HiLook","Value Camera","IPC-B120HA-LUF-SL","IPC-B120HA-LUF/SL 2 MP Smart Hybrid Light MD 2.0 Fixed Bullet Network Camera","https://www.hikvision.com/en/products/HiLook-IP-Products/Network-Cameras/Value-Camera/ipc-b120ha-luf-sl/","Startup And Operating Conditions","-30 °C to 60 °C (-22 °F to 140 °F). Humidity 95% or less (non-condensing)"
"hikvision","HiLook","Value Camera","IPC-B120HA-LUF-SL","IPC-B120HA-LUF/SL 2 MP Smart Hybrid Light MD 2.0 Fixed Bullet Network Camera","https://www.hikvision.com/en/products/HiLook-IP-Products/Network-Cameras/Value-Camera/ipc-b120ha-luf-sl/","Language","English, Ukrainian"
"hikvision","HiLook","Value Camera","IPC-B120HA-LUF-SL","IPC-B120HA-LUF/SL 2 MP Smart Hybrid Light MD 2.0 Fixed Bullet Network Camera","https://www.hikvision.com/en/products/HiLook-IP-Products/Network-Cameras/Value-Camera/ipc-b120ha-luf-sl/","General Function","Heartbeat,anti-banding,mirror,password protection,password reset via email"
"hikvision","HiLook","Value Camera","IPC-B120HA-LUF-SL","IPC-B120HA-LUF/SL 2 MP Smart Hybrid Light MD 2.0 Fixed Bullet Network Camera","https://www.hikvision.com/en/products/HiLook-IP-Products/Network-Cameras/Value-Camera/ipc-b120ha-luf-sl/","Flashing Light","Yes"
"hikvision","HiLook","Value Camera","IPC-B120HA-LUF-SL","IPC-B120HA-LUF/SL 2 MP Smart Hybrid Light MD 2.0 Fixed Bullet Network Camera","https://www.hikvision.com/en/products/HiLook-IP-Products/Network-Cameras/Value-Camera/ipc-b120ha-luf-sl/","EMC","CE-EMC: EN 55032:2015+A1:2020, EN 50130-4:2011+A1:2014, EN IEC 61000-3-2:2019+A1:2021, EN 61000-3-3:2013+A1:2019+A2:2021,\nRCM: AS/NZS CISPR 32: 2015,\nIC: ICES-003: Issue 7"
"hikvision","HiLook","Value Camera","IPC-B120HA-LUF-SL","IPC-B120HA-LUF/SL 2 MP Smart Hybrid Light MD 2.0 Fixed Bullet Network Camera","https://www.hikvision.com/en/products/HiLook-IP-Products/Network-Cameras/Value-Camera/ipc-b120ha-luf-sl/","Safety","CB: IEC 62368-1: 2014+A11,\nCE-LVD: EN 62368-1: 2014/A11: 2017"
"hikvision","HiLook","Value Camera","IPC-B120HA-LUF-SL","IPC-B120HA-LUF/SL 2 MP Smart Hybrid Light MD 2.0 Fixed Bullet Network Camera","https://www.hikvision.com/en/products/HiLook-IP-Products/Network-Cameras/Value-Camera/ipc-b120ha-luf-sl/","Environment","CE-RoHS: 2011/65/EU,\nWEEE: 2012/19/EU,\nReach: Regulation (EC) No 1907/2006"
"hikvision","HiLook","Value Camera","IPC-B120HA-LUF-SL","IPC-B120HA-LUF/SL 2 MP Smart Hybrid Light MD 2.0 Fixed Bullet Network Camera","https://www.hikvision.com/en/products/HiLook-IP-Products/Network-Cameras/Value-Camera/ipc-b120ha-luf-sl/","Protection","IP67: IEC 60529-2013"
"hikvision","HiLook","Value Camera","IPC-B120HA-LU","IPC-B120HA-LU 2 MP Smart Hybrid Light MD 2.0 Fixed Bullet Network Camera","https://www.hikvision.com/en/products/HiLook-IP-Products/Network-Cameras/Value-Camera/ipc-b120ha-lu/","Image Sensor","1/2.9\" Progressive Scan CMOS"
"hikvision","HiLook","Value Camera","IPC-B120HA-LU","IPC-B120HA-LU 2 MP Smart Hybrid Light MD 2.0 Fixed Bullet Network Camera","https://www.hikvision.com/en/products/HiLook-IP-Products/Network-Cameras/Value-Camera/ipc-b120ha-lu/","Max. Resolution","1920 × 1080"
"hikvision","HiLook","Value Camera","IPC-B120HA-LU","IPC-B120HA-LU 2 MP Smart Hybrid Light MD 2.0 Fixed Bullet Network Camera","https://www.hikvision.com/en/products/HiLook-IP-Products/Network-Cameras/Value-Camera/ipc-b120ha-lu/","Min. Illumination","Color: 0.005 Lux @ (F1.6, AGC ON),B/W: 0 Lux with IR"
"hikvision","HiLook","Value Camera","IPC-B120HA-LU","IPC-B120HA-LU 2 MP Smart Hybrid Light MD 2.0 Fixed Bullet Network Camera","https://www.hikvision.com/en/products/HiLook-IP-Products/Network-Cameras/Value-Camera/ipc-b120ha-lu/","Shutter Time","1/3 s to 1/100,000 s"
"hikvision","HiLook","Value Camera","IPC-B120HA-LU","IPC-B120HA-LU 2 MP Smart Hybrid Light MD 2.0 Fixed Bullet Network Camera","https://www.hikvision.com/en/products/HiLook-IP-Products/Network-Cameras/Value-Camera/ipc-b120ha-lu/","Day & Night","IR cut filter"
"hikvision","HiLook","Value Camera","IPC-B120HA-LU","IPC-B120HA-LU 2 MP Smart Hybrid Light MD 2.0 Fixed Bullet Network Camera","https://www.hikvision.com/en/products/HiLook-IP-Products/Network-Cameras/Value-Camera/ipc-b120ha-lu/","Angle Adjustment","Pan: 0° to 360°,tilt: 0° to 90°,rotate: 0° to 360°"
"hikvision","HiLook","Value Camera","IPC-B120HA-LU","IPC-B120HA-LU 2 MP Smart Hybrid Light MD 2.0 Fixed Bullet Network Camera","https://www.hikvision.com/en/products/HiLook-IP-Products/Network-Cameras/Value-Camera/ipc-b120ha-lu/","Lens Type","Fixed focal lens, 2.8 and 4 mm optional"
"hikvision","HiLook","Value Camera","IPC-B120HA-LU","IPC-B120HA-LU 2 MP Smart Hybrid Light MD 2.0 Fixed Bullet Network Camera","https://www.hikvision.com/en/products/HiLook-IP-Products/Network-Cameras/Value-Camera/ipc-b120ha-lu/","Focal Length & FOV","2.8 mm, horizontal FOV 103°, vertical FOV 56°, diagonal FOV 121°\n4 mm, horizontal FOV 83°, vertical FOV 44°, diagonal FOV 99°"
"hikvision","HiLook","Value Camera","IPC-B120HA-LU","IPC-B120HA-LU 2 MP Smart Hybrid Light MD 2.0 Fixed Bullet Network Camera","https://www.hikvision.com/en/products/HiLook-IP-Products/Network-Cameras/Value-Camera/ipc-b120ha-lu/","Lens Mount","M12"
"hikvision","HiLook","Value Camera","IPC-B120HA-LU","IPC-B120HA-LU 2 MP Smart Hybrid Light MD 2.0 Fixed Bullet Network Camera","https://www.hikvision.com/en/products/HiLook-IP-Products/Network-Cameras/Value-Camera/ipc-b120ha-lu/","Iris Type","Fixed"
"hikvision","HiLook","Value Camera","IPC-B120HA-LU","IPC-B120HA-LU 2 MP Smart Hybrid Light MD 2.0 Fixed Bullet Network Camera","https://www.hikvision.com/en/products/HiLook-IP-Products/Network-Cameras/Value-Camera/ipc-b120ha-lu/","Aperture","F1.6"
"hikvision","HiLook","Value Camera","IPC-B120HA-LU","IPC-B120HA-LU 2 MP Smart Hybrid Light MD 2.0 Fixed Bullet Network Camera","https://www.hikvision.com/en/products/HiLook-IP-Products/Network-Cameras/Value-Camera/ipc-b120ha-lu/","DORI","2.8 mm, D: 45 m, O: 18 m, R: 9 m, I: 4 m\n4 mm, D: 56 m, O: 22 m, R: 11 m, I: 5 m"
"hikvision","HiLook","Value Camera","IPC-B120HA-LU","IPC-B120HA-LU 2 MP Smart Hybrid Light MD 2.0 Fixed Bullet Network Camera","https://www.hikvision.com/en/products/HiLook-IP-Products/Network-Cameras/Value-Camera/ipc-b120ha-lu/","Supplement Light Type","IR,White Light"
"hikvision","HiLook","Value Camera","IPC-B120HA-LU","IPC-B120HA-LU 2 MP Smart Hybrid Light MD 2.0 Fixed Bullet Network Camera","https://www.hikvision.com/en/products/HiLook-IP-Products/Network-Cameras/Value-Camera/ipc-b120ha-lu/","Supplement Light Range","Up to 30 m"
"hikvision","HiLook","Value Camera","IPC-B120HA-LU","IPC-B120HA-LU 2 MP Smart Hybrid Light MD 2.0 Fixed Bullet Network Camera","https://www.hikvision.com/en/products/HiLook-IP-Products/Network-Cameras/Value-Camera/ipc-b120ha-lu/","Smart Supplement Light","Yes"
"hikvision","HiLook","Value Camera","IPC-B120HA-LU","IPC-B120HA-LU 2 MP Smart Hybrid Light MD 2.0 Fixed Bullet Network Camera","https://www.hikvision.com/en/products/HiLook-IP-Products/Network-Cameras/Value-Camera/ipc-b120ha-lu/","IR Wavelength","850 nm"
"hikvision","HiLook","Value Camera","IPC-B120HA-LU","IPC-B120HA-LU 2 MP Smart Hybrid Light MD 2.0 Fixed Bullet Network Camera","https://www.hikvision.com/en/products/HiLook-IP-Products/Network-Cameras/Value-Camera/ipc-b120ha-lu/","Main Stream","50 Hz: 25 fps (1920 × 1080, 1280 × 720)\n60 Hz: 30 fps (1920 × 1080, 1280 × 720)"
"hikvision","HiLook","Value Camera","IPC-B120HA-LU","IPC-B120HA-LU 2 MP Smart Hybrid Light MD 2.0 Fixed Bullet Network Camera","https://www.hikvision.com/en/products/HiLook-IP-Products/Network-Cameras/Value-Camera/ipc-b120ha-lu/","Sub-Stream","50 Hz: 25 fps (640 × 480, 640 × 360)\n60 Hz: 30 fps (640 × 480, 640 × 360)"
"hikvision","HiLook","Value Camera","IPC-B120HA-LU","IPC-B120HA-LU 2 MP Smart Hybrid Light MD 2.0 Fixed Bullet Network Camera","https://www.hikvision.com/en/products/HiLook-IP-Products/Network-Cameras/Value-Camera/ipc-b120ha-lu/","Video Compression","Main stream: H.265+/H.265/H.264+/H.264,\nSub-stream: H.265/H.264/MJPEG"
"hikvision","HiLook","Value Camera","IPC-B120HA-LU","IPC-B120HA-LU 2 MP Smart Hybrid Light MD 2.0 Fixed Bullet Network Camera","https://www.hikvision.com/en/products/HiLook-IP-Products/Network-Cameras/Value-Camera/ipc-b120ha-lu/","Video Bit Rate","32 Kbps to 8 Mbps"
"hikvision","HiLook","Value Camera","IPC-B120HA-LU","IPC-B120HA-LU 2 MP Smart Hybrid Light MD 2.0 Fixed Bullet Network Camera","https://www.hikvision.com/en/products/HiLook-IP-Products/Network-Cameras/Value-Camera/ipc-b120ha-lu/","H.264 Type","Baseline Profile,Main Profile,High Profile"
"hikvision","HiLook","Value Camera","IPC-B120HA-LU","IPC-B120HA-LU 2 MP Smart Hybrid Light MD 2.0 Fixed Bullet Network Camera","https://www.hikvision.com/en/products/HiLook-IP-Products/Network-Cameras/Value-Camera/ipc-b120ha-lu/","H.265 Type","Main Profile"
"hikvision","HiLook","Value Camera","IPC-B120HA-LU","IPC-B120HA-LU 2 MP Smart Hybrid Light MD 2.0 Fixed Bullet Network Camera","https://www.hikvision.com/en/products/HiLook-IP-Products/Network-Cameras/Value-Camera/ipc-b120ha-lu/","Bit Rate Control","CBR,VBR"
"hikvision","HiLook","Value Camera","IPC-B120HA-LU","IPC-B120HA-LU 2 MP Smart Hybrid Light MD 2.0 Fixed Bullet Network Camera","https://www.hikvision.com/en/products/HiLook-IP-Products/Network-Cameras/Value-Camera/ipc-b120ha-lu/","Region Of Interest (ROI)","1 fixed region for main stream"
"hikvision","HiLook","Value Camera","IPC-B120HA-LU","IPC-B120HA-LU 2 MP Smart Hybrid Light MD 2.0 Fixed Bullet Network Camera","https://www.hikvision.com/en/products/HiLook-IP-Products/Network-Cameras/Value-Camera/ipc-b120ha-lu/","Audio Type","Mono sound"
"hikvision","HiLook","Value Camera","IPC-B120HA-LU","IPC-B120HA-LU 2 MP Smart Hybrid Light MD 2.0 Fixed Bullet Network Camera","https://www.hikvision.com/en/products/HiLook-IP-Products/Network-Cameras/Value-Camera/ipc-b120ha-lu/","Environment Noise Filtering","Yes"
"hikvision","HiLook","Value Camera","IPC-B120HA-LU","IPC-B120HA-LU 2 MP Smart Hybrid Light MD 2.0 Fixed Bullet Network Camera","https://www.hikvision.com/en/products/HiLook-IP-Products/Network-Cameras/Value-Camera/ipc-b120ha-lu/","Audio Sampling Rate","8 kHz/16 kHz"
"hikvision","HiLook","Value Camera","IPC-B120HA-LU","IPC-B120HA-LU 2 MP Smart Hybrid Light MD 2.0 Fixed Bullet Network Camera","https://www.hikvision.com/en/products/HiLook-IP-Products/Network-Cameras/Value-Camera/ipc-b120ha-lu/","Audio Compression","G.711ulaw/G.711alaw/G.722.1/G.726/MP2L2/PCM/AAC-LC"
"hikvision","HiLook","Value Camera","IPC-B120HA-LU","IPC-B120HA-LU 2 MP Smart Hybrid Light MD 2.0 Fixed Bullet Network Camera","https://www.hikvision.com/en/products/HiLook-IP-Products/Network-Cameras/Value-Camera/ipc-b120ha-lu/","Audio Bit Rate","64 Kbps (G.711 ulaw/G.711 alaw)/16 Kbps (G.722.1)/16 Kbps (G.726)/32 to 160 Kbps (MP2L2)/16 to 64 Kbps (AAC-LC)"
"hikvision","HiLook","Value Camera","IPC-B120HA-LU","IPC-B120HA-LU 2 MP Smart Hybrid Light MD 2.0 Fixed Bullet Network Camera","https://www.hikvision.com/en/products/HiLook-IP-Products/Network-Cameras/Value-Camera/ipc-b120ha-lu/","Security","Password protection, complicated password, watermark, basic and digest authentication for HTTP, WSSE and digest authentication for Open Network Video Interface, security audit log, host authentication (MAC address)"
"hikvision","HiLook","Value Camera","IPC-B120HA-LU","IPC-B120HA-LU 2 MP Smart Hybrid Light MD 2.0 Fixed Bullet Network Camera","https://www.hikvision.com/en/products/HiLook-IP-Products/Network-Cameras/Value-Camera/ipc-b120ha-lu/","Simultaneous Live View","Up to 6 channels"
"hikvision","HiLook","Value Camera","IPC-B120HA-LU","IPC-B120HA-LU 2 MP Smart Hybrid Light MD 2.0 Fixed Bullet Network Camera","https://www.hikvision.com/en/products/HiLook-IP-Products/Network-Cameras/Value-Camera/ipc-b120ha-lu/","API","Open Network Video Interface (Profile S, Profile T),ISAPI,SDK"
"hikvision","HiLook","Value Camera","IPC-B120HA-LU","IPC-B120HA-LU 2 MP Smart Hybrid Light MD 2.0 Fixed Bullet Network Camera","https://www.hikvision.com/en/products/HiLook-IP-Products/Network-Cameras/Value-Camera/ipc-b120ha-lu/","Protocols","TCP/IP, ICMP, DHCP, DNS, HTTP, RTP, RTSP, NTP, IGMP, IPv6, UDP, QoS, FTP, SMTP"
"hikvision","HiLook","Value Camera","IPC-B120HA-LU","IPC-B120HA-LU 2 MP Smart Hybrid Light MD 2.0 Fixed Bullet Network Camera","https://www.hikvision.com/en/products/HiLook-IP-Products/Network-Cameras/Value-Camera/ipc-b120ha-lu/","User/Host","Up to 32 users\n3 user levels: administrator, operator, and user"
"hikvision","HiLook","Value Camera","IPC-B120HA-LU","IPC-B120HA-LU 2 MP Smart Hybrid Light MD 2.0 Fixed Bullet Network Camera","https://www.hikvision.com/en/products/HiLook-IP-Products/Network-Cameras/Value-Camera/ipc-b120ha-lu/","Client","iVMS-4200,HiLookVision"
"hikvision","HiLook","Value Camera","IPC-B120HA-LU","IPC-B120HA-LU 2 MP Smart Hybrid Light MD 2.0 Fixed Bullet Network Camera","https://www.hikvision.com/en/products/HiLook-IP-Products/Network-Cameras/Value-Camera/ipc-b120ha-lu/","Web Browser","Plug-in required live view: IE 10, IE 11,\nLocal service: Chrome 57.0+, Firefox 52.0+"
"hikvision","HiLook","Value Camera","IPC-B120HA-LU","IPC-B120HA-LU 2 MP Smart Hybrid Light MD 2.0 Fixed Bullet Network Camera","https://www.hikvision.com/en/products/HiLook-IP-Products/Network-Cameras/Value-Camera/ipc-b120ha-lu/","Wide Dynamic Range (WDR)","Digital WDR"
"hikvision","HiLook","Value Camera","IPC-B120HA-LU","IPC-B120HA-LU 2 MP Smart Hybrid Light MD 2.0 Fixed Bullet Network Camera","https://www.hikvision.com/en/products/HiLook-IP-Products/Network-Cameras/Value-Camera/ipc-b120ha-lu/","SNR","≥ 52 dB"
"hikvision","HiLook","Value Camera","IPC-B120HA-LU","IPC-B120HA-LU 2 MP Smart Hybrid Light MD 2.0 Fixed Bullet Network Camera","https://www.hikvision.com/en/products/HiLook-IP-Products/Network-Cameras/Value-Camera/ipc-b120ha-lu/","Day/Night Switch","Day,Night,Auto,Schedule"
"hikvision","HiLook","Value Camera","IPC-B120HA-LU","IPC-B120HA-LU 2 MP Smart Hybrid Light MD 2.0 Fixed Bullet Network Camera","https://www.hikvision.com/en/products/HiLook-IP-Products/Network-Cameras/Value-Camera/ipc-b120ha-lu/","Image Enhancement","BLC,HLC,3D DNR"
"hikvision","HiLook","Value Camera","IPC-B120HA-LU","IPC-B120HA-LU 2 MP Smart Hybrid Light MD 2.0 Fixed Bullet Network Camera","https://www.hikvision.com/en/products/HiLook-IP-Products/Network-Cameras/Value-Camera/ipc-b120ha-lu/","Image Settings","Rotate mode,saturation,brightness,contrast,sharpness,gain,white balance,adjustable by client software or web browser"
"hikvision","HiLook","Value Camera","IPC-B120HA-LU","IPC-B120HA-LU 2 MP Smart Hybrid Light MD 2.0 Fixed Bullet Network Camera","https://www.hikvision.com/en/products/HiLook-IP-Products/Network-Cameras/Value-Camera/ipc-b120ha-lu/","Privacy Mask","4 programmable polygon privacy masks"
"hikvision","HiLook","Value Camera","IPC-B120HA-LU","IPC-B120HA-LU 2 MP Smart Hybrid Light MD 2.0 Fixed Bullet Network Camera","https://www.hikvision.com/en/products/HiLook-IP-Products/Network-Cameras/Value-Camera/ipc-b120ha-lu/","Ethernet Interface","1 RJ45 10 M/100 M self-adaptive Ethernet port"
"hikvision","HiLook","Value Camera","IPC-B120HA-LU","IPC-B120HA-LU 2 MP Smart Hybrid Light MD 2.0 Fixed Bullet Network Camera","https://www.hikvision.com/en/products/HiLook-IP-Products/Network-Cameras/Value-Camera/ipc-b120ha-lu/","Built-In Microphone","Yes"
"hikvision","HiLook","Value Camera","IPC-B120HA-LU","IPC-B120HA-LU 2 MP Smart Hybrid Light MD 2.0 Fixed Bullet Network Camera","https://www.hikvision.com/en/products/HiLook-IP-Products/Network-Cameras/Value-Camera/ipc-b120ha-lu/","Basic Event","Motion detection (support alarm triggering by specified target types (human and vehicle)),video tampering alarm,exception"
"hikvision","HiLook","Value Camera","IPC-B120HA-LU","IPC-B120HA-LU 2 MP Smart Hybrid Light MD 2.0 Fixed Bullet Network Camera","https://www.hikvision.com/en/products/HiLook-IP-Products/Network-Cameras/Value-Camera/ipc-b120ha-lu/","Linkage","Upload to FTP,send email,notify surveillance center,trigger capture"
"hikvision","HiLook","Value Camera","IPC-B120HA-LU","IPC-B120HA-LU 2 MP Smart Hybrid Light MD 2.0 Fixed Bullet Network Camera","https://www.hikvision.com/en/products/HiLook-IP-Products/Network-Cameras/Value-Camera/ipc-b120ha-lu/","Power","12 VDC ± 25%, 0.4 A, max. 5 W,Ø5.5 mm coaxial power plug,reverse polarity protection,\nPoE: IEEE 802.3af, Class 3, max. 6.5 W"
"hikvision","HiLook","Value Camera","IPC-B120HA-LU","IPC-B120HA-LU 2 MP Smart Hybrid Light MD 2.0 Fixed Bullet Network Camera","https://www.hikvision.com/en/products/HiLook-IP-Products/Network-Cameras/Value-Camera/ipc-b120ha-lu/","Material","Metal & Plastic"
"hikvision","HiLook","Value Camera","IPC-B120HA-LU","IPC-B120HA-LU 2 MP Smart Hybrid Light MD 2.0 Fixed Bullet Network Camera","https://www.hikvision.com/en/products/HiLook-IP-Products/Network-Cameras/Value-Camera/ipc-b120ha-lu/","Dimension","184.1 mm × 66 mm × 69.1 mm (7.3\" × 2.6\" × 2.7\")"
"hikvision","HiLook","Value Camera","IPC-B120HA-LU","IPC-B120HA-LU 2 MP Smart Hybrid Light MD 2.0 Fixed Bullet Network Camera","https://www.hikvision.com/en/products/HiLook-IP-Products/Network-Cameras/Value-Camera/ipc-b120ha-lu/","Package Dimension","216 mm × 121 mm × 118 mm (8.5\" × 4.8\" × 4.6\")"
"hikvision","HiLook","Value Camera","IPC-B120HA-LU","IPC-B120HA-LU 2 MP Smart Hybrid Light MD 2.0 Fixed Bullet Network Camera","https://www.hikvision.com/en/products/HiLook-IP-Products/Network-Cameras/Value-Camera/ipc-b120ha-lu/","With Package Weight","Approx. 495 g (1.1 lb.)"
"hikvision","HiLook","Value Camera","IPC-B120HA-LU","IPC-B120HA-LU 2 MP Smart Hybrid Light MD 2.0 Fixed Bullet Network Camera","https://www.hikvision.com/en/products/HiLook-IP-Products/Network-Cameras/Value-Camera/ipc-b120ha-lu/","Storage Conditions","-30 °C to 60 °C (-22 °F to 140 °F). Humidity 95% or less (non-condensing)"
"hikvision","HiLook","Value Camera","IPC-B120HA-LU","IPC-B120HA-LU 2 MP Smart Hybrid Light MD 2.0 Fixed Bullet Network Camera","https://www.hikvision.com/en/products/HiLook-IP-Products/Network-Cameras/Value-Camera/ipc-b120ha-lu/","Startup And Operating Conditions","-30 °C to 60 °C (-22 °F to 140 °F). Humidity 95% or less (non-condensing)"
"hikvision","HiLook","Value Camera","IPC-B120HA-LU","IPC-B120HA-LU 2 MP Smart Hybrid Light MD 2.0 Fixed Bullet Network Camera","https://www.hikvision.com/en/products/HiLook-IP-Products/Network-Cameras/Value-Camera/ipc-b120ha-lu/","Language","English, Ukrainian"
"hikvision","HiLook","Value Camera","IPC-B120HA-LU","IPC-B120HA-LU 2 MP Smart Hybrid Light MD 2.0 Fixed Bullet Network Camera","https://www.hikvision.com/en/products/HiLook-IP-Products/Network-Cameras/Value-Camera/ipc-b120ha-lu/","General Function","Heartbeat,anti-banding,mirror,password protection,password reset via email"
"hikvision","HiLook","Value Camera","IPC-B120HA-LU","IPC-B120HA-LU 2 MP Smart Hybrid Light MD 2.0 Fixed Bullet Network Camera","https://www.hikvision.com/en/products/HiLook-IP-Products/Network-Cameras/Value-Camera/ipc-b120ha-lu/","EMC","FCC: 47 CFR Part 15, Subpart B,\nCE-EMC: EN 55032: 2015, EN 61000-3-2:2019, EN 61000-3-3: 2013+A1:2019, EN 50130-4: 2011 +A1: 2014,\nRCM: AS/NZS CISPR 32: 2015,\nIC: ICES-003: Issue 7"
"hikvision","HiLook","Value Camera","IPC-B120HA-LU","IPC-B120HA-LU 2 MP Smart Hybrid Light MD 2.0 Fixed Bullet Network Camera","https://www.hikvision.com/en/products/HiLook-IP-Products/Network-Cameras/Value-Camera/ipc-b120ha-lu/","Safety","CB: IEC 62368-1: 2014+A11,\nCE-LVD: EN 62368-1: 2014/A11: 2017"
"hikvision","HiLook","Value Camera","IPC-B120HA-LU","IPC-B120HA-LU 2 MP Smart Hybrid Light MD 2.0 Fixed Bullet Network Camera","https://www.hikvision.com/en/products/HiLook-IP-Products/Network-Cameras/Value-Camera/ipc-b120ha-lu/","Environment","CE-RoHS: 2011/65/EU,\nWEEE: 2012/19/EU,\nReach: Regulation (EC) No 1907/2006"
"hikvision","HiLook","Value Camera","IPC-B120HA-LU","IPC-B120HA-LU 2 MP Smart Hybrid Light MD 2.0 Fixed Bullet Network Camera","https://www.hikvision.com/en/products/HiLook-IP-Products/Network-Cameras/Value-Camera/ipc-b120ha-lu/","Protection","IP67: IEC 60529-2013"
"hikvision","HiLook","Value Camera","IPC-B121H--M-","IPC-B121H(-M) 2 MP Fixed Bullet Network Camera","https://www.hikvision.com/en/products/HiLook-IP-Products/Network-Cameras/Value-Camera/ipc-b121h--m-/","Image Sensor","1/2.7\" Progressive Scan CMOS"
"hikvision","HiLook","Value Camera","IPC-B121H--M-","IPC-B121H(-M) 2 MP Fixed Bullet Network Camera","https://www.hikvision.com/en/products/HiLook-IP-Products/Network-Cameras/Value-Camera/ipc-b121h--m-/","Max. Resolution","1920 × 1080"
"hikvision","HiLook","Value Camera","IPC-B121H--M-","IPC-B121H(-M) 2 MP Fixed Bullet Network Camera","https://www.hikvision.com/en/products/HiLook-IP-Products/Network-Cameras/Value-Camera/ipc-b121h--m-/","Min. Illumination","Color: 0.01 Lux @(F2.0, AGC ON), B/W: 0 Lux with IR"
"hikvision","HiLook","Value Camera","IPC-B121H--M-","IPC-B121H(-M) 2 MP Fixed Bullet Network Camera","https://www.hikvision.com/en/products/HiLook-IP-Products/Network-Cameras/Value-Camera/ipc-b121h--m-/","Shutter Time","1/3 s to 1/100, 000 s"
"hikvision","HiLook","Value Camera","IPC-B121H--M-","IPC-B121H(-M) 2 MP Fixed Bullet Network Camera","https://www.hikvision.com/en/products/HiLook-IP-Products/Network-Cameras/Value-Camera/ipc-b121h--m-/","Day & Night","IR cut filter"
"hikvision","HiLook","Value Camera","IPC-B121H--M-","IPC-B121H(-M) 2 MP Fixed Bullet Network Camera","https://www.hikvision.com/en/products/HiLook-IP-Products/Network-Cameras/Value-Camera/ipc-b121h--m-/","Angle Adjustment","Pan: 0° to 360°, tilt: 0° to 180°, rotate: 0° to 360°"
"hikvision","HiLook","Value Camera","IPC-B121H--M-","IPC-B121H(-M) 2 MP Fixed Bullet Network Camera","https://www.hikvision.com/en/products/HiLook-IP-Products/Network-Cameras/Value-Camera/ipc-b121h--m-/","Focal Length & FOV","2.8 mm, horizontal FOV 112.1°, vertical FOV 60.0°, diagonal FOV 132.2°\n4 mm, horizontal FOV 90.2°, vertical FOV 48.6°, diagonal FOV 107.6°"
"hikvision","HiLook","Value Camera","IPC-B121H--M-","IPC-B121H(-M) 2 MP Fixed Bullet Network Camera","https://www.hikvision.com/en/products/HiLook-IP-Products/Network-Cameras/Value-Camera/ipc-b121h--m-/","Lens Mount","M12"
"hikvision","HiLook","Value Camera","IPC-B121H--M-","IPC-B121H(-M) 2 MP Fixed Bullet Network Camera","https://www.hikvision.com/en/products/HiLook-IP-Products/Network-Cameras/Value-Camera/ipc-b121h--m-/","Focus","Fixed"
"hikvision","HiLook","Value Camera","IPC-B121H--M-","IPC-B121H(-M) 2 MP Fixed Bullet Network Camera","https://www.hikvision.com/en/products/HiLook-IP-Products/Network-Cameras/Value-Camera/ipc-b121h--m-/","Aperture","F2.0"
"hikvision","HiLook","Value Camera","IPC-B121H--M-","IPC-B121H(-M) 2 MP Fixed Bullet Network Camera","https://www.hikvision.com/en/products/HiLook-IP-Products/Network-Cameras/Value-Camera/ipc-b121h--m-/","Lens Type","Fixed focal lens, 2.8 and 4 mm optional"
"hikvision","HiLook","Value Camera","IPC-B121H--M-","IPC-B121H(-M) 2 MP Fixed Bullet Network Camera","https://www.hikvision.com/en/products/HiLook-IP-Products/Network-Cameras/Value-Camera/ipc-b121h--m-/","Iris Type","Fixed"
"hikvision","HiLook","Value Camera","IPC-B121H--M-","IPC-B121H(-M) 2 MP Fixed Bullet Network Camera","https://www.hikvision.com/en/products/HiLook-IP-Products/Network-Cameras/Value-Camera/ipc-b121h--m-/","Supplement Light Type","IR"
"hikvision","HiLook","Value Camera","IPC-B121H--M-","IPC-B121H(-M) 2 MP Fixed Bullet Network Camera","https://www.hikvision.com/en/products/HiLook-IP-Products/Network-Cameras/Value-Camera/ipc-b121h--m-/","Supplement Light Range","Up to 30 m"
"hikvision","HiLook","Value Camera","IPC-B121H--M-","IPC-B121H(-M) 2 MP Fixed Bullet Network Camera","https://www.hikvision.com/en/products/HiLook-IP-Products/Network-Cameras/Value-Camera/ipc-b121h--m-/","IR Wavelength","850 nm"
"hikvision","HiLook","Value Camera","IPC-B121H--M-","IPC-B121H(-M) 2 MP Fixed Bullet Network Camera","https://www.hikvision.com/en/products/HiLook-IP-Products/Network-Cameras/Value-Camera/ipc-b121h--m-/","Smart Supplement Light","Yes"
"hikvision","HiLook","Value Camera","IPC-B121H--M-","IPC-B121H(-M) 2 MP Fixed Bullet Network Camera","https://www.hikvision.com/en/products/HiLook-IP-Products/Network-Cameras/Value-Camera/ipc-b121h--m-/","Main Stream","50 Hz: 25 fps (1920 × 1080, 1280 × 720)\n60 Hz: 30 fps (1920 × 1080, 1280 × 720)"
"hikvision","HiLook","Value Camera","IPC-B121H--M-","IPC-B121H(-M) 2 MP Fixed Bullet Network Camera","https://www.hikvision.com/en/products/HiLook-IP-Products/Network-Cameras/Value-Camera/ipc-b121h--m-/","Sub-Stream","50 Hz: 25 fps (640 × 480, 640 × 360)\n60 Hz: 30 fps (640 × 480, 640 × 360)"
"hikvision","HiLook","Value Camera","IPC-B121H--M-","IPC-B121H(-M) 2 MP Fixed Bullet Network Camera","https://www.hikvision.com/en/products/HiLook-IP-Products/Network-Cameras/Value-Camera/ipc-b121h--m-/","Video Compression","Main stream: H.265/H.264/H.264+/H.265+\nSub-stream: H.265/H.264/MJPEG"
"hikvision","HiLook","Value Camera","IPC-B121H--M-","IPC-B121H(-M) 2 MP Fixed Bullet Network Camera","https://www.hikvision.com/en/products/HiLook-IP-Products/Network-Cameras/Value-Camera/ipc-b121h--m-/","Video Bit Rate","32 Kbps to 8 Mbps"
"hikvision","HiLook","Value Camera","IPC-B121H--M-","IPC-B121H(-M) 2 MP Fixed Bullet Network Camera","https://www.hikvision.com/en/products/HiLook-IP-Products/Network-Cameras/Value-Camera/ipc-b121h--m-/","H.264 Type","Baseline Profile/Main Profile/High Profile"
"hikvision","HiLook","Value Camera","IPC-B121H--M-","IPC-B121H(-M) 2 MP Fixed Bullet Network Camera","https://www.hikvision.com/en/products/HiLook-IP-Products/Network-Cameras/Value-Camera/ipc-b121h--m-/","H.265 Type","Main Profile"
"hikvision","HiLook","Value Camera","IPC-B121H--M-","IPC-B121H(-M) 2 MP Fixed Bullet Network Camera","https://www.hikvision.com/en/products/HiLook-IP-Products/Network-Cameras/Value-Camera/ipc-b121h--m-/","Region Of Interest (ROI)","1 fixed region for main stream"
"hikvision","HiLook","Value Camera","IPC-B121H--M-","IPC-B121H(-M) 2 MP Fixed Bullet Network Camera","https://www.hikvision.com/en/products/HiLook-IP-Products/Network-Cameras/Value-Camera/ipc-b121h--m-/","Protocols","TCP/IP, ICMP, HTTP, HTTPS, FTP, DHCP, DNS, DDNS, RTP, RTSP, RTCP, NTP, UPnP™, SMTP, IGMP, QoS, IPv6, Bonjour, IPv4, UDP, SSL/TLS"
"hikvision","HiLook","Value Camera","IPC-B121H--M-","IPC-B121H(-M) 2 MP Fixed Bullet Network Camera","https://www.hikvision.com/en/products/HiLook-IP-Products/Network-Cameras/Value-Camera/ipc-b121h--m-/","Simultaneous Live View","Up to 6 channels"
"hikvision","HiLook","Value Camera","IPC-B121H--M-","IPC-B121H(-M) 2 MP Fixed Bullet Network Camera","https://www.hikvision.com/en/products/HiLook-IP-Products/Network-Cameras/Value-Camera/ipc-b121h--m-/","API","Open Network Video Interface, ISAPI"
"hikvision","HiLook","Value Camera","IPC-B121H--M-","IPC-B121H(-M) 2 MP Fixed Bullet Network Camera","https://www.hikvision.com/en/products/HiLook-IP-Products/Network-Cameras/Value-Camera/ipc-b121h--m-/","User/Host","Up to 32 users. 3 levels: administrator, operator and user"
"hikvision","HiLook","Value Camera","IPC-B121H--M-","IPC-B121H(-M) 2 MP Fixed Bullet Network Camera","https://www.hikvision.com/en/products/HiLook-IP-Products/Network-Cameras/Value-Camera/ipc-b121h--m-/","Client","iVMS-4200, Hik-Connect"
"hikvision","HiLook","Value Camera","IPC-B121H--M-","IPC-B121H(-M) 2 MP Fixed Bullet Network Camera","https://www.hikvision.com/en/products/HiLook-IP-Products/Network-Cameras/Value-Camera/ipc-b121h--m-/","Web Browser","Plug-in required live view: IE 10+\nPlug-in free live view: Chrome 57.0+, Firefox 52.0+\nLocal service: Chrome 57.0+, Firefox 52.0+"
"hikvision","HiLook","Value Camera","IPC-B121H--M-","IPC-B121H(-M) 2 MP Fixed Bullet Network Camera","https://www.hikvision.com/en/products/HiLook-IP-Products/Network-Cameras/Value-Camera/ipc-b121h--m-/","Image Settings","Saturation, brightness, contrast, sharpness, AGC, white balance adjustable by client software or web browser."
"hikvision","HiLook","Value Camera","IPC-B121H--M-","IPC-B121H(-M) 2 MP Fixed Bullet Network Camera","https://www.hikvision.com/en/products/HiLook-IP-Products/Network-Cameras/Value-Camera/ipc-b121h--m-/","Day/Night Switch","Day, Night, Auto, Schedule"
"hikvision","HiLook","Value Camera","IPC-B121H--M-","IPC-B121H(-M) 2 MP Fixed Bullet Network Camera","https://www.hikvision.com/en/products/HiLook-IP-Products/Network-Cameras/Value-Camera/ipc-b121h--m-/","Wide Dynamic Range (WDR)","Digital WDR"
"hikvision","HiLook","Value Camera","IPC-B121H--M-","IPC-B121H(-M) 2 MP Fixed Bullet Network Camera","https://www.hikvision.com/en/products/HiLook-IP-Products/Network-Cameras/Value-Camera/ipc-b121h--m-/","Image Enhancement","BLC, 3D DNR"
"hikvision","HiLook","Value Camera","IPC-B121H--M-","IPC-B121H(-M) 2 MP Fixed Bullet Network Camera","https://www.hikvision.com/en/products/HiLook-IP-Products/Network-Cameras/Value-Camera/ipc-b121h--m-/","Ethernet Interface","1 RJ45 10 M/100 M self-adaptive Ethernet port"
"hikvision","HiLook","Value Camera","IPC-B121H--M-","IPC-B121H(-M) 2 MP Fixed Bullet Network Camera","https://www.hikvision.com/en/products/HiLook-IP-Products/Network-Cameras/Value-Camera/ipc-b121h--m-/","Basic Event","Motion detection, video tampering alarm, exception"
"hikvision","HiLook","Value Camera","IPC-B121H--M-","IPC-B121H(-M) 2 MP Fixed Bullet Network Camera","https://www.hikvision.com/en/products/HiLook-IP-Products/Network-Cameras/Value-Camera/ipc-b121h--m-/","Linkage","Upload to FTP, notify surveillance center, send email"
"hikvision","HiLook","Value Camera","IPC-B121H--M-","IPC-B121H(-M) 2 MP Fixed Bullet Network Camera","https://www.hikvision.com/en/products/HiLook-IP-Products/Network-Cameras/Value-Camera/ipc-b121h--m-/","Power","12 VDC ± 25%, 0.4 A, max. 5 W, Ø5.5 mm coaxial power plug\nPoE: 802.3af, Class 3, 36 V to 57 V, 0.2 A to 0.15 A, max. 6.5 W"
"hikvision","HiLook","Value Camera","IPC-B121H--M-","IPC-B121H(-M) 2 MP Fixed Bullet Network Camera","https://www.hikvision.com/en/products/HiLook-IP-Products/Network-Cameras/Value-Camera/ipc-b121h--m-/","Dimension","186.3 mm × 71.4 mm × 66.7 mm (7.3\" × 2.8\" × 2.6\")"
"hikvision","HiLook","Value Camera","IPC-B121H--M-","IPC-B121H(-M) 2 MP Fixed Bullet Network Camera","https://www.hikvision.com/en/products/HiLook-IP-Products/Network-Cameras/Value-Camera/ipc-b121h--m-/","Package Dimension","216 mm × 121 mm × 118 mm (8.5\" × 4.8\" × 4.6\")"
"hikvision","HiLook","Value Camera","IPC-B121H--M-","IPC-B121H(-M) 2 MP Fixed Bullet Network Camera","https://www.hikvision.com/en/products/HiLook-IP-Products/Network-Cameras/Value-Camera/ipc-b121h--m-/","With Package Weight","Approx. 490 g (1.1 lb.)"
"hikvision","HiLook","Value Camera","IPC-B121H--M-","IPC-B121H(-M) 2 MP Fixed Bullet Network Camera","https://www.hikvision.com/en/products/HiLook-IP-Products/Network-Cameras/Value-Camera/ipc-b121h--m-/","Storage Conditions","-30 °C to 60 °C (-22 °F to 140 °F). Humidity: 95% or less (non-condensing)"
"hikvision","HiLook","Value Camera","IPC-B121H--M-","IPC-B121H(-M) 2 MP Fixed Bullet Network Camera","https://www.hikvision.com/en/products/HiLook-IP-Products/Network-Cameras/Value-Camera/ipc-b121h--m-/","Startup And Operating Conditions","-30 °C to 60 °C (-22 °F to 140 °F). Humidity: 95% or less (non-condensing)"
"hikvision","HiLook","Value Camera","IPC-B121H--M-","IPC-B121H(-M) 2 MP Fixed Bullet Network Camera","https://www.hikvision.com/en/products/HiLook-IP-Products/Network-Cameras/Value-Camera/ipc-b121h--m-/","Language","English, Ukrainian"
"hikvision","HiLook","Value Camera","IPC-B121H--M-","IPC-B121H(-M) 2 MP Fixed Bullet Network Camera","https://www.hikvision.com/en/products/HiLook-IP-Products/Network-Cameras/Value-Camera/ipc-b121h--m-/","General Function","Anti-flicker, heartbeat, mirror, password protection, privacy mask, watermark, IP address filter"
"hikvision","HiLook","Value Camera","IPC-B121H--M-","IPC-B121H(-M) 2 MP Fixed Bullet Network Camera","https://www.hikvision.com/en/products/HiLook-IP-Products/Network-Cameras/Value-Camera/ipc-b121h--m-/","EMC","FCC SDoC (47 CFR Part 15, Subpart B); CE-EMC (EN 55032: 2015, EN 61000-3-2: 2014, EN 61000-3-3: 2013, EN 50130-4: 2011 +A1: 2014); RCM (AS/NZS CISPR 32: 2015); IC VoC (ICES-003: Issue 6, 2016); KC (KN 32: 2015, KN 35: 2015)"
"hikvision","HiLook","Value Camera","IPC-B121H--M-","IPC-B121H(-M) 2 MP Fixed Bullet Network Camera","https://www.hikvision.com/en/products/HiLook-IP-Products/Network-Cameras/Value-Camera/ipc-b121h--m-/","Safety","UL (UL 60950-1); CB (IEC 60950-1:2005 + Am 1:2009 + Am 2:2013, IEC 62368-1:2014); CE-LVD (EN 60950-1:2005 + Am 1:2009 + Am 2:2013, IEC 62368-1:2014); BIS (IS 13252(Part 1):2010+A1:2013+A2:2015)"
"hikvision","HiLook","Value Camera","IPC-B121H--M-","IPC-B121H(-M) 2 MP Fixed Bullet Network Camera","https://www.hikvision.com/en/products/HiLook-IP-Products/Network-Cameras/Value-Camera/ipc-b121h--m-/","Environment","CE-RoHS (2011/65/EU); WEEE (2012/19/EU); Reach (Regulation (EC) No 1907/2006)"
"hikvision","HiLook","Value Camera","IPC-B121H--M-","IPC-B121H(-M) 2 MP Fixed Bullet Network Camera","https://www.hikvision.com/en/products/HiLook-IP-Products/Network-Cameras/Value-Camera/ipc-b121h--m-/","Protection","IP67 (IEC 60529-2013)"
"hikvision","HiLook","Value Camera","IPC-B129HA-LU","IPC-B129HA-LU 2 MP ColorVu with Smart Hybrid Light Fixed Bullet Network Camera","https://www.hikvision.com/en/products/HiLook-IP-Products/Network-Cameras/Value-Camera/ipc-b129ha-lu/","Image Sensor","1/2.8\" Progressive Scan CMOS"
"hikvision","HiLook","Value Camera","IPC-B129HA-LU","IPC-B129HA-LU 2 MP ColorVu with Smart Hybrid Light Fixed Bullet Network Camera","https://www.hikvision.com/en/products/HiLook-IP-Products/Network-Cameras/Value-Camera/ipc-b129ha-lu/","Max. Resolution","1920 × 1080"
"hikvision","HiLook","Value Camera","IPC-B129HA-LU","IPC-B129HA-LU 2 MP ColorVu with Smart Hybrid Light Fixed Bullet Network Camera","https://www.hikvision.com/en/products/HiLook-IP-Products/Network-Cameras/Value-Camera/ipc-b129ha-lu/","Min. Illumination","Color: 0.001 Lux @ (F1.0, AGC ON),0 Lux with light"
"hikvision","HiLook","Value Camera","IPC-B129HA-LU","IPC-B129HA-LU 2 MP ColorVu with Smart Hybrid Light Fixed Bullet Network Camera","https://www.hikvision.com/en/products/HiLook-IP-Products/Network-Cameras/Value-Camera/ipc-b129ha-lu/","Shutter Time","1/3 s to 1/100,000 s"
"hikvision","HiLook","Value Camera","IPC-B129HA-LU","IPC-B129HA-LU 2 MP ColorVu with Smart Hybrid Light Fixed Bullet Network Camera","https://www.hikvision.com/en/products/HiLook-IP-Products/Network-Cameras/Value-Camera/ipc-b129ha-lu/","Day & Night","IR cut filter"
"hikvision","HiLook","Value Camera","IPC-B129HA-LU","IPC-B129HA-LU 2 MP ColorVu with Smart Hybrid Light Fixed Bullet Network Camera","https://www.hikvision.com/en/products/HiLook-IP-Products/Network-Cameras/Value-Camera/ipc-b129ha-lu/","Angle Adjustment","Pan: 0° to 355°,tilt: 0° to 90°,rotate: 0° to 355°"
"hikvision","HiLook","Value Camera","IPC-B129HA-LU","IPC-B129HA-LU 2 MP ColorVu with Smart Hybrid Light Fixed Bullet Network Camera","https://www.hikvision.com/en/products/HiLook-IP-Products/Network-Cameras/Value-Camera/ipc-b129ha-lu/","Lens Type","Fixed focal lens, 2.8 and 4 mm optional"
"hikvision","HiLook","Value Camera","IPC-B129HA-LU","IPC-B129HA-LU 2 MP ColorVu with Smart Hybrid Light Fixed Bullet Network Camera","https://www.hikvision.com/en/products/HiLook-IP-Products/Network-Cameras/Value-Camera/ipc-b129ha-lu/","Focal Length & FOV","2.8 mm, horizontal FOV 96°, vertical FOV 52°, diagonal FOV 114°\n4 mm, horizontal FOV 80°, vertical FOV 43°, diagonal FOV 93°"
"hikvision","HiLook","Value Camera","IPC-B129HA-LU","IPC-B129HA-LU 2 MP ColorVu with Smart Hybrid Light Fixed Bullet Network Camera","https://www.hikvision.com/en/products/HiLook-IP-Products/Network-Cameras/Value-Camera/ipc-b129ha-lu/","Lens Mount","M12"
"hikvision","HiLook","Value Camera","IPC-B129HA-LU","IPC-B129HA-LU 2 MP ColorVu with Smart Hybrid Light Fixed Bullet Network Camera","https://www.hikvision.com/en/products/HiLook-IP-Products/Network-Cameras/Value-Camera/ipc-b129ha-lu/","Iris Type","Fixed"
"hikvision","HiLook","Value Camera","IPC-B129HA-LU","IPC-B129HA-LU 2 MP ColorVu with Smart Hybrid Light Fixed Bullet Network Camera","https://www.hikvision.com/en/products/HiLook-IP-Products/Network-Cameras/Value-Camera/ipc-b129ha-lu/","Aperture","F1.0"
"hikvision","HiLook","Value Camera","IPC-B129HA-LU","IPC-B129HA-LU 2 MP ColorVu with Smart Hybrid Light Fixed Bullet Network Camera","https://www.hikvision.com/en/products/HiLook-IP-Products/Network-Cameras/Value-Camera/ipc-b129ha-lu/","DORI","2.8 mm, D: 44 m, O: 17 m, R: 8 m, I: 4 m\n4 mm, D: 53 m, O: 21 m, R: 10 m, I: 5 m"
"hikvision","HiLook","Value Camera","IPC-B129HA-LU","IPC-B129HA-LU 2 MP ColorVu with Smart Hybrid Light Fixed Bullet Network Camera","https://www.hikvision.com/en/products/HiLook-IP-Products/Network-Cameras/Value-Camera/ipc-b129ha-lu/","Supplement Light Type","IR,White Light"
"hikvision","HiLook","Value Camera","IPC-B129HA-LU","IPC-B129HA-LU 2 MP ColorVu with Smart Hybrid Light Fixed Bullet Network Camera","https://www.hikvision.com/en/products/HiLook-IP-Products/Network-Cameras/Value-Camera/ipc-b129ha-lu/","Supplement Light Range","Up to 30 m"
"hikvision","HiLook","Value Camera","IPC-B129HA-LU","IPC-B129HA-LU 2 MP ColorVu with Smart Hybrid Light Fixed Bullet Network Camera","https://www.hikvision.com/en/products/HiLook-IP-Products/Network-Cameras/Value-Camera/ipc-b129ha-lu/","Smart Supplement Light","Yes"
"hikvision","HiLook","Value Camera","IPC-B129HA-LU","IPC-B129HA-LU 2 MP ColorVu with Smart Hybrid Light Fixed Bullet Network Camera","https://www.hikvision.com/en/products/HiLook-IP-Products/Network-Cameras/Value-Camera/ipc-b129ha-lu/","IR Wavelength","850 nm"
"hikvision","HiLook","Value Camera","IPC-B129HA-LU","IPC-B129HA-LU 2 MP ColorVu with Smart Hybrid Light Fixed Bullet Network Camera","https://www.hikvision.com/en/products/HiLook-IP-Products/Network-Cameras/Value-Camera/ipc-b129ha-lu/","Main Stream","50 Hz: 25 fps (1920 × 1080, 1280 × 720)\n60 Hz: 30 fps (1920 × 1080, 1280 × 720)"
"hikvision","HiLook","Value Camera","IPC-B129HA-LU","IPC-B129HA-LU 2 MP ColorVu with Smart Hybrid Light Fixed Bullet Network Camera","https://www.hikvision.com/en/products/HiLook-IP-Products/Network-Cameras/Value-Camera/ipc-b129ha-lu/","Sub-Stream","50 Hz: 25 fps (1280 × 720, 640 × 480, 640 × 360)\n60 Hz: 24 fps (1280 × 720, 640 × 480, 640 × 360)"
"hikvision","HiLook","Value Camera","IPC-B129HA-LU","IPC-B129HA-LU 2 MP ColorVu with Smart Hybrid Light Fixed Bullet Network Camera","https://www.hikvision.com/en/products/HiLook-IP-Products/Network-Cameras/Value-Camera/ipc-b129ha-lu/","Video Compression","Main stream: H.265+/H.265/H.264+/H.264,\nSub-stream: H.265/H.264/MJPEG"
"hikvision","HiLook","Value Camera","IPC-B129HA-LU","IPC-B129HA-LU 2 MP ColorVu with Smart Hybrid Light Fixed Bullet Network Camera","https://www.hikvision.com/en/products/HiLook-IP-Products/Network-Cameras/Value-Camera/ipc-b129ha-lu/","Video Bit Rate","32 Kbps to 8 Mbps"
"hikvision","HiLook","Value Camera","IPC-B129HA-LU","IPC-B129HA-LU 2 MP ColorVu with Smart Hybrid Light Fixed Bullet Network Camera","https://www.hikvision.com/en/products/HiLook-IP-Products/Network-Cameras/Value-Camera/ipc-b129ha-lu/","H.264 Type","Baseline Profile,Main Profile,High Profile"
"hikvision","HiLook","Value Camera","IPC-B129HA-LU","IPC-B129HA-LU 2 MP ColorVu with Smart Hybrid Light Fixed Bullet Network Camera","https://www.hikvision.com/en/products/HiLook-IP-Products/Network-Cameras/Value-Camera/ipc-b129ha-lu/","H.265 Type","Main Profile"
"hikvision","HiLook","Value Camera","IPC-B129HA-LU","IPC-B129HA-LU 2 MP ColorVu with Smart Hybrid Light Fixed Bullet Network Camera","https://www.hikvision.com/en/products/HiLook-IP-Products/Network-Cameras/Value-Camera/ipc-b129ha-lu/","Bit Rate Control","CBR,VBR"
"hikvision","HiLook","Value Camera","IPC-B129HA-LU","IPC-B129HA-LU 2 MP ColorVu with Smart Hybrid Light Fixed Bullet Network Camera","https://www.hikvision.com/en/products/HiLook-IP-Products/Network-Cameras/Value-Camera/ipc-b129ha-lu/","Region Of Interest (ROI)","1 fixed region for main stream"
"hikvision","HiLook","Value Camera","IPC-B129HA-LU","IPC-B129HA-LU 2 MP ColorVu with Smart Hybrid Light Fixed Bullet Network Camera","https://www.hikvision.com/en/products/HiLook-IP-Products/Network-Cameras/Value-Camera/ipc-b129ha-lu/","Audio Type","Mono sound"
"hikvision","HiLook","Value Camera","IPC-B129HA-LU","IPC-B129HA-LU 2 MP ColorVu with Smart Hybrid Light Fixed Bullet Network Camera","https://www.hikvision.com/en/products/HiLook-IP-Products/Network-Cameras/Value-Camera/ipc-b129ha-lu/","Audio Compression","G.711/G.722.1/G.726/MP2L2/PCM/AAC-LC"
"hikvision","HiLook","Value Camera","IPC-B129HA-LU","IPC-B129HA-LU 2 MP ColorVu with Smart Hybrid Light Fixed Bullet Network Camera","https://www.hikvision.com/en/products/HiLook-IP-Products/Network-Cameras/Value-Camera/ipc-b129ha-lu/","Audio Bit Rate","64 Kbps (G.711)/16 Kbps (G.722.1)/16 Kbps (G.726)/32 to 160 Kbps (MP2L2)/16 to 64 Kbps (AAC-LC)"
"hikvision","HiLook","Value Camera","IPC-B129HA-LU","IPC-B129HA-LU 2 MP ColorVu with Smart Hybrid Light Fixed Bullet Network Camera","https://www.hikvision.com/en/products/HiLook-IP-Products/Network-Cameras/Value-Camera/ipc-b129ha-lu/","Audio Sampling Rate","8 kHz/16 kHz"
"hikvision","HiLook","Value Camera","IPC-B129HA-LU","IPC-B129HA-LU 2 MP ColorVu with Smart Hybrid Light Fixed Bullet Network Camera","https://www.hikvision.com/en/products/HiLook-IP-Products/Network-Cameras/Value-Camera/ipc-b129ha-lu/","Environment Noise Filtering","Yes"
"hikvision","HiLook","Value Camera","IPC-B129HA-LU","IPC-B129HA-LU 2 MP ColorVu with Smart Hybrid Light Fixed Bullet Network Camera","https://www.hikvision.com/en/products/HiLook-IP-Products/Network-Cameras/Value-Camera/ipc-b129ha-lu/","Protocols","IPv4，IPv6，TCP/IP, ICMP, DHCP, DNS, HTTP, RTP, RTSP, RTCP, NTP, IGMP, UDP, QoS, FTP, SMTP, UPnP"
"hikvision","HiLook","Value Camera","IPC-B129HA-LU","IPC-B129HA-LU 2 MP ColorVu with Smart Hybrid Light Fixed Bullet Network Camera","https://www.hikvision.com/en/products/HiLook-IP-Products/Network-Cameras/Value-Camera/ipc-b129ha-lu/","Simultaneous Live View","Up to 6 channels"
"hikvision","HiLook","Value Camera","IPC-B129HA-LU","IPC-B129HA-LU 2 MP ColorVu with Smart Hybrid Light Fixed Bullet Network Camera","https://www.hikvision.com/en/products/HiLook-IP-Products/Network-Cameras/Value-Camera/ipc-b129ha-lu/","API","Open Network Video Interface (Profile S, Profile T),ISAPI,SDK"
"hikvision","HiLook","Value Camera","IPC-B129HA-LU","IPC-B129HA-LU 2 MP ColorVu with Smart Hybrid Light Fixed Bullet Network Camera","https://www.hikvision.com/en/products/HiLook-IP-Products/Network-Cameras/Value-Camera/ipc-b129ha-lu/","Security","Password protection, complicated password, watermark, basic and digest authentication for HTTP, WSSE and digest authentication for Open Network Video Interface, security audit log, host authentication (MAC address)"
"hikvision","HiLook","Value Camera","IPC-B129HA-LU","IPC-B129HA-LU 2 MP ColorVu with Smart Hybrid Light Fixed Bullet Network Camera","https://www.hikvision.com/en/products/HiLook-IP-Products/Network-Cameras/Value-Camera/ipc-b129ha-lu/","User/Host","Up to 32 users\n3 user levels: administrator, operator, and user"
"hikvision","HiLook","Value Camera","IPC-B129HA-LU","IPC-B129HA-LU 2 MP ColorVu with Smart Hybrid Light Fixed Bullet Network Camera","https://www.hikvision.com/en/products/HiLook-IP-Products/Network-Cameras/Value-Camera/ipc-b129ha-lu/","Client","iVMS-4200,HiLookVision"
"hikvision","HiLook","Value Camera","IPC-B129HA-LU","IPC-B129HA-LU 2 MP ColorVu with Smart Hybrid Light Fixed Bullet Network Camera","https://www.hikvision.com/en/products/HiLook-IP-Products/Network-Cameras/Value-Camera/ipc-b129ha-lu/","Web Browser","Plug-in required live view: IE 10, IE 11,\nLocal service: Chrome 57.0+, Firefox 52.0+, Edge 89+"
"hikvision","HiLook","Value Camera","IPC-B129HA-LU","IPC-B129HA-LU 2 MP ColorVu with Smart Hybrid Light Fixed Bullet Network Camera","https://www.hikvision.com/en/products/HiLook-IP-Products/Network-Cameras/Value-Camera/ipc-b129ha-lu/","Image Settings","Rotate mode,saturation,brightness,contrast,sharpness,gain,white balance,adjustable by client software or web browser"
"hikvision","HiLook","Value Camera","IPC-B129HA-LU","IPC-B129HA-LU 2 MP ColorVu with Smart Hybrid Light Fixed Bullet Network Camera","https://www.hikvision.com/en/products/HiLook-IP-Products/Network-Cameras/Value-Camera/ipc-b129ha-lu/","Day/Night Switch","Day,Night,Auto,Schedule"
"hikvision","HiLook","Value Camera","IPC-B129HA-LU","IPC-B129HA-LU 2 MP ColorVu with Smart Hybrid Light Fixed Bullet Network Camera","https://www.hikvision.com/en/products/HiLook-IP-Products/Network-Cameras/Value-Camera/ipc-b129ha-lu/","Wide Dynamic Range (WDR)","Digital WDR"
"hikvision","HiLook","Value Camera","IPC-B129HA-LU","IPC-B129HA-LU 2 MP ColorVu with Smart Hybrid Light Fixed Bullet Network Camera","https://www.hikvision.com/en/products/HiLook-IP-Products/Network-Cameras/Value-Camera/ipc-b129ha-lu/","SNR","≥ 52 dB"
"hikvision","HiLook","Value Camera","IPC-B129HA-LU","IPC-B129HA-LU 2 MP ColorVu with Smart Hybrid Light Fixed Bullet Network Camera","https://www.hikvision.com/en/products/HiLook-IP-Products/Network-Cameras/Value-Camera/ipc-b129ha-lu/","Image Enhancement","BLC,HLC,3D DNR"
"hikvision","HiLook","Value Camera","IPC-B129HA-LU","IPC-B129HA-LU 2 MP ColorVu with Smart Hybrid Light Fixed Bullet Network Camera","https://www.hikvision.com/en/products/HiLook-IP-Products/Network-Cameras/Value-Camera/ipc-b129ha-lu/","Privacy Mask","4 programmable polygon privacy masks"
"hikvision","HiLook","Value Camera","IPC-B129HA-LU","IPC-B129HA-LU 2 MP ColorVu with Smart Hybrid Light Fixed Bullet Network Camera","https://www.hikvision.com/en/products/HiLook-IP-Products/Network-Cameras/Value-Camera/ipc-b129ha-lu/","Ethernet Interface","1 RJ45 10 M/100 M self-adaptive Ethernet port"
"hikvision","HiLook","Value Camera","IPC-B129HA-LU","IPC-B129HA-LU 2 MP ColorVu with Smart Hybrid Light Fixed Bullet Network Camera","https://www.hikvision.com/en/products/HiLook-IP-Products/Network-Cameras/Value-Camera/ipc-b129ha-lu/","Built-In Microphone","Yes,1 built-in microphone"
"hikvision","HiLook","Value Camera","IPC-B129HA-LU","IPC-B129HA-LU 2 MP ColorVu with Smart Hybrid Light Fixed Bullet Network Camera","https://www.hikvision.com/en/products/HiLook-IP-Products/Network-Cameras/Value-Camera/ipc-b129ha-lu/","Basic Event","Motion detection (support alarm triggering by specified target types (human and vehicle)),video tampering alarm,exception"
"hikvision","HiLook","Value Camera","IPC-B129HA-LU","IPC-B129HA-LU 2 MP ColorVu with Smart Hybrid Light Fixed Bullet Network Camera","https://www.hikvision.com/en/products/HiLook-IP-Products/Network-Cameras/Value-Camera/ipc-b129ha-lu/","Linkage","Upload to FTP,notify surveillance center,send email,trigger capture"
"hikvision","HiLook","Value Camera","IPC-B129HA-LU","IPC-B129HA-LU 2 MP ColorVu with Smart Hybrid Light Fixed Bullet Network Camera","https://www.hikvision.com/en/products/HiLook-IP-Products/Network-Cameras/Value-Camera/ipc-b129ha-lu/","Power","12 VDC ± 25%, 0.45 A, max. 5.4 W,Ø5.5 mm coaxial power plug,reverse polarity protection,\nPoE: IEEE 802.3af, Class 3, max. 6.5 W"
"hikvision","HiLook","Value Camera","IPC-B129HA-LU","IPC-B129HA-LU 2 MP ColorVu with Smart Hybrid Light Fixed Bullet Network Camera","https://www.hikvision.com/en/products/HiLook-IP-Products/Network-Cameras/Value-Camera/ipc-b129ha-lu/","Material","Front cover: metal, body: plastic, bracket: plastic"
"hikvision","HiLook","Value Camera","IPC-B129HA-LU","IPC-B129HA-LU 2 MP ColorVu with Smart Hybrid Light Fixed Bullet Network Camera","https://www.hikvision.com/en/products/HiLook-IP-Products/Network-Cameras/Value-Camera/ipc-b129ha-lu/","Dimension","69.8 mm × 67.9 mm × 172.9 mm (2.7\" × 2.7\" × 6.8\")"
"hikvision","HiLook","Value Camera","IPC-B129HA-LU","IPC-B129HA-LU 2 MP ColorVu with Smart Hybrid Light Fixed Bullet Network Camera","https://www.hikvision.com/en/products/HiLook-IP-Products/Network-Cameras/Value-Camera/ipc-b129ha-lu/","Package Dimension","150 mm × 150 mm × 141 mm (5.91\" × 5.91\" × 5.55\")"
"hikvision","HiLook","Value Camera","IPC-B129HA-LU","IPC-B129HA-LU 2 MP ColorVu with Smart Hybrid Light Fixed Bullet Network Camera","https://www.hikvision.com/en/products/HiLook-IP-Products/Network-Cameras/Value-Camera/ipc-b129ha-lu/","With Package Weight","Approx. 710 g (1.6 lb.)"
"hikvision","HiLook","Value Camera","IPC-B129HA-LU","IPC-B129HA-LU 2 MP ColorVu with Smart Hybrid Light Fixed Bullet Network Camera","https://www.hikvision.com/en/products/HiLook-IP-Products/Network-Cameras/Value-Camera/ipc-b129ha-lu/","Storage Conditions","-30 °C to 60 °C (-22 °F to 140 °F). Humidity 95% or less (non-condensing)"
"hikvision","HiLook","Value Camera","IPC-B129HA-LU","IPC-B129HA-LU 2 MP ColorVu with Smart Hybrid Light Fixed Bullet Network Camera","https://www.hikvision.com/en/products/HiLook-IP-Products/Network-Cameras/Value-Camera/ipc-b129ha-lu/","Startup And Operating Conditions","-30 °C to 60 °C (-22 °F to 140 °F). Humidity 95% or less (non-condensing)"
"hikvision","HiLook","Value Camera","IPC-B129HA-LU","IPC-B129HA-LU 2 MP ColorVu with Smart Hybrid Light Fixed Bullet Network Camera","https://www.hikvision.com/en/products/HiLook-IP-Products/Network-Cameras/Value-Camera/ipc-b129ha-lu/","Language","English, Ukrainian"
"hikvision","HiLook","Value Camera","IPC-B129HA-LU","IPC-B129HA-LU 2 MP ColorVu with Smart Hybrid Light Fixed Bullet Network Camera","https://www.hikvision.com/en/products/HiLook-IP-Products/Network-Cameras/Value-Camera/ipc-b129ha-lu/","General Function","Heartbeat,anti-banding,mirror,password protection,password reset via email"
"hikvision","HiLook","Value Camera","IPC-B129HA-LU","IPC-B129HA-LU 2 MP ColorVu with Smart Hybrid Light Fixed Bullet Network Camera","https://www.hikvision.com/en/products/HiLook-IP-Products/Network-Cameras/Value-Camera/ipc-b129ha-lu/","EMC","CE-EMC: EN 55032:2015+A1:2020, EN 50130-4:2011+A1:2014, EN IEC 61000-3-2:2019+A1:2021, EN 61000-3-3:2013+A1:2019+A2:2021,\nRCM: AS/NZS CISPR 32: 2015,\nIC: ICES-003: Issue 7"
"hikvision","HiLook","Value Camera","IPC-B129HA-LU","IPC-B129HA-LU 2 MP ColorVu with Smart Hybrid Light Fixed Bullet Network Camera","https://www.hikvision.com/en/products/HiLook-IP-Products/Network-Cameras/Value-Camera/ipc-b129ha-lu/","Safety","CB: IEC 62368-1: 2014+A11,\nCE-LVD: EN 62368-1: 2014/A11: 2017"
"hikvision","HiLook","Value Camera","IPC-B129HA-LU","IPC-B129HA-LU 2 MP ColorVu with Smart Hybrid Light Fixed Bullet Network Camera","https://www.hikvision.com/en/products/HiLook-IP-Products/Network-Cameras/Value-Camera/ipc-b129ha-lu/","Environment","CE-RoHS: 2011/65/EU,\nWEEE: 2012/19/EU,\nReach: Regulation (EC) No 1907/2006"
"hikvision","HiLook","Value Camera","IPC-B129HA-LU","IPC-B129HA-LU 2 MP ColorVu with Smart Hybrid Light Fixed Bullet Network Camera","https://www.hikvision.com/en/products/HiLook-IP-Products/Network-Cameras/Value-Camera/ipc-b129ha-lu/","Protection","IP67: IEC 60529-2013"
"hikvision","HiLook","Value Camera","IPC-B129HA-LUF-S-L--RB-","IPC-B129HA-LUF/S(L)(RB) 2 MP ColorVu with Smart Hybrid Light Fixed Bullet Network Camera","https://www.hikvision.com/en/products/HiLook-IP-Products/Network-Cameras/Value-Camera/ipc-b129ha-luf-s-l--rb-/","Image Sensor","1/2.8\" Progressive Scan CMOS"
"hikvision","HiLook","Value Camera","IPC-B129HA-LUF-S-L--RB-","IPC-B129HA-LUF/S(L)(RB) 2 MP ColorVu with Smart Hybrid Light Fixed Bullet Network Camera","https://www.hikvision.com/en/products/HiLook-IP-Products/Network-Cameras/Value-Camera/ipc-b129ha-luf-s-l--rb-/","Max. Resolution","1920 × 1080"
"hikvision","HiLook","Value Camera","IPC-B129HA-LUF-S-L--RB-","IPC-B129HA-LUF/S(L)(RB) 2 MP ColorVu with Smart Hybrid Light Fixed Bullet Network Camera","https://www.hikvision.com/en/products/HiLook-IP-Products/Network-Cameras/Value-Camera/ipc-b129ha-luf-s-l--rb-/","Min. Illumination","Color: 0.001 Lux @ (F1.0, AGC ON),0 Lux with light"
"hikvision","HiLook","Value Camera","IPC-B129HA-LUF-S-L--RB-","IPC-B129HA-LUF/S(L)(RB) 2 MP ColorVu with Smart Hybrid Light Fixed Bullet Network Camera","https://www.hikvision.com/en/products/HiLook-IP-Products/Network-Cameras/Value-Camera/ipc-b129ha-luf-s-l--rb-/","Shutter Time","1/3 s to 1/100,000 s"
"hikvision","HiLook","Value Camera","IPC-B129HA-LUF-S-L--RB-","IPC-B129HA-LUF/S(L)(RB) 2 MP ColorVu with Smart Hybrid Light Fixed Bullet Network Camera","https://www.hikvision.com/en/products/HiLook-IP-Products/Network-Cameras/Value-Camera/ipc-b129ha-luf-s-l--rb-/","Day & Night","IR cut filter"
"hikvision","HiLook","Value Camera","IPC-B129HA-LUF-S-L--RB-","IPC-B129HA-LUF/S(L)(RB) 2 MP ColorVu with Smart Hybrid Light Fixed Bullet Network Camera","https://www.hikvision.com/en/products/HiLook-IP-Products/Network-Cameras/Value-Camera/ipc-b129ha-luf-s-l--rb-/","Angle Adjustment","Pan: 0° to 355°,tilt: 0° to 90°,rotate: 0° to 355°"
"hikvision","HiLook","Value Camera","IPC-B129HA-LUF-S-L--RB-","IPC-B129HA-LUF/S(L)(RB) 2 MP ColorVu with Smart Hybrid Light Fixed Bullet Network Camera","https://www.hikvision.com/en/products/HiLook-IP-Products/Network-Cameras/Value-Camera/ipc-b129ha-luf-s-l--rb-/","Lens Type","Fixed focal lens, 2.8 and 4 mm optional"
"hikvision","HiLook","Value Camera","IPC-B129HA-LUF-S-L--RB-","IPC-B129HA-LUF/S(L)(RB) 2 MP ColorVu with Smart Hybrid Light Fixed Bullet Network Camera","https://www.hikvision.com/en/products/HiLook-IP-Products/Network-Cameras/Value-Camera/ipc-b129ha-luf-s-l--rb-/","Focal Length & FOV","2.8 mm, horizontal FOV 106°, vertical FOV 56°, diagonal FOV 129°\n4 mm, horizontal FOV 88°, vertical FOV 47°, diagonal FOV 103°"
"hikvision","HiLook","Value Camera","IPC-B129HA-LUF-S-L--RB-","IPC-B129HA-LUF/S(L)(RB) 2 MP ColorVu with Smart Hybrid Light Fixed Bullet Network Camera","https://www.hikvision.com/en/products/HiLook-IP-Products/Network-Cameras/Value-Camera/ipc-b129ha-luf-s-l--rb-/","Lens Mount","M12"
"hikvision","HiLook","Value Camera","IPC-B129HA-LUF-S-L--RB-","IPC-B129HA-LUF/S(L)(RB) 2 MP ColorVu with Smart Hybrid Light Fixed Bullet Network Camera","https://www.hikvision.com/en/products/HiLook-IP-Products/Network-Cameras/Value-Camera/ipc-b129ha-luf-s-l--rb-/","Iris Type","Fixed"
"hikvision","HiLook","Value Camera","IPC-B129HA-LUF-S-L--RB-","IPC-B129HA-LUF/S(L)(RB) 2 MP ColorVu with Smart Hybrid Light Fixed Bullet Network Camera","https://www.hikvision.com/en/products/HiLook-IP-Products/Network-Cameras/Value-Camera/ipc-b129ha-luf-s-l--rb-/","Aperture","F1.0"
"hikvision","HiLook","Value Camera","IPC-B129HA-LUF-S-L--RB-","IPC-B129HA-LUF/S(L)(RB) 2 MP ColorVu with Smart Hybrid Light Fixed Bullet Network Camera","https://www.hikvision.com/en/products/HiLook-IP-Products/Network-Cameras/Value-Camera/ipc-b129ha-luf-s-l--rb-/","DORI","2.8 mm, D: 44 m, O: 17 m, R: 8 m, I: 4 m\n4 mm, D: 53 m, O: 21 m, R: 10 m, I: 5 m"
"hikvision","HiLook","Value Camera","IPC-B129HA-LUF-S-L--RB-","IPC-B129HA-LUF/S(L)(RB) 2 MP ColorVu with Smart Hybrid Light Fixed Bullet Network Camera","https://www.hikvision.com/en/products/HiLook-IP-Products/Network-Cameras/Value-Camera/ipc-b129ha-luf-s-l--rb-/","Supplement Light Type","IR,White Light"
"hikvision","HiLook","Value Camera","IPC-B129HA-LUF-S-L--RB-","IPC-B129HA-LUF/S(L)(RB) 2 MP ColorVu with Smart Hybrid Light Fixed Bullet Network Camera","https://www.hikvision.com/en/products/HiLook-IP-Products/Network-Cameras/Value-Camera/ipc-b129ha-luf-s-l--rb-/","Supplement Light Range","Up to 30 m"
"hikvision","HiLook","Value Camera","IPC-B129HA-LUF-S-L--RB-","IPC-B129HA-LUF/S(L)(RB) 2 MP ColorVu with Smart Hybrid Light Fixed Bullet Network Camera","https://www.hikvision.com/en/products/HiLook-IP-Products/Network-Cameras/Value-Camera/ipc-b129ha-luf-s-l--rb-/","Smart Supplement Light","Yes"
"hikvision","HiLook","Value Camera","IPC-B129HA-LUF-S-L--RB-","IPC-B129HA-LUF/S(L)(RB) 2 MP ColorVu with Smart Hybrid Light Fixed Bullet Network Camera","https://www.hikvision.com/en/products/HiLook-IP-Products/Network-Cameras/Value-Camera/ipc-b129ha-luf-s-l--rb-/","IR Wavelength","850 nm"
"hikvision","HiLook","Value Camera","IPC-B129HA-LUF-S-L--RB-","IPC-B129HA-LUF/S(L)(RB) 2 MP ColorVu with Smart Hybrid Light Fixed Bullet Network Camera","https://www.hikvision.com/en/products/HiLook-IP-Products/Network-Cameras/Value-Camera/ipc-b129ha-luf-s-l--rb-/","Main Stream","50 Hz: 25 fps (1920 × 1080, 1280 × 720)\n60 Hz: 30 fps (1920 × 1080, 1280 × 720)"
"hikvision","HiLook","Value Camera","IPC-B129HA-LUF-S-L--RB-","IPC-B129HA-LUF/S(L)(RB) 2 MP ColorVu with Smart Hybrid Light Fixed Bullet Network Camera","https://www.hikvision.com/en/products/HiLook-IP-Products/Network-Cameras/Value-Camera/ipc-b129ha-luf-s-l--rb-/","Sub-Stream","50 Hz: 25 fps (640 × 480, 640 × 360)\n60 Hz: 30 fps (640 × 480, 640 × 360)"
"hikvision","HiLook","Value Camera","IPC-B129HA-LUF-S-L--RB-","IPC-B129HA-LUF/S(L)(RB) 2 MP ColorVu with Smart Hybrid Light Fixed Bullet Network Camera","https://www.hikvision.com/en/products/HiLook-IP-Products/Network-Cameras/Value-Camera/ipc-b129ha-luf-s-l--rb-/","Video Compression","Main stream: H.265+/H.265/H.264+/H.264,\nSub-stream: H.265/H.264/MJPEG"
"hikvision","HiLook","Value Camera","IPC-B129HA-LUF-S-L--RB-","IPC-B129HA-LUF/S(L)(RB) 2 MP ColorVu with Smart Hybrid Light Fixed Bullet Network Camera","https://www.hikvision.com/en/products/HiLook-IP-Products/Network-Cameras/Value-Camera/ipc-b129ha-luf-s-l--rb-/","Video Bit Rate","32 Kbps to 8 Mbps"
"hikvision","HiLook","Value Camera","IPC-B129HA-LUF-S-L--RB-","IPC-B129HA-LUF/S(L)(RB) 2 MP ColorVu with Smart Hybrid Light Fixed Bullet Network Camera","https://www.hikvision.com/en/products/HiLook-IP-Products/Network-Cameras/Value-Camera/ipc-b129ha-luf-s-l--rb-/","H.264 Type","Baseline Profile,Main Profile,High Profile"
"hikvision","HiLook","Value Camera","IPC-B129HA-LUF-S-L--RB-","IPC-B129HA-LUF/S(L)(RB) 2 MP ColorVu with Smart Hybrid Light Fixed Bullet Network Camera","https://www.hikvision.com/en/products/HiLook-IP-Products/Network-Cameras/Value-Camera/ipc-b129ha-luf-s-l--rb-/","H.265 Type","Main Profile"
"hikvision","HiLook","Value Camera","IPC-B129HA-LUF-S-L--RB-","IPC-B129HA-LUF/S(L)(RB) 2 MP ColorVu with Smart Hybrid Light Fixed Bullet Network Camera","https://www.hikvision.com/en/products/HiLook-IP-Products/Network-Cameras/Value-Camera/ipc-b129ha-luf-s-l--rb-/","Bit Rate Control","CBR,VBR"
"hikvision","HiLook","Value Camera","IPC-B129HA-LUF-S-L--RB-","IPC-B129HA-LUF/S(L)(RB) 2 MP ColorVu with Smart Hybrid Light Fixed Bullet Network Camera","https://www.hikvision.com/en/products/HiLook-IP-Products/Network-Cameras/Value-Camera/ipc-b129ha-luf-s-l--rb-/","Region Of Interest (ROI)","1 fixed region for main stream"
"hikvision","HiLook","Value Camera","IPC-B129HA-LUF-S-L--RB-","IPC-B129HA-LUF/S(L)(RB) 2 MP ColorVu with Smart Hybrid Light Fixed Bullet Network Camera","https://www.hikvision.com/en/products/HiLook-IP-Products/Network-Cameras/Value-Camera/ipc-b129ha-luf-s-l--rb-/","Audio Type","Mono sound"
"hikvision","HiLook","Value Camera","IPC-B129HA-LUF-S-L--RB-","IPC-B129HA-LUF/S(L)(RB) 2 MP ColorVu with Smart Hybrid Light Fixed Bullet Network Camera","https://www.hikvision.com/en/products/HiLook-IP-Products/Network-Cameras/Value-Camera/ipc-b129ha-luf-s-l--rb-/","Audio Compression","G.711/G.722.1/G.726/MP2L2/PCM/AAC-LC"
"hikvision","HiLook","Value Camera","IPC-B129HA-LUF-S-L--RB-","IPC-B129HA-LUF/S(L)(RB) 2 MP ColorVu with Smart Hybrid Light Fixed Bullet Network Camera","https://www.hikvision.com/en/products/HiLook-IP-Products/Network-Cameras/Value-Camera/ipc-b129ha-luf-s-l--rb-/","Audio Bit Rate","64 Kbps (G.711)/16 Kbps (G.722.1)/16 Kbps (G.726)/32 to 160 Kbps (MP2L2)/16 to 64 Kbps (AAC-LC)"
"hikvision","HiLook","Value Camera","IPC-B129HA-LUF-S-L--RB-","IPC-B129HA-LUF/S(L)(RB) 2 MP ColorVu with Smart Hybrid Light Fixed Bullet Network Camera","https://www.hikvision.com/en/products/HiLook-IP-Products/Network-Cameras/Value-Camera/ipc-b129ha-luf-s-l--rb-/","Audio Sampling Rate","8 kHz/16 kHz"
"hikvision","HiLook","Value Camera","IPC-B129HA-LUF-S-L--RB-","IPC-B129HA-LUF/S(L)(RB) 2 MP ColorVu with Smart Hybrid Light Fixed Bullet Network Camera","https://www.hikvision.com/en/products/HiLook-IP-Products/Network-Cameras/Value-Camera/ipc-b129ha-luf-s-l--rb-/","Environment Noise Filtering","Yes"
"hikvision","HiLook","Value Camera","IPC-B129HA-LUF-S-L--RB-","IPC-B129HA-LUF/S(L)(RB) 2 MP ColorVu with Smart Hybrid Light Fixed Bullet Network Camera","https://www.hikvision.com/en/products/HiLook-IP-Products/Network-Cameras/Value-Camera/ipc-b129ha-luf-s-l--rb-/","Protocols","TCP/IP, ICMP, DHCP, DNS, HTTP, RTP, RTSP, RTCP, NTP, IPv4, IPv6, IGMP, UDP, QoS, FTP, SMTP, UPnP"
"hikvision","HiLook","Value Camera","IPC-B129HA-LUF-S-L--RB-","IPC-B129HA-LUF/S(L)(RB) 2 MP ColorVu with Smart Hybrid Light Fixed Bullet Network Camera","https://www.hikvision.com/en/products/HiLook-IP-Products/Network-Cameras/Value-Camera/ipc-b129ha-luf-s-l--rb-/","Simultaneous Live View","Up to 6 channels"
"hikvision","HiLook","Value Camera","IPC-B129HA-LUF-S-L--RB-","IPC-B129HA-LUF/S(L)(RB) 2 MP ColorVu with Smart Hybrid Light Fixed Bullet Network Camera","https://www.hikvision.com/en/products/HiLook-IP-Products/Network-Cameras/Value-Camera/ipc-b129ha-luf-s-l--rb-/","API","ONVIF (Profile S, Profile G, Profile T),ISAPI,SDK"
"hikvision","HiLook","Value Camera","IPC-B129HA-LUF-S-L--RB-","IPC-B129HA-LUF/S(L)(RB) 2 MP ColorVu with Smart Hybrid Light Fixed Bullet Network Camera","https://www.hikvision.com/en/products/HiLook-IP-Products/Network-Cameras/Value-Camera/ipc-b129ha-luf-s-l--rb-/","Security","Password protection, complicated password, watermark, basic and digest authentication for HTTP, WSSE and digest authentication for Open Network Video Interface, security audit log, host authentication (MAC address)"
"hikvision","HiLook","Value Camera","IPC-B129HA-LUF-S-L--RB-","IPC-B129HA-LUF/S(L)(RB) 2 MP ColorVu with Smart Hybrid Light Fixed Bullet Network Camera","https://www.hikvision.com/en/products/HiLook-IP-Products/Network-Cameras/Value-Camera/ipc-b129ha-luf-s-l--rb-/","User/Host","Up to 32 users\n3 user levels: administrator, operator, and user"
"hikvision","HiLook","Value Camera","IPC-B129HA-LUF-S-L--RB-","IPC-B129HA-LUF/S(L)(RB) 2 MP ColorVu with Smart Hybrid Light Fixed Bullet Network Camera","https://www.hikvision.com/en/products/HiLook-IP-Products/Network-Cameras/Value-Camera/ipc-b129ha-luf-s-l--rb-/","Client","iVMS-4200,HiLookVision"
"hikvision","HiLook","Value Camera","IPC-B129HA-LUF-S-L--RB-","IPC-B129HA-LUF/S(L)(RB) 2 MP ColorVu with Smart Hybrid Light Fixed Bullet Network Camera","https://www.hikvision.com/en/products/HiLook-IP-Products/Network-Cameras/Value-Camera/ipc-b129ha-luf-s-l--rb-/","Web Browser","Plug-in required live view: IE 10, IE 11,\nLocal service: Chrome 57.0+, Firefox 52.0+, Edge 89+"
"hikvision","HiLook","Value Camera","IPC-B129HA-LUF-S-L--RB-","IPC-B129HA-LUF/S(L)(RB) 2 MP ColorVu with Smart Hybrid Light Fixed Bullet Network Camera","https://www.hikvision.com/en/products/HiLook-IP-Products/Network-Cameras/Value-Camera/ipc-b129ha-luf-s-l--rb-/","Image Settings","Rotate mode,saturation,brightness,contrast,sharpness,gain,white balance,adjustable by client software or web browser"
"hikvision","HiLook","Value Camera","IPC-B129HA-LUF-S-L--RB-","IPC-B129HA-LUF/S(L)(RB) 2 MP ColorVu with Smart Hybrid Light Fixed Bullet Network Camera","https://www.hikvision.com/en/products/HiLook-IP-Products/Network-Cameras/Value-Camera/ipc-b129ha-luf-s-l--rb-/","Day/Night Switch","Day,Night,Auto,Schedule"
"hikvision","HiLook","Value Camera","IPC-B129HA-LUF-S-L--RB-","IPC-B129HA-LUF/S(L)(RB) 2 MP ColorVu with Smart Hybrid Light Fixed Bullet Network Camera","https://www.hikvision.com/en/products/HiLook-IP-Products/Network-Cameras/Value-Camera/ipc-b129ha-luf-s-l--rb-/","Wide Dynamic Range (WDR)","Digital WDR"
"hikvision","HiLook","Value Camera","IPC-B129HA-LUF-S-L--RB-","IPC-B129HA-LUF/S(L)(RB) 2 MP ColorVu with Smart Hybrid Light Fixed Bullet Network Camera","https://www.hikvision.com/en/products/HiLook-IP-Products/Network-Cameras/Value-Camera/ipc-b129ha-luf-s-l--rb-/","SNR","≥ 52 dB"
"hikvision","HiLook","Value Camera","IPC-B129HA-LUF-S-L--RB-","IPC-B129HA-LUF/S(L)(RB) 2 MP ColorVu with Smart Hybrid Light Fixed Bullet Network Camera","https://www.hikvision.com/en/products/HiLook-IP-Products/Network-Cameras/Value-Camera/ipc-b129ha-luf-s-l--rb-/","Image Enhancement","BLC,HLC,3D DNR"
"hikvision","HiLook","Value Camera","IPC-B129HA-LUF-S-L--RB-","IPC-B129HA-LUF/S(L)(RB) 2 MP ColorVu with Smart Hybrid Light Fixed Bullet Network Camera","https://www.hikvision.com/en/products/HiLook-IP-Products/Network-Cameras/Value-Camera/ipc-b129ha-luf-s-l--rb-/","Privacy Mask","4 programmable polygon privacy masks"
"hikvision","HiLook","Value Camera","IPC-B129HA-LUF-S-L--RB-","IPC-B129HA-LUF/S(L)(RB) 2 MP ColorVu with Smart Hybrid Light Fixed Bullet Network Camera","https://www.hikvision.com/en/products/HiLook-IP-Products/Network-Cameras/Value-Camera/ipc-b129ha-luf-s-l--rb-/","Ethernet Interface","1 RJ45 10 M/100 M self-adaptive Ethernet port"
"hikvision","HiLook","Value Camera","IPC-B129HA-LUF-S-L--RB-","IPC-B129HA-LUF/S(L)(RB) 2 MP ColorVu with Smart Hybrid Light Fixed Bullet Network Camera","https://www.hikvision.com/en/products/HiLook-IP-Products/Network-Cameras/Value-Camera/ipc-b129ha-luf-s-l--rb-/","On-Board Storage","Built-in memory card slot, support microSD/microSDHC/microSDXC card, up to 512 GB"
"hikvision","HiLook","Value Camera","IPC-B129HA-LUF-S-L--RB-","IPC-B129HA-LUF/S(L)(RB) 2 MP ColorVu with Smart Hybrid Light Fixed Bullet Network Camera","https://www.hikvision.com/en/products/HiLook-IP-Products/Network-Cameras/Value-Camera/ipc-b129ha-luf-s-l--rb-/","Built-In Microphone","Yes,1 built-in microphone"
"hikvision","HiLook","Value Camera","IPC-B129HA-LUF-S-L--RB-","IPC-B129HA-LUF/S(L)(RB) 2 MP ColorVu with Smart Hybrid Light Fixed Bullet Network Camera","https://www.hikvision.com/en/products/HiLook-IP-Products/Network-Cameras/Value-Camera/ipc-b129ha-luf-s-l--rb-/","Built-In Speaker","1 built-in speaker,\nMax. power consumption: 1.5 W, max. sound pressure level: 10 cm: 98 dB."
"hikvision","HiLook","Value Camera","IPC-B129HA-LUF-S-L--RB-","IPC-B129HA-LUF/S(L)(RB) 2 MP ColorVu with Smart Hybrid Light Fixed Bullet Network Camera","https://www.hikvision.com/en/products/HiLook-IP-Products/Network-Cameras/Value-Camera/ipc-b129ha-luf-s-l--rb-/","Reset Key","Yes"
"hikvision","HiLook","Value Camera","IPC-B129HA-LUF-S-L--RB-","IPC-B129HA-LUF/S(L)(RB) 2 MP ColorVu with Smart Hybrid Light Fixed Bullet Network Camera","https://www.hikvision.com/en/products/HiLook-IP-Products/Network-Cameras/Value-Camera/ipc-b129ha-luf-s-l--rb-/","Basic Event","Motion detection (support alarm triggering by specified target types (person and vehicle)), video tampering alarm, exception"
"hikvision","HiLook","Value Camera","IPC-B129HA-LUF-S-L--RB-","IPC-B129HA-LUF/S(L)(RB) 2 MP ColorVu with Smart Hybrid Light Fixed Bullet Network Camera","https://www.hikvision.com/en/products/HiLook-IP-Products/Network-Cameras/Value-Camera/ipc-b129ha-luf-s-l--rb-/","Linkage","Upload to memory card, upload to FTP, trigger recording,notify surveillance center,send email,trigger capture"
"hikvision","HiLook","Value Camera","IPC-B129HA-LUF-S-L--RB-","IPC-B129HA-LUF/S(L)(RB) 2 MP ColorVu with Smart Hybrid Light Fixed Bullet Network Camera","https://www.hikvision.com/en/products/HiLook-IP-Products/Network-Cameras/Value-Camera/ipc-b129ha-luf-s-l--rb-/","Power","12 VDC ± 25%, 0.55 A, max. 6.6 W,Ø5.5 mm coaxial power plug,reverse polarity protection,\nPoE: IEEE 802.3af, Class 3, max. 8.0 W"
"hikvision","HiLook","Value Camera","IPC-B129HA-LUF-S-L--RB-","IPC-B129HA-LUF/S(L)(RB) 2 MP ColorVu with Smart Hybrid Light Fixed Bullet Network Camera","https://www.hikvision.com/en/products/HiLook-IP-Products/Network-Cameras/Value-Camera/ipc-b129ha-luf-s-l--rb-/","Material","Front cover: metal, body: plastic, bracket: plastic"
"hikvision","HiLook","Value Camera","IPC-B129HA-LUF-S-L--RB-","IPC-B129HA-LUF/S(L)(RB) 2 MP ColorVu with Smart Hybrid Light Fixed Bullet Network Camera","https://www.hikvision.com/en/products/HiLook-IP-Products/Network-Cameras/Value-Camera/ipc-b129ha-luf-s-l--rb-/","Dimension","179 mm × 69.1 mm × 67.4 mm (7.05\" × 2.72\" × 2.65\")"
"hikvision","HiLook","Value Camera","IPC-B129HA-LUF-S-L--RB-","IPC-B129HA-LUF/S(L)(RB) 2 MP ColorVu with Smart Hybrid Light Fixed Bullet Network Camera","https://www.hikvision.com/en/products/HiLook-IP-Products/Network-Cameras/Value-Camera/ipc-b129ha-luf-s-l--rb-/","Package Dimension","150 mm × 150 mm × 141 mm (5.91\" × 5.91\" × 5.55\")"
"hikvision","HiLook","Value Camera","IPC-B129HA-LUF-S-L--RB-","IPC-B129HA-LUF/S(L)(RB) 2 MP ColorVu with Smart Hybrid Light Fixed Bullet Network Camera","https://www.hikvision.com/en/products/HiLook-IP-Products/Network-Cameras/Value-Camera/ipc-b129ha-luf-s-l--rb-/","Weight","Approx. 320 g (0.7 lb.)"
"hikvision","HiLook","Value Camera","IPC-B129HA-LUF-S-L--RB-","IPC-B129HA-LUF/S(L)(RB) 2 MP ColorVu with Smart Hybrid Light Fixed Bullet Network Camera","https://www.hikvision.com/en/products/HiLook-IP-Products/Network-Cameras/Value-Camera/ipc-b129ha-luf-s-l--rb-/","With Package Weight","Approx. 540 g (1.2 lb.)"
"hikvision","HiLook","Value Camera","IPC-B129HA-LUF-S-L--RB-","IPC-B129HA-LUF/S(L)(RB) 2 MP ColorVu with Smart Hybrid Light Fixed Bullet Network Camera","https://www.hikvision.com/en/products/HiLook-IP-Products/Network-Cameras/Value-Camera/ipc-b129ha-luf-s-l--rb-/","Storage Conditions","-30 °C to 60 °C (-22 °F to 140 °F). Humidity 95% or less (non-condensing)"
"hikvision","HiLook","Value Camera","IPC-B129HA-LUF-S-L--RB-","IPC-B129HA-LUF/S(L)(RB) 2 MP ColorVu with Smart Hybrid Light Fixed Bullet Network Camera","https://www.hikvision.com/en/products/HiLook-IP-Products/Network-Cameras/Value-Camera/ipc-b129ha-luf-s-l--rb-/","Startup And Operating Conditions","-30 °C to 60 °C (-22 °F to 140 °F). Humidity 95% or less (non-condensing)"
"hikvision","HiLook","Value Camera","IPC-B129HA-LUF-S-L--RB-","IPC-B129HA-LUF/S(L)(RB) 2 MP ColorVu with Smart Hybrid Light Fixed Bullet Network Camera","https://www.hikvision.com/en/products/HiLook-IP-Products/Network-Cameras/Value-Camera/ipc-b129ha-luf-s-l--rb-/","Language","English, Ukrainian"
"hikvision","HiLook","Value Camera","IPC-B129HA-LUF-S-L--RB-","IPC-B129HA-LUF/S(L)(RB) 2 MP ColorVu with Smart Hybrid Light Fixed Bullet Network Camera","https://www.hikvision.com/en/products/HiLook-IP-Products/Network-Cameras/Value-Camera/ipc-b129ha-luf-s-l--rb-/","General Function","Heartbeat,mirror,flash log,password reset via email,password protection,anti-banding"
"hikvision","HiLook","Value Camera","IPC-B129HA-LUF-S-L--RB-","IPC-B129HA-LUF/S(L)(RB) 2 MP ColorVu with Smart Hybrid Light Fixed Bullet Network Camera","https://www.hikvision.com/en/products/HiLook-IP-Products/Network-Cameras/Value-Camera/ipc-b129ha-luf-s-l--rb-/","Flashing Light","/SRB model: Red and Blue Light\n/SL model: White Light"
"hikvision","HiLook","Value Camera","IPC-B129HA-LUF-S-L--RB-","IPC-B129HA-LUF/S(L)(RB) 2 MP ColorVu with Smart Hybrid Light Fixed Bullet Network Camera","https://www.hikvision.com/en/products/HiLook-IP-Products/Network-Cameras/Value-Camera/ipc-b129ha-luf-s-l--rb-/","EMC","CE-EMC: EN 55032:2015+A1:2020, EN 50130-4:2011+A1:2014, EN IEC 61000-3-2:2019+A1:2021, EN 61000-3-3:2013+A1:2019+A2:2021"
"hikvision","HiLook","Value Camera","IPC-B129HA-LUF-S-L--RB-","IPC-B129HA-LUF/S(L)(RB) 2 MP ColorVu with Smart Hybrid Light Fixed Bullet Network Camera","https://www.hikvision.com/en/products/HiLook-IP-Products/Network-Cameras/Value-Camera/ipc-b129ha-luf-s-l--rb-/","Safety","CB: IEC 62368-1: 2014+A11,\nCE-LVD: EN 62368-1: 2014/A11: 2017,\nBIS: IS 13252 (Part 1): 2010/IEC 60950-1: 2005"
"hikvision","HiLook","Value Camera","IPC-B129HA-LUF-S-L--RB-","IPC-B129HA-LUF/S(L)(RB) 2 MP ColorVu with Smart Hybrid Light Fixed Bullet Network Camera","https://www.hikvision.com/en/products/HiLook-IP-Products/Network-Cameras/Value-Camera/ipc-b129ha-luf-s-l--rb-/","Environment","CE-RoHS: 2011/65/EU,\nWEEE: 2012/19/EU,\nReach: Regulation (EC) No 1907/2006"
"hikvision","HiLook","Value Camera","IPC-B129HA-LUF-S-L--RB-","IPC-B129HA-LUF/S(L)(RB) 2 MP ColorVu with Smart Hybrid Light Fixed Bullet Network Camera","https://www.hikvision.com/en/products/HiLook-IP-Products/Network-Cameras/Value-Camera/ipc-b129ha-luf-s-l--rb-/","Protection","IP67: IEC 60529-2013"
"hikvision","HiLook","Value Camera","IPC-B129HA","IPC-B129HA 2 MP ColorVu MD 2.0 Fixed Bullet Network Camera","https://www.hikvision.com/en/products/HiLook-IP-Products/Network-Cameras/Value-Camera/ipc-b129ha/","Image Sensor","1/2.8\" Progressive Scan CMOS"
"hikvision","HiLook","Value Camera","IPC-B129HA","IPC-B129HA 2 MP ColorVu MD 2.0 Fixed Bullet Network Camera","https://www.hikvision.com/en/products/HiLook-IP-Products/Network-Cameras/Value-Camera/ipc-b129ha/","Max. Resolution","1920 × 1080"
"hikvision","HiLook","Value Camera","IPC-B129HA","IPC-B129HA 2 MP ColorVu MD 2.0 Fixed Bullet Network Camera","https://www.hikvision.com/en/products/HiLook-IP-Products/Network-Cameras/Value-Camera/ipc-b129ha/","Min. Illumination","Color: 0.001 Lux @ (F1.0, AGC ON),0 Lux with light"
"hikvision","HiLook","Value Camera","IPC-B129HA","IPC-B129HA 2 MP ColorVu MD 2.0 Fixed Bullet Network Camera","https://www.hikvision.com/en/products/HiLook-IP-Products/Network-Cameras/Value-Camera/ipc-b129ha/","Shutter Time","1/3 s to 1/100,000 s"
"hikvision","HiLook","Value Camera","IPC-B129HA","IPC-B129HA 2 MP ColorVu MD 2.0 Fixed Bullet Network Camera","https://www.hikvision.com/en/products/HiLook-IP-Products/Network-Cameras/Value-Camera/ipc-b129ha/","Day & Night","24/7 color imaging"
"hikvision","HiLook","Value Camera","IPC-B129HA","IPC-B129HA 2 MP ColorVu MD 2.0 Fixed Bullet Network Camera","https://www.hikvision.com/en/products/HiLook-IP-Products/Network-Cameras/Value-Camera/ipc-b129ha/","Angle Adjustment","Pan: 0° to 360°,tilt: 0° to 90°,rotate: 0° to 360°"
"hikvision","HiLook","Value Camera","IPC-B129HA","IPC-B129HA 2 MP ColorVu MD 2.0 Fixed Bullet Network Camera","https://www.hikvision.com/en/products/HiLook-IP-Products/Network-Cameras/Value-Camera/ipc-b129ha/","Lens Type","Fixed focal lens, 2.8 and 4 mm optional"
"hikvision","HiLook","Value Camera","IPC-B129HA","IPC-B129HA 2 MP ColorVu MD 2.0 Fixed Bullet Network Camera","https://www.hikvision.com/en/products/HiLook-IP-Products/Network-Cameras/Value-Camera/ipc-b129ha/","Focal Length & FOV","2.8 mm, horizontal FOV: 106°, vertical FOV: 57°, diagonal FOV: 126°\n4 mm, horizontal FOV: 83°, vertical FOV: 44°, diagonal FOV: 99°"
"hikvision","HiLook","Value Camera","IPC-B129HA","IPC-B129HA 2 MP ColorVu MD 2.0 Fixed Bullet Network Camera","https://www.hikvision.com/en/products/HiLook-IP-Products/Network-Cameras/Value-Camera/ipc-b129ha/","Lens Mount","M12"
"hikvision","HiLook","Value Camera","IPC-B129HA","IPC-B129HA 2 MP ColorVu MD 2.0 Fixed Bullet Network Camera","https://www.hikvision.com/en/products/HiLook-IP-Products/Network-Cameras/Value-Camera/ipc-b129ha/","Iris Type","Fixed"
"hikvision","HiLook","Value Camera","IPC-B129HA","IPC-B129HA 2 MP ColorVu MD 2.0 Fixed Bullet Network Camera","https://www.hikvision.com/en/products/HiLook-IP-Products/Network-Cameras/Value-Camera/ipc-b129ha/","Aperture","F1.0"
"hikvision","HiLook","Value Camera","IPC-B129HA","IPC-B129HA 2 MP ColorVu MD 2.0 Fixed Bullet Network Camera","https://www.hikvision.com/en/products/HiLook-IP-Products/Network-Cameras/Value-Camera/ipc-b129ha/","Depth Of Field","2.8 mm: 1.5 m to ∞\n4 mm: 2.1 m to ∞"
"hikvision","HiLook","Value Camera","IPC-B129HA","IPC-B129HA 2 MP ColorVu MD 2.0 Fixed Bullet Network Camera","https://www.hikvision.com/en/products/HiLook-IP-Products/Network-Cameras/Value-Camera/ipc-b129ha/","DORI","2.8 mm, D: 44 m, O: 17 m, R: 8 m, I: 4 m\n4 mm, D: 56 m, O: 22 m, R: 11 m, I: 5 m"
"hikvision","HiLook","Value Camera","IPC-B129HA","IPC-B129HA 2 MP ColorVu MD 2.0 Fixed Bullet Network Camera","https://www.hikvision.com/en/products/HiLook-IP-Products/Network-Cameras/Value-Camera/ipc-b129ha/","Supplement Light Type","White Light"
"hikvision","HiLook","Value Camera","IPC-B129HA","IPC-B129HA 2 MP ColorVu MD 2.0 Fixed Bullet Network Camera","https://www.hikvision.com/en/products/HiLook-IP-Products/Network-Cameras/Value-Camera/ipc-b129ha/","Supplement Light Range","Up to 30 m"
"hikvision","HiLook","Value Camera","IPC-B129HA","IPC-B129HA 2 MP ColorVu MD 2.0 Fixed Bullet Network Camera","https://www.hikvision.com/en/products/HiLook-IP-Products/Network-Cameras/Value-Camera/ipc-b129ha/","Smart Supplement Light","Yes"
"hikvision","HiLook","Value Camera","IPC-B129HA","IPC-B129HA 2 MP ColorVu MD 2.0 Fixed Bullet Network Camera","https://www.hikvision.com/en/products/HiLook-IP-Products/Network-Cameras/Value-Camera/ipc-b129ha/","Main Stream","50 Hz:\n25 fps (1920 × 1080, 1280 × 720)\n60 Hz:\n30 fps (1920 × 1080, 1280 × 720)"
"hikvision","HiLook","Value Camera","IPC-B129HA","IPC-B129HA 2 MP ColorVu MD 2.0 Fixed Bullet Network Camera","https://www.hikvision.com/en/products/HiLook-IP-Products/Network-Cameras/Value-Camera/ipc-b129ha/","Sub-Stream","50 Hz: 25 fps (640 × 480, 640 × 360)\n60 Hz: 30 fps (640 × 480, 640 × 360)"
"hikvision","HiLook","Value Camera","IPC-B129HA","IPC-B129HA 2 MP ColorVu MD 2.0 Fixed Bullet Network Camera","https://www.hikvision.com/en/products/HiLook-IP-Products/Network-Cameras/Value-Camera/ipc-b129ha/","Video Compression","Main stream: H.265+/H.265/H.264+/H.264,\nSub-stream: H.265/H.264/MJPEG"
"hikvision","HiLook","Value Camera","IPC-B129HA","IPC-B129HA 2 MP ColorVu MD 2.0 Fixed Bullet Network Camera","https://www.hikvision.com/en/products/HiLook-IP-Products/Network-Cameras/Value-Camera/ipc-b129ha/","Video Bit Rate","32 Kbps to 8 Mbps"
"hikvision","HiLook","Value Camera","IPC-B129HA","IPC-B129HA 2 MP ColorVu MD 2.0 Fixed Bullet Network Camera","https://www.hikvision.com/en/products/HiLook-IP-Products/Network-Cameras/Value-Camera/ipc-b129ha/","H.264 Type","Baseline Profile,Main Profile,High Profile"
"hikvision","HiLook","Value Camera","IPC-B129HA","IPC-B129HA 2 MP ColorVu MD 2.0 Fixed Bullet Network Camera","https://www.hikvision.com/en/products/HiLook-IP-Products/Network-Cameras/Value-Camera/ipc-b129ha/","H.265 Type","Main Profile"
"hikvision","HiLook","Value Camera","IPC-B129HA","IPC-B129HA 2 MP ColorVu MD 2.0 Fixed Bullet Network Camera","https://www.hikvision.com/en/products/HiLook-IP-Products/Network-Cameras/Value-Camera/ipc-b129ha/","Bit Rate Control","CBR,VBR"
"hikvision","HiLook","Value Camera","IPC-B129HA","IPC-B129HA 2 MP ColorVu MD 2.0 Fixed Bullet Network Camera","https://www.hikvision.com/en/products/HiLook-IP-Products/Network-Cameras/Value-Camera/ipc-b129ha/","Region Of Interest (ROI)","1 fixed region(s) for main stream"
"hikvision","HiLook","Value Camera","IPC-B129HA","IPC-B129HA 2 MP ColorVu MD 2.0 Fixed Bullet Network Camera","https://www.hikvision.com/en/products/HiLook-IP-Products/Network-Cameras/Value-Camera/ipc-b129ha/","Protocols","TCP/IP, ICMP, DHCP, DNS, HTTP, RTP, RTSP, NTP, IGMP, IPv6, UDP, QoS, FTP, SMTP"
"hikvision","HiLook","Value Camera","IPC-B129HA","IPC-B129HA 2 MP ColorVu MD 2.0 Fixed Bullet Network Camera","https://www.hikvision.com/en/products/HiLook-IP-Products/Network-Cameras/Value-Camera/ipc-b129ha/","Simultaneous Live View","Up to 6 channels"
"hikvision","HiLook","Value Camera","IPC-B129HA","IPC-B129HA 2 MP ColorVu MD 2.0 Fixed Bullet Network Camera","https://www.hikvision.com/en/products/HiLook-IP-Products/Network-Cameras/Value-Camera/ipc-b129ha/","API","Open Network Video Interface (Profile Ｓ, Profile Ｔ),ISAPI,SDK"
"hikvision","HiLook","Value Camera","IPC-B129HA","IPC-B129HA 2 MP ColorVu MD 2.0 Fixed Bullet Network Camera","https://www.hikvision.com/en/products/HiLook-IP-Products/Network-Cameras/Value-Camera/ipc-b129ha/","User/Host","Up to 32 users\n3 user levels: administrator, operator, and user"
"hikvision","HiLook","Value Camera","IPC-B129HA","IPC-B129HA 2 MP ColorVu MD 2.0 Fixed Bullet Network Camera","https://www.hikvision.com/en/products/HiLook-IP-Products/Network-Cameras/Value-Camera/ipc-b129ha/","Security","Password protection, complicated password, watermark, basic and digest authentication for HTTP, WSSE and digest authentication for Open Network Video Interface, security audit log, host authentication (MAC address)"
"hikvision","HiLook","Value Camera","IPC-B129HA","IPC-B129HA 2 MP ColorVu MD 2.0 Fixed Bullet Network Camera","https://www.hikvision.com/en/products/HiLook-IP-Products/Network-Cameras/Value-Camera/ipc-b129ha/","Client","iVMS-4200,Hik-Connect"
"hikvision","HiLook","Value Camera","IPC-B129HA","IPC-B129HA 2 MP ColorVu MD 2.0 Fixed Bullet Network Camera","https://www.hikvision.com/en/products/HiLook-IP-Products/Network-Cameras/Value-Camera/ipc-b129ha/","Web Browser","Plug-in required live view: IE 10, IE 11,\nLocal service: Chrome 57.0+, Firefox 52.0+"
"hikvision","HiLook","Value Camera","IPC-B129HA","IPC-B129HA 2 MP ColorVu MD 2.0 Fixed Bullet Network Camera","https://www.hikvision.com/en/products/HiLook-IP-Products/Network-Cameras/Value-Camera/ipc-b129ha/","Wide Dynamic Range (WDR)","Digital WDR"
"hikvision","HiLook","Value Camera","IPC-B129HA","IPC-B129HA 2 MP ColorVu MD 2.0 Fixed Bullet Network Camera","https://www.hikvision.com/en/products/HiLook-IP-Products/Network-Cameras/Value-Camera/ipc-b129ha/","SNR","≥ 52 dB"
"hikvision","HiLook","Value Camera","IPC-B129HA","IPC-B129HA 2 MP ColorVu MD 2.0 Fixed Bullet Network Camera","https://www.hikvision.com/en/products/HiLook-IP-Products/Network-Cameras/Value-Camera/ipc-b129ha/","Day/Night Switch","Day,Night,Auto,Schedule"
"hikvision","HiLook","Value Camera","IPC-B129HA","IPC-B129HA 2 MP ColorVu MD 2.0 Fixed Bullet Network Camera","https://www.hikvision.com/en/products/HiLook-IP-Products/Network-Cameras/Value-Camera/ipc-b129ha/","Image Enhancement","BLC,HLC,3D DNR"
"hikvision","HiLook","Value Camera","IPC-B129HA","IPC-B129HA 2 MP ColorVu MD 2.0 Fixed Bullet Network Camera","https://www.hikvision.com/en/products/HiLook-IP-Products/Network-Cameras/Value-Camera/ipc-b129ha/","Image Settings","Rotate mode,saturation,brightness,contrast,sharpness,gain,white balance,adjustable by client software or web browser"
"hikvision","HiLook","Value Camera","IPC-B129HA","IPC-B129HA 2 MP ColorVu MD 2.0 Fixed Bullet Network Camera","https://www.hikvision.com/en/products/HiLook-IP-Products/Network-Cameras/Value-Camera/ipc-b129ha/","Privacy Mask","4 programmable polygon privacy masks"
"hikvision","HiLook","Value Camera","IPC-B129HA","IPC-B129HA 2 MP ColorVu MD 2.0 Fixed Bullet Network Camera","https://www.hikvision.com/en/products/HiLook-IP-Products/Network-Cameras/Value-Camera/ipc-b129ha/","Ethernet Interface","1 RJ45 10 M/100 M self-adaptive Ethernet port"
"hikvision","HiLook","Value Camera","IPC-B129HA","IPC-B129HA 2 MP ColorVu MD 2.0 Fixed Bullet Network Camera","https://www.hikvision.com/en/products/HiLook-IP-Products/Network-Cameras/Value-Camera/ipc-b129ha/","Basic Event","Motion detection (support alarm triggering by specified target types (human and vehicle)),video tampering alarm,exception"
"hikvision","HiLook","Value Camera","IPC-B129HA","IPC-B129HA 2 MP ColorVu MD 2.0 Fixed Bullet Network Camera","https://www.hikvision.com/en/products/HiLook-IP-Products/Network-Cameras/Value-Camera/ipc-b129ha/","Linkage","Upload to FTP,send email,notify surveillance center,trigger capture"
"hikvision","HiLook","Value Camera","IPC-B129HA","IPC-B129HA 2 MP ColorVu MD 2.0 Fixed Bullet Network Camera","https://www.hikvision.com/en/products/HiLook-IP-Products/Network-Cameras/Value-Camera/ipc-b129ha/","Power","12 VDC ± 25%, 0.4 A, max. 5 W,Ø5.5 mm coaxial power plug,\nPoE: 802.3af, Class 3, 36 V to 57 V, 0.2 A to 0.15 A, max. 6.5 W"
"hikvision","HiLook","Value Camera","IPC-B129HA","IPC-B129HA 2 MP ColorVu MD 2.0 Fixed Bullet Network Camera","https://www.hikvision.com/en/products/HiLook-IP-Products/Network-Cameras/Value-Camera/ipc-b129ha/","Material","Aluminum alloy body"
"hikvision","HiLook","Value Camera","IPC-B129HA","IPC-B129HA 2 MP ColorVu MD 2.0 Fixed Bullet Network Camera","https://www.hikvision.com/en/products/HiLook-IP-Products/Network-Cameras/Value-Camera/ipc-b129ha/","Dimension","Ø76.6 mm × 164.4 mm (Ø3 × 6.5\\\")\""
"hikvision","HiLook","Value Camera","IPC-B129HA","IPC-B129HA 2 MP ColorVu MD 2.0 Fixed Bullet Network Camera","https://www.hikvision.com/en/products/HiLook-IP-Products/Network-Cameras/Value-Camera/ipc-b129ha/","Package Dimension","234 mm × 120 mm × 117 mm (9.2\" × 4.7\" × 4.6\")"
"hikvision","HiLook","Value Camera","IPC-B129HA","IPC-B129HA 2 MP ColorVu MD 2.0 Fixed Bullet Network Camera","https://www.hikvision.com/en/products/HiLook-IP-Products/Network-Cameras/Value-Camera/ipc-b129ha/","With Package Weight","Approx. 625 g (1.4 lb.)"
"hikvision","HiLook","Value Camera","IPC-B129HA","IPC-B129HA 2 MP ColorVu MD 2.0 Fixed Bullet Network Camera","https://www.hikvision.com/en/products/HiLook-IP-Products/Network-Cameras/Value-Camera/ipc-b129ha/","Storage Conditions","-30 °C to 60 °C (-22 °F to 140 °F). Humidity 95% or less (non-condensing)"
"hikvision","HiLook","Value Camera","IPC-B129HA","IPC-B129HA 2 MP ColorVu MD 2.0 Fixed Bullet Network Camera","https://www.hikvision.com/en/products/HiLook-IP-Products/Network-Cameras/Value-Camera/ipc-b129ha/","Startup And Operating Conditions","-30 °C to 60 °C (-22 °F to 140 °F). Humidity 95% or less (non-condensing)"
"hikvision","HiLook","Value Camera","IPC-B129HA","IPC-B129HA 2 MP ColorVu MD 2.0 Fixed Bullet Network Camera","https://www.hikvision.com/en/products/HiLook-IP-Products/Network-Cameras/Value-Camera/ipc-b129ha/","Language","English, Ukrainian"
"hikvision","HiLook","Value Camera","IPC-B129HA","IPC-B129HA 2 MP ColorVu MD 2.0 Fixed Bullet Network Camera","https://www.hikvision.com/en/products/HiLook-IP-Products/Network-Cameras/Value-Camera/ipc-b129ha/","General Function","Heartbeat,anti-banding,mirror,password protection,password reset via email"
"hikvision","HiLook","Value Camera","IPC-B129HA","IPC-B129HA 2 MP ColorVu MD 2.0 Fixed Bullet Network Camera","https://www.hikvision.com/en/products/HiLook-IP-Products/Network-Cameras/Value-Camera/ipc-b129ha/","EMC","FCC: 47 CFR Part 15, Subpart B,\nCE-EMC: EN 55032: 2015, EN 61000-3-2:2019, EN 61000-3-3: 2013+A1:2019, EN 50130-4: 2011 +A1: 2014,\nRCM: AS/NZS CISPR 32: 2015,\nKC: KN32: 2015, KN35: 2015"
"hikvision","HiLook","Value Camera","IPC-B129HA","IPC-B129HA 2 MP ColorVu MD 2.0 Fixed Bullet Network Camera","https://www.hikvision.com/en/products/HiLook-IP-Products/Network-Cameras/Value-Camera/ipc-b129ha/","Safety","CB: IEC 62368-1: 2014+A11,\nCE-LVD: EN 62368-1: 2014/A11: 2017"
"hikvision","HiLook","Value Camera","IPC-B129HA","IPC-B129HA 2 MP ColorVu MD 2.0 Fixed Bullet Network Camera","https://www.hikvision.com/en/products/HiLook-IP-Products/Network-Cameras/Value-Camera/ipc-b129ha/","Environment","CE-RoHS: 2011/65/EU,\nWEEE: 2012/19/EU,\nReach: Regulation (EC) No 1907/2006"
"hikvision","HiLook","Value Camera","IPC-B129HA","IPC-B129HA 2 MP ColorVu MD 2.0 Fixed Bullet Network Camera","https://www.hikvision.com/en/products/HiLook-IP-Products/Network-Cameras/Value-Camera/ipc-b129ha/","Protection","IP67: IEC 60529-2013"
"hikvision","HiLook","Value Camera","IPC-B140HA-LU","IPC-B140HA-LU 4 MP Smart Hybrid Light MD 2.0 Fixed Bullet Network Camera","https://www.hikvision.com/en/products/HiLook-IP-Products/Network-Cameras/Value-Camera/ipc-b140ha-lu/","Image Sensor","1/3\" Progressive Scan CMOS"
"hikvision","HiLook","Value Camera","IPC-B140HA-LU","IPC-B140HA-LU 4 MP Smart Hybrid Light MD 2.0 Fixed Bullet Network Camera","https://www.hikvision.com/en/products/HiLook-IP-Products/Network-Cameras/Value-Camera/ipc-b140ha-lu/","Max. Resolution","2560 × 1440"
"hikvision","HiLook","Value Camera","IPC-B140HA-LU","IPC-B140HA-LU 4 MP Smart Hybrid Light MD 2.0 Fixed Bullet Network Camera","https://www.hikvision.com/en/products/HiLook-IP-Products/Network-Cameras/Value-Camera/ipc-b140ha-lu/","Min. Illumination","Color: 0.005 Lux @ (F1.6, AGC ON),B/W: 0 Lux with IR"
"hikvision","HiLook","Value Camera","IPC-B140HA-LU","IPC-B140HA-LU 4 MP Smart Hybrid Light MD 2.0 Fixed Bullet Network Camera","https://www.hikvision.com/en/products/HiLook-IP-Products/Network-Cameras/Value-Camera/ipc-b140ha-lu/","Shutter Time","1/3 s to 1/100,000 s"
"hikvision","HiLook","Value Camera","IPC-B140HA-LU","IPC-B140HA-LU 4 MP Smart Hybrid Light MD 2.0 Fixed Bullet Network Camera","https://www.hikvision.com/en/products/HiLook-IP-Products/Network-Cameras/Value-Camera/ipc-b140ha-lu/","Day & Night","IR cut filter"
"hikvision","HiLook","Value Camera","IPC-B140HA-LU","IPC-B140HA-LU 4 MP Smart Hybrid Light MD 2.0 Fixed Bullet Network Camera","https://www.hikvision.com/en/products/HiLook-IP-Products/Network-Cameras/Value-Camera/ipc-b140ha-lu/","Angle Adjustment","Pan: 0° to 360°,tilt: 0° to 90°,rotate: 0° to 360°"
"hikvision","HiLook","Value Camera","IPC-B140HA-LU","IPC-B140HA-LU 4 MP Smart Hybrid Light MD 2.0 Fixed Bullet Network Camera","https://www.hikvision.com/en/products/HiLook-IP-Products/Network-Cameras/Value-Camera/ipc-b140ha-lu/","Lens Type","Fixed focal lens, 2.8 and 4 mm optional"
"hikvision","HiLook","Value Camera","IPC-B140HA-LU","IPC-B140HA-LU 4 MP Smart Hybrid Light MD 2.0 Fixed Bullet Network Camera","https://www.hikvision.com/en/products/HiLook-IP-Products/Network-Cameras/Value-Camera/ipc-b140ha-lu/","Focal Length & FOV","2.8 mm, horizontal FOV 98°, vertical FOV 54°, diagonal FOV 114°\n4 mm, horizontal FOV 78°, vertical FOV 42°, diagonal FOV 93°"
"hikvision","HiLook","Value Camera","IPC-B140HA-LU","IPC-B140HA-LU 4 MP Smart Hybrid Light MD 2.0 Fixed Bullet Network Camera","https://www.hikvision.com/en/products/HiLook-IP-Products/Network-Cameras/Value-Camera/ipc-b140ha-lu/","Lens Mount","M12"
"hikvision","HiLook","Value Camera","IPC-B140HA-LU","IPC-B140HA-LU 4 MP Smart Hybrid Light MD 2.0 Fixed Bullet Network Camera","https://www.hikvision.com/en/products/HiLook-IP-Products/Network-Cameras/Value-Camera/ipc-b140ha-lu/","Iris Type","Fixed"
"hikvision","HiLook","Value Camera","IPC-B140HA-LU","IPC-B140HA-LU 4 MP Smart Hybrid Light MD 2.0 Fixed Bullet Network Camera","https://www.hikvision.com/en/products/HiLook-IP-Products/Network-Cameras/Value-Camera/ipc-b140ha-lu/","Aperture","F1.6"
"hikvision","HiLook","Value Camera","IPC-B140HA-LU","IPC-B140HA-LU 4 MP Smart Hybrid Light MD 2.0 Fixed Bullet Network Camera","https://www.hikvision.com/en/products/HiLook-IP-Products/Network-Cameras/Value-Camera/ipc-b140ha-lu/","DORI","2.8 mm, D: 63 m, O: 25 m, R: 12 m, I: 6 m\n4 mm, D: 78 m, O: 31 m, R: 15 m, I: 7 m"
"hikvision","HiLook","Value Camera","IPC-B140HA-LU","IPC-B140HA-LU 4 MP Smart Hybrid Light MD 2.0 Fixed Bullet Network Camera","https://www.hikvision.com/en/products/HiLook-IP-Products/Network-Cameras/Value-Camera/ipc-b140ha-lu/","Supplement Light Type","IR,White Light"
"hikvision","HiLook","Value Camera","IPC-B140HA-LU","IPC-B140HA-LU 4 MP Smart Hybrid Light MD 2.0 Fixed Bullet Network Camera","https://www.hikvision.com/en/products/HiLook-IP-Products/Network-Cameras/Value-Camera/ipc-b140ha-lu/","Supplement Light Range","Up to 30 m"
"hikvision","HiLook","Value Camera","IPC-B140HA-LU","IPC-B140HA-LU 4 MP Smart Hybrid Light MD 2.0 Fixed Bullet Network Camera","https://www.hikvision.com/en/products/HiLook-IP-Products/Network-Cameras/Value-Camera/ipc-b140ha-lu/","Smart Supplement Light","Yes"
"hikvision","HiLook","Value Camera","IPC-B140HA-LU","IPC-B140HA-LU 4 MP Smart Hybrid Light MD 2.0 Fixed Bullet Network Camera","https://www.hikvision.com/en/products/HiLook-IP-Products/Network-Cameras/Value-Camera/ipc-b140ha-lu/","IR Wavelength","850 nm"
"hikvision","HiLook","Value Camera","IPC-B140HA-LU","IPC-B140HA-LU 4 MP Smart Hybrid Light MD 2.0 Fixed Bullet Network Camera","https://www.hikvision.com/en/products/HiLook-IP-Products/Network-Cameras/Value-Camera/ipc-b140ha-lu/","Main Stream","50 Hz:\n20 fps (2560 × 1440)\n25 fps (1920 × 1080, 1280 × 720)\n60 Hz:\n20 fps (2560 × 1440)\n24 fps (1920 × 1080, 1280 × 720)"
"hikvision","HiLook","Value Camera","IPC-B140HA-LU","IPC-B140HA-LU 4 MP Smart Hybrid Light MD 2.0 Fixed Bullet Network Camera","https://www.hikvision.com/en/products/HiLook-IP-Products/Network-Cameras/Value-Camera/ipc-b140ha-lu/","Sub-Stream","50 Hz: 25 fps (1280 × 720, 640 × 480, 640 × 360)\n60 Hz: 24 fps (1280 × 720, 640 × 480, 640 × 360)"
"hikvision","HiLook","Value Camera","IPC-B140HA-LU","IPC-B140HA-LU 4 MP Smart Hybrid Light MD 2.0 Fixed Bullet Network Camera","https://www.hikvision.com/en/products/HiLook-IP-Products/Network-Cameras/Value-Camera/ipc-b140ha-lu/","Video Compression","Main stream: H.265+/H.265/H.264+/H.264,\nSub-stream: H.265/H.264/MJPEG"
"hikvision","HiLook","Value Camera","IPC-B140HA-LU","IPC-B140HA-LU 4 MP Smart Hybrid Light MD 2.0 Fixed Bullet Network Camera","https://www.hikvision.com/en/products/HiLook-IP-Products/Network-Cameras/Value-Camera/ipc-b140ha-lu/","Video Bit Rate","32 Kbps to 8 Mbps"
"hikvision","HiLook","Value Camera","IPC-B140HA-LU","IPC-B140HA-LU 4 MP Smart Hybrid Light MD 2.0 Fixed Bullet Network Camera","https://www.hikvision.com/en/products/HiLook-IP-Products/Network-Cameras/Value-Camera/ipc-b140ha-lu/","H.264 Type","Baseline Profile,Main Profile,High Profile"
"hikvision","HiLook","Value Camera","IPC-B140HA-LU","IPC-B140HA-LU 4 MP Smart Hybrid Light MD 2.0 Fixed Bullet Network Camera","https://www.hikvision.com/en/products/HiLook-IP-Products/Network-Cameras/Value-Camera/ipc-b140ha-lu/","H.265 Type","Main Profile"
"hikvision","HiLook","Value Camera","IPC-B140HA-LU","IPC-B140HA-LU 4 MP Smart Hybrid Light MD 2.0 Fixed Bullet Network Camera","https://www.hikvision.com/en/products/HiLook-IP-Products/Network-Cameras/Value-Camera/ipc-b140ha-lu/","Bit Rate Control","CBR,VBR"
"hikvision","HiLook","Value Camera","IPC-B140HA-LU","IPC-B140HA-LU 4 MP Smart Hybrid Light MD 2.0 Fixed Bullet Network Camera","https://www.hikvision.com/en/products/HiLook-IP-Products/Network-Cameras/Value-Camera/ipc-b140ha-lu/","Region Of Interest (ROI)","1 fixed region for main stream"
"hikvision","HiLook","Value Camera","IPC-B140HA-LU","IPC-B140HA-LU 4 MP Smart Hybrid Light MD 2.0 Fixed Bullet Network Camera","https://www.hikvision.com/en/products/HiLook-IP-Products/Network-Cameras/Value-Camera/ipc-b140ha-lu/","Audio Type","Mono sound"
"hikvision","HiLook","Value Camera","IPC-B140HA-LU","IPC-B140HA-LU 4 MP Smart Hybrid Light MD 2.0 Fixed Bullet Network Camera","https://www.hikvision.com/en/products/HiLook-IP-Products/Network-Cameras/Value-Camera/ipc-b140ha-lu/","Environment Noise Filtering","Yes"
"hikvision","HiLook","Value Camera","IPC-B140HA-LU","IPC-B140HA-LU 4 MP Smart Hybrid Light MD 2.0 Fixed Bullet Network Camera","https://www.hikvision.com/en/products/HiLook-IP-Products/Network-Cameras/Value-Camera/ipc-b140ha-lu/","Audio Sampling Rate","8 kHz/16 kHz"
"hikvision","HiLook","Value Camera","IPC-B140HA-LU","IPC-B140HA-LU 4 MP Smart Hybrid Light MD 2.0 Fixed Bullet Network Camera","https://www.hikvision.com/en/products/HiLook-IP-Products/Network-Cameras/Value-Camera/ipc-b140ha-lu/","Audio Compression","G.711ulaw/G.711alaw/G.722.1/G.726/MP2L2/PCM/AAC-LC"
"hikvision","HiLook","Value Camera","IPC-B140HA-LU","IPC-B140HA-LU 4 MP Smart Hybrid Light MD 2.0 Fixed Bullet Network Camera","https://www.hikvision.com/en/products/HiLook-IP-Products/Network-Cameras/Value-Camera/ipc-b140ha-lu/","Audio Bit Rate","64 Kbps (G.711 ulaw/G.711 alaw)/16 Kbps (G.722.1)/16 Kbps (G.726)/32 to 160 Kbps (MP2L2)/16 to 64 Kbps (AAC-LC)"
"hikvision","HiLook","Value Camera","IPC-B140HA-LU","IPC-B140HA-LU 4 MP Smart Hybrid Light MD 2.0 Fixed Bullet Network Camera","https://www.hikvision.com/en/products/HiLook-IP-Products/Network-Cameras/Value-Camera/ipc-b140ha-lu/","Security","Password protection, complicated password, watermark, basic and digest authentication for HTTP, WSSE and digest authentication for Open Network Video Interface, security audit log, host authentication (MAC address)"
"hikvision","HiLook","Value Camera","IPC-B140HA-LU","IPC-B140HA-LU 4 MP Smart Hybrid Light MD 2.0 Fixed Bullet Network Camera","https://www.hikvision.com/en/products/HiLook-IP-Products/Network-Cameras/Value-Camera/ipc-b140ha-lu/","Simultaneous Live View","Up to 6 channels"
"hikvision","HiLook","Value Camera","IPC-B140HA-LU","IPC-B140HA-LU 4 MP Smart Hybrid Light MD 2.0 Fixed Bullet Network Camera","https://www.hikvision.com/en/products/HiLook-IP-Products/Network-Cameras/Value-Camera/ipc-b140ha-lu/","API","Open Network Video Interface (Profile S, Profile T),ISAPI,SDK"
"hikvision","HiLook","Value Camera","IPC-B140HA-LU","IPC-B140HA-LU 4 MP Smart Hybrid Light MD 2.0 Fixed Bullet Network Camera","https://www.hikvision.com/en/products/HiLook-IP-Products/Network-Cameras/Value-Camera/ipc-b140ha-lu/","Protocols","TCP/IP, ICMP, DHCP, DNS, HTTP, RTP, RTSP, NTP, IGMP, IPv6, UDP, QoS, FTP, SMTP"
"hikvision","HiLook","Value Camera","IPC-B140HA-LU","IPC-B140HA-LU 4 MP Smart Hybrid Light MD 2.0 Fixed Bullet Network Camera","https://www.hikvision.com/en/products/HiLook-IP-Products/Network-Cameras/Value-Camera/ipc-b140ha-lu/","User/Host","Up to 32 users\n3 user levels: administrator, operator, and user"
"hikvision","HiLook","Value Camera","IPC-B140HA-LU","IPC-B140HA-LU 4 MP Smart Hybrid Light MD 2.0 Fixed Bullet Network Camera","https://www.hikvision.com/en/products/HiLook-IP-Products/Network-Cameras/Value-Camera/ipc-b140ha-lu/","Client","iVMS-4200,HiLookVision"
"hikvision","HiLook","Value Camera","IPC-B140HA-LU","IPC-B140HA-LU 4 MP Smart Hybrid Light MD 2.0 Fixed Bullet Network Camera","https://www.hikvision.com/en/products/HiLook-IP-Products/Network-Cameras/Value-Camera/ipc-b140ha-lu/","Web Browser","Plug-in required live view: IE 10, IE 11,\nLocal service: Chrome 57.0+, Firefox 52.0+"
"hikvision","HiLook","Value Camera","IPC-B140HA-LU","IPC-B140HA-LU 4 MP Smart Hybrid Light MD 2.0 Fixed Bullet Network Camera","https://www.hikvision.com/en/products/HiLook-IP-Products/Network-Cameras/Value-Camera/ipc-b140ha-lu/","Wide Dynamic Range (WDR)","120 dB"
"hikvision","HiLook","Value Camera","IPC-B140HA-LU","IPC-B140HA-LU 4 MP Smart Hybrid Light MD 2.0 Fixed Bullet Network Camera","https://www.hikvision.com/en/products/HiLook-IP-Products/Network-Cameras/Value-Camera/ipc-b140ha-lu/","SNR","≥ 52 dB"
"hikvision","HiLook","Value Camera","IPC-B140HA-LU","IPC-B140HA-LU 4 MP Smart Hybrid Light MD 2.0 Fixed Bullet Network Camera","https://www.hikvision.com/en/products/HiLook-IP-Products/Network-Cameras/Value-Camera/ipc-b140ha-lu/","Day/Night Switch","Day,Night,Auto,Schedule"
"hikvision","HiLook","Value Camera","IPC-B140HA-LU","IPC-B140HA-LU 4 MP Smart Hybrid Light MD 2.0 Fixed Bullet Network Camera","https://www.hikvision.com/en/products/HiLook-IP-Products/Network-Cameras/Value-Camera/ipc-b140ha-lu/","Image Enhancement","BLC,HLC,3D DNR"
"hikvision","HiLook","Value Camera","IPC-B140HA-LU","IPC-B140HA-LU 4 MP Smart Hybrid Light MD 2.0 Fixed Bullet Network Camera","https://www.hikvision.com/en/products/HiLook-IP-Products/Network-Cameras/Value-Camera/ipc-b140ha-lu/","Image Settings","Rotate mode,saturation,brightness,contrast,sharpness,gain,white balance,adjustable by client software or web browser"
"hikvision","HiLook","Value Camera","IPC-B140HA-LU","IPC-B140HA-LU 4 MP Smart Hybrid Light MD 2.0 Fixed Bullet Network Camera","https://www.hikvision.com/en/products/HiLook-IP-Products/Network-Cameras/Value-Camera/ipc-b140ha-lu/","Privacy Mask","4 programmable polygon privacy masks"
"hikvision","HiLook","Value Camera","IPC-B140HA-LU","IPC-B140HA-LU 4 MP Smart Hybrid Light MD 2.0 Fixed Bullet Network Camera","https://www.hikvision.com/en/products/HiLook-IP-Products/Network-Cameras/Value-Camera/ipc-b140ha-lu/","Ethernet Interface","1 RJ45 10 M/100 M self-adaptive Ethernet port"
"hikvision","HiLook","Value Camera","IPC-B140HA-LU","IPC-B140HA-LU 4 MP Smart Hybrid Light MD 2.0 Fixed Bullet Network Camera","https://www.hikvision.com/en/products/HiLook-IP-Products/Network-Cameras/Value-Camera/ipc-b140ha-lu/","Built-In Microphone","Yes"
"hikvision","HiLook","Value Camera","IPC-B140HA-LU","IPC-B140HA-LU 4 MP Smart Hybrid Light MD 2.0 Fixed Bullet Network Camera","https://www.hikvision.com/en/products/HiLook-IP-Products/Network-Cameras/Value-Camera/ipc-b140ha-lu/","Basic Event","Motion detection,video tampering alarm,exception"
"hikvision","HiLook","Value Camera","IPC-B140HA-LU","IPC-B140HA-LU 4 MP Smart Hybrid Light MD 2.0 Fixed Bullet Network Camera","https://www.hikvision.com/en/products/HiLook-IP-Products/Network-Cameras/Value-Camera/ipc-b140ha-lu/","Linkage","Upload to FTP,send email,notify surveillance center,trigger capture"
"hikvision","HiLook","Value Camera","IPC-B140HA-LU","IPC-B140HA-LU 4 MP Smart Hybrid Light MD 2.0 Fixed Bullet Network Camera","https://www.hikvision.com/en/products/HiLook-IP-Products/Network-Cameras/Value-Camera/ipc-b140ha-lu/","Power","12 VDC ± 25%, 0.4 A, max. 5 W,Ø5.5 mm coaxial power plug,reverse polarity protection,\nPoE: IEEE 802.3af, Class 3, max. 6.5 W"
"hikvision","HiLook","Value Camera","IPC-B140HA-LU","IPC-B140HA-LU 4 MP Smart Hybrid Light MD 2.0 Fixed Bullet Network Camera","https://www.hikvision.com/en/products/HiLook-IP-Products/Network-Cameras/Value-Camera/ipc-b140ha-lu/","Material","Metal & Plastic"
"hikvision","HiLook","Value Camera","IPC-B140HA-LU","IPC-B140HA-LU 4 MP Smart Hybrid Light MD 2.0 Fixed Bullet Network Camera","https://www.hikvision.com/en/products/HiLook-IP-Products/Network-Cameras/Value-Camera/ipc-b140ha-lu/","Dimension","184.1 mm × 66 mm × 69.1 mm (7.3\" × 2.6\" × 2.7\")"
"hikvision","HiLook","Value Camera","IPC-B140HA-LU","IPC-B140HA-LU 4 MP Smart Hybrid Light MD 2.0 Fixed Bullet Network Camera","https://www.hikvision.com/en/products/HiLook-IP-Products/Network-Cameras/Value-Camera/ipc-b140ha-lu/","Package Dimension","216 mm × 121 mm × 118 mm (8.5\" × 4.8\" × 4.6\")"
"hikvision","HiLook","Value Camera","IPC-B140HA-LU","IPC-B140HA-LU 4 MP Smart Hybrid Light MD 2.0 Fixed Bullet Network Camera","https://www.hikvision.com/en/products/HiLook-IP-Products/Network-Cameras/Value-Camera/ipc-b140ha-lu/","With Package Weight","Approx. 481 g (1.1 lb.)"
"hikvision","HiLook","Value Camera","IPC-B140HA-LU","IPC-B140HA-LU 4 MP Smart Hybrid Light MD 2.0 Fixed Bullet Network Camera","https://www.hikvision.com/en/products/HiLook-IP-Products/Network-Cameras/Value-Camera/ipc-b140ha-lu/","Storage Conditions","-30 °C to 60 °C (-22 °F to 140 °F). Humidity 95% or less (non-condensing)"
"hikvision","HiLook","Value Camera","IPC-B140HA-LU","IPC-B140HA-LU 4 MP Smart Hybrid Light MD 2.0 Fixed Bullet Network Camera","https://www.hikvision.com/en/products/HiLook-IP-Products/Network-Cameras/Value-Camera/ipc-b140ha-lu/","Startup And Operating Conditions","-30 °C to 60 °C (-22 °F to 140 °F). Humidity 95% or less (non-condensing)"
"hikvision","HiLook","Value Camera","IPC-B140HA-LU","IPC-B140HA-LU 4 MP Smart Hybrid Light MD 2.0 Fixed Bullet Network Camera","https://www.hikvision.com/en/products/HiLook-IP-Products/Network-Cameras/Value-Camera/ipc-b140ha-lu/","Language","English, Ukrainian"
"hikvision","HiLook","Value Camera","IPC-B140HA-LU","IPC-B140HA-LU 4 MP Smart Hybrid Light MD 2.0 Fixed Bullet Network Camera","https://www.hikvision.com/en/products/HiLook-IP-Products/Network-Cameras/Value-Camera/ipc-b140ha-lu/","General Function","Heartbeat,anti-banding,mirror,password protection,password reset via email"
"hikvision","HiLook","Value Camera","IPC-B140HA-LU","IPC-B140HA-LU 4 MP Smart Hybrid Light MD 2.0 Fixed Bullet Network Camera","https://www.hikvision.com/en/products/HiLook-IP-Products/Network-Cameras/Value-Camera/ipc-b140ha-lu/","EMC","FCC: 47 CFR Part 15, Subpart B,\nCE-EMC: EN 55032: 2015, EN 61000-3-2:2019, EN 61000-3-3: 2013+A1:2019, EN 50130-4: 2011 +A1: 2014,\nRCM: AS/NZS CISPR 32: 2015,\nIC: ICES-003: Issue 7"
"hikvision","HiLook","Value Camera","IPC-B140HA-LU","IPC-B140HA-LU 4 MP Smart Hybrid Light MD 2.0 Fixed Bullet Network Camera","https://www.hikvision.com/en/products/HiLook-IP-Products/Network-Cameras/Value-Camera/ipc-b140ha-lu/","Safety","CB: IEC 62368-1: 2014+A11,\nCE-LVD: EN 62368-1: 2014/A11: 2017"
"hikvision","HiLook","Value Camera","IPC-B140HA-LU","IPC-B140HA-LU 4 MP Smart Hybrid Light MD 2.0 Fixed Bullet Network Camera","https://www.hikvision.com/en/products/HiLook-IP-Products/Network-Cameras/Value-Camera/ipc-b140ha-lu/","Environment","CE-RoHS: 2011/65/EU,\nWEEE: 2012/19/EU,\nReach: Regulation (EC) No 1907/2006"
"hikvision","HiLook","Value Camera","IPC-B140HA-LU","IPC-B140HA-LU 4 MP Smart Hybrid Light MD 2.0 Fixed Bullet Network Camera","https://www.hikvision.com/en/products/HiLook-IP-Products/Network-Cameras/Value-Camera/ipc-b140ha-lu/","Protection","IP67: IEC 60529-2013"
"hikvision","HiLook","Value Camera","IPC-B140H--M-","IPC-B140H(-M) 4 MP Fixed Bullet Network Camera","https://www.hikvision.com/en/products/HiLook-IP-Products/Network-Cameras/Value-Camera/ipc-b140h--m-/","Image Sensor","1/3\" progressive scan CMOS"
"hikvision","HiLook","Value Camera","IPC-B140H--M-","IPC-B140H(-M) 4 MP Fixed Bullet Network Camera","https://www.hikvision.com/en/products/HiLook-IP-Products/Network-Cameras/Value-Camera/ipc-b140h--m-/","Max. Resolution","2560 × 1440"
"hikvision","HiLook","Value Camera","IPC-B140H--M-","IPC-B140H(-M) 4 MP Fixed Bullet Network Camera","https://www.hikvision.com/en/products/HiLook-IP-Products/Network-Cameras/Value-Camera/ipc-b140h--m-/","Min. Illumination","Color: 0.01 Lux @(F2.0, AGC ON), B/W: 0 Lux with IR"
"hikvision","HiLook","Value Camera","IPC-B140H--M-","IPC-B140H(-M) 4 MP Fixed Bullet Network Camera","https://www.hikvision.com/en/products/HiLook-IP-Products/Network-Cameras/Value-Camera/ipc-b140h--m-/","Shutter Time","1/3 s to 1/100, 000 s"
"hikvision","HiLook","Value Camera","IPC-B140H--M-","IPC-B140H(-M) 4 MP Fixed Bullet Network Camera","https://www.hikvision.com/en/products/HiLook-IP-Products/Network-Cameras/Value-Camera/ipc-b140h--m-/","Day & Night","IR cut filter"
"hikvision","HiLook","Value Camera","IPC-B140H--M-","IPC-B140H(-M) 4 MP Fixed Bullet Network Camera","https://www.hikvision.com/en/products/HiLook-IP-Products/Network-Cameras/Value-Camera/ipc-b140h--m-/","Angle Adjustment","Pan: 0° to 360°, tilt: 0° to 180°, rotate: 0° to 360°"
"hikvision","HiLook","Value Camera","IPC-B140H--M-","IPC-B140H(-M) 4 MP Fixed Bullet Network Camera","https://www.hikvision.com/en/products/HiLook-IP-Products/Network-Cameras/Value-Camera/ipc-b140h--m-/","Focal Length & FOV","2.8 mm, horizontal FOV 98.0°, vertical FOV 53.1°, diagonal FOV 114.7°\n4 mm, horizontal FOV 78.7°, vertical FOV 43.1°, diagonal FOV 92.3°"
"hikvision","HiLook","Value Camera","IPC-B140H--M-","IPC-B140H(-M) 4 MP Fixed Bullet Network Camera","https://www.hikvision.com/en/products/HiLook-IP-Products/Network-Cameras/Value-Camera/ipc-b140h--m-/","Lens Mount","M12"
"hikvision","HiLook","Value Camera","IPC-B140H--M-","IPC-B140H(-M) 4 MP Fixed Bullet Network Camera","https://www.hikvision.com/en/products/HiLook-IP-Products/Network-Cameras/Value-Camera/ipc-b140h--m-/","Focus","Fixed"
"hikvision","HiLook","Value Camera","IPC-B140H--M-","IPC-B140H(-M) 4 MP Fixed Bullet Network Camera","https://www.hikvision.com/en/products/HiLook-IP-Products/Network-Cameras/Value-Camera/ipc-b140h--m-/","Aperture","F2.0"
"hikvision","HiLook","Value Camera","IPC-B140H--M-","IPC-B140H(-M) 4 MP Fixed Bullet Network Camera","https://www.hikvision.com/en/products/HiLook-IP-Products/Network-Cameras/Value-Camera/ipc-b140h--m-/","Lens Type","Fixed focal lens, 2.8 and 4 mm optional"
"hikvision","HiLook","Value Camera","IPC-B140H--M-","IPC-B140H(-M) 4 MP Fixed Bullet Network Camera","https://www.hikvision.com/en/products/HiLook-IP-Products/Network-Cameras/Value-Camera/ipc-b140h--m-/","Iris Type","Fixed"
"hikvision","HiLook","Value Camera","IPC-B140H--M-","IPC-B140H(-M) 4 MP Fixed Bullet Network Camera","https://www.hikvision.com/en/products/HiLook-IP-Products/Network-Cameras/Value-Camera/ipc-b140h--m-/","Supplement Light Type","IR"
"hikvision","HiLook","Value Camera","IPC-B140H--M-","IPC-B140H(-M) 4 MP Fixed Bullet Network Camera","https://www.hikvision.com/en/products/HiLook-IP-Products/Network-Cameras/Value-Camera/ipc-b140h--m-/","Supplement Light Range","Up to 30 m"
"hikvision","HiLook","Value Camera","IPC-B140H--M-","IPC-B140H(-M) 4 MP Fixed Bullet Network Camera","https://www.hikvision.com/en/products/HiLook-IP-Products/Network-Cameras/Value-Camera/ipc-b140h--m-/","IR Wavelength","850 nm"
"hikvision","HiLook","Value Camera","IPC-B140H--M-","IPC-B140H(-M) 4 MP Fixed Bullet Network Camera","https://www.hikvision.com/en/products/HiLook-IP-Products/Network-Cameras/Value-Camera/ipc-b140h--m-/","Smart Supplement Light","Yes"
"hikvision","HiLook","Value Camera","IPC-B140H--M-","IPC-B140H(-M) 4 MP Fixed Bullet Network Camera","https://www.hikvision.com/en/products/HiLook-IP-Products/Network-Cameras/Value-Camera/ipc-b140h--m-/","Main Stream","50 Hz: 20 fps (2560 × 1440)\n25 fps (1920 × 1080, 1280 × 720)\n60 Hz: 20 fps (2560 × 1440)\n30 fps (1920 × 1080, 1280 × 720)"
"hikvision","HiLook","Value Camera","IPC-B140H--M-","IPC-B140H(-M) 4 MP Fixed Bullet Network Camera","https://www.hikvision.com/en/products/HiLook-IP-Products/Network-Cameras/Value-Camera/ipc-b140h--m-/","Sub-Stream","50 Hz: 25 fps (640 × 480, 640 × 360)\n60 Hz: 30 fps (640 × 480, 640 × 360)"
"hikvision","HiLook","Value Camera","IPC-B140H--M-","IPC-B140H(-M) 4 MP Fixed Bullet Network Camera","https://www.hikvision.com/en/products/HiLook-IP-Products/Network-Cameras/Value-Camera/ipc-b140h--m-/","Video Compression","Main stream: H.265/H.264/H.265+/H.264+\nSub-stream: H.265/H.264/MJPEG"
"hikvision","HiLook","Value Camera","IPC-B140H--M-","IPC-B140H(-M) 4 MP Fixed Bullet Network Camera","https://www.hikvision.com/en/products/HiLook-IP-Products/Network-Cameras/Value-Camera/ipc-b140h--m-/","Video Bit Rate","32 Kbps to 8 Mbps"
"hikvision","HiLook","Value Camera","IPC-B140H--M-","IPC-B140H(-M) 4 MP Fixed Bullet Network Camera","https://www.hikvision.com/en/products/HiLook-IP-Products/Network-Cameras/Value-Camera/ipc-b140h--m-/","H.264 Type","Baseline Profile/Main Profile/High Profile"
"hikvision","HiLook","Value Camera","IPC-B140H--M-","IPC-B140H(-M) 4 MP Fixed Bullet Network Camera","https://www.hikvision.com/en/products/HiLook-IP-Products/Network-Cameras/Value-Camera/ipc-b140h--m-/","H.265 Type","Main Profile"
"hikvision","HiLook","Value Camera","IPC-B140H--M-","IPC-B140H(-M) 4 MP Fixed Bullet Network Camera","https://www.hikvision.com/en/products/HiLook-IP-Products/Network-Cameras/Value-Camera/ipc-b140h--m-/","Region Of Interest (ROI)","1 fixed region for main stream"
"hikvision","HiLook","Value Camera","IPC-B140H--M-","IPC-B140H(-M) 4 MP Fixed Bullet Network Camera","https://www.hikvision.com/en/products/HiLook-IP-Products/Network-Cameras/Value-Camera/ipc-b140h--m-/","Protocols","TCP/IP, ICMP, HTTP, HTTPS, FTP, DHCP, DNS, DDNS, RTP, RTSP, RTCP, NTP, UPnP™, SMTP, IGMP, QoS, IPv6, Bonjour, IPv4, UDP, SSL/TLS"
"hikvision","HiLook","Value Camera","IPC-B140H--M-","IPC-B140H(-M) 4 MP Fixed Bullet Network Camera","https://www.hikvision.com/en/products/HiLook-IP-Products/Network-Cameras/Value-Camera/ipc-b140h--m-/","Simultaneous Live View","Up to 6 channels"
"hikvision","HiLook","Value Camera","IPC-B140H--M-","IPC-B140H(-M) 4 MP Fixed Bullet Network Camera","https://www.hikvision.com/en/products/HiLook-IP-Products/Network-Cameras/Value-Camera/ipc-b140h--m-/","API","Open Network Video Interface, ISAPI"
"hikvision","HiLook","Value Camera","IPC-B140H--M-","IPC-B140H(-M) 4 MP Fixed Bullet Network Camera","https://www.hikvision.com/en/products/HiLook-IP-Products/Network-Cameras/Value-Camera/ipc-b140h--m-/","User/Host","Up to 32 users. 3 levels: administrator, operator and user"
"hikvision","HiLook","Value Camera","IPC-B140H--M-","IPC-B140H(-M) 4 MP Fixed Bullet Network Camera","https://www.hikvision.com/en/products/HiLook-IP-Products/Network-Cameras/Value-Camera/ipc-b140h--m-/","Client","iVMS-4200, Hik-Connect"
"hikvision","HiLook","Value Camera","IPC-B140H--M-","IPC-B140H(-M) 4 MP Fixed Bullet Network Camera","https://www.hikvision.com/en/products/HiLook-IP-Products/Network-Cameras/Value-Camera/ipc-b140h--m-/","Web Browser","Plug-in required live view: IE 10+\nPlug-in free live view: Chrome 57.0+, Firefox 52.0+\nLocal service: Chrome 57.0+, Firefox 52.0+"
"hikvision","HiLook","Value Camera","IPC-B140H--M-","IPC-B140H(-M) 4 MP Fixed Bullet Network Camera","https://www.hikvision.com/en/products/HiLook-IP-Products/Network-Cameras/Value-Camera/ipc-b140h--m-/","Image Settings","Saturation, brightness, contrast, sharpness, AGC, white balance adjustable by client\nsoftware or web browser"
"hikvision","HiLook","Value Camera","IPC-B140H--M-","IPC-B140H(-M) 4 MP Fixed Bullet Network Camera","https://www.hikvision.com/en/products/HiLook-IP-Products/Network-Cameras/Value-Camera/ipc-b140h--m-/","Day/Night Switch","Auto, Schedule, Day, Night"
"hikvision","HiLook","Value Camera","IPC-B140H--M-","IPC-B140H(-M) 4 MP Fixed Bullet Network Camera","https://www.hikvision.com/en/products/HiLook-IP-Products/Network-Cameras/Value-Camera/ipc-b140h--m-/","Wide Dynamic Range (WDR)","120 dB"
"hikvision","HiLook","Value Camera","IPC-B140H--M-","IPC-B140H(-M) 4 MP Fixed Bullet Network Camera","https://www.hikvision.com/en/products/HiLook-IP-Products/Network-Cameras/Value-Camera/ipc-b140h--m-/","Image Enhancement","BLC, 3D DNR"
"hikvision","HiLook","Value Camera","IPC-B140H--M-","IPC-B140H(-M) 4 MP Fixed Bullet Network Camera","https://www.hikvision.com/en/products/HiLook-IP-Products/Network-Cameras/Value-Camera/ipc-b140h--m-/","Ethernet Interface","1 RJ45 10 M/100 M self-adaptive Ethernet port"
"hikvision","HiLook","Value Camera","IPC-B140H--M-","IPC-B140H(-M) 4 MP Fixed Bullet Network Camera","https://www.hikvision.com/en/products/HiLook-IP-Products/Network-Cameras/Value-Camera/ipc-b140h--m-/","Basic Event","Motion detection, video tampering alarm, exception"
"hikvision","HiLook","Value Camera","IPC-B140H--M-","IPC-B140H(-M) 4 MP Fixed Bullet Network Camera","https://www.hikvision.com/en/products/HiLook-IP-Products/Network-Cameras/Value-Camera/ipc-b140h--m-/","Linkage","Upload to FTP, notify surveillance center, send email"
"hikvision","HiLook","Value Camera","IPC-B140H--M-","IPC-B140H(-M) 4 MP Fixed Bullet Network Camera","https://www.hikvision.com/en/products/HiLook-IP-Products/Network-Cameras/Value-Camera/ipc-b140h--m-/","Power","12 VDC ± 25%, 0.4 A, max. 5 W, Ø5.5 mm coaxial power plug\nPoE: 802.3af, Class 3, 36 V to 57 V, 0.2 A to 0.15 A, max. 6.5 W"
"hikvision","HiLook","Value Camera","IPC-B140H--M-","IPC-B140H(-M) 4 MP Fixed Bullet Network Camera","https://www.hikvision.com/en/products/HiLook-IP-Products/Network-Cameras/Value-Camera/ipc-b140h--m-/","Dimension","181.6 mm × 71.4 mm × 66.7 mm (7.1\" × 2.8\" × 2.6\")"
"hikvision","HiLook","Value Camera","IPC-B140H--M-","IPC-B140H(-M) 4 MP Fixed Bullet Network Camera","https://www.hikvision.com/en/products/HiLook-IP-Products/Network-Cameras/Value-Camera/ipc-b140h--m-/","Package Dimension","216 mm × 121 mm × 118 mm (8.5\" × 4.8\" × 4.6\")"
"hikvision","HiLook","Value Camera","IPC-B140H--M-","IPC-B140H(-M) 4 MP Fixed Bullet Network Camera","https://www.hikvision.com/en/products/HiLook-IP-Products/Network-Cameras/Value-Camera/ipc-b140h--m-/","With Package Weight","Approx. 490 g (1.1 lb.)"
"hikvision","HiLook","Value Camera","IPC-B140H--M-","IPC-B140H(-M) 4 MP Fixed Bullet Network Camera","https://www.hikvision.com/en/products/HiLook-IP-Products/Network-Cameras/Value-Camera/ipc-b140h--m-/","Storage Conditions","-30 °C to 60 °C (-22 °F to 140 °F). Humidity: 95% or less (non-condensing)"
"hikvision","HiLook","Value Camera","IPC-B140H--M-","IPC-B140H(-M) 4 MP Fixed Bullet Network Camera","https://www.hikvision.com/en/products/HiLook-IP-Products/Network-Cameras/Value-Camera/ipc-b140h--m-/","Startup And Operating Conditions","-30 °C to 60 °C (-22 °F to 140 °F). Humidity: 95% or less (non-condensing)"
"hikvision","HiLook","Value Camera","IPC-B140H--M-","IPC-B140H(-M) 4 MP Fixed Bullet Network Camera","https://www.hikvision.com/en/products/HiLook-IP-Products/Network-Cameras/Value-Camera/ipc-b140h--m-/","Language","English, Ukrainian"
"hikvision","HiLook","Value Camera","IPC-B140H--M-","IPC-B140H(-M) 4 MP Fixed Bullet Network Camera","https://www.hikvision.com/en/products/HiLook-IP-Products/Network-Cameras/Value-Camera/ipc-b140h--m-/","General Function","Anti-flicker, heartbeat, mirror, password protection, privacy mask, watermark, IP address filter"
"hikvision","HiLook","Value Camera","IPC-B140H--M-","IPC-B140H(-M) 4 MP Fixed Bullet Network Camera","https://www.hikvision.com/en/products/HiLook-IP-Products/Network-Cameras/Value-Camera/ipc-b140h--m-/","EMC","FCC SDoC (47 CFR Part 15, Subpart B); CE-EMC (EN 55032: 2015, EN 61000-3-2: 2014, EN 61000-3-3: 2013, EN 50130-4: 2011 +A1: 2014); RCM (AS/NZS CISPR 32: 2015); IC VoC (ICES-003: Issue 6, 2016); KC (KN 32: 2015, KN 35: 2015)"
"hikvision","HiLook","Value Camera","IPC-B140H--M-","IPC-B140H(-M) 4 MP Fixed Bullet Network Camera","https://www.hikvision.com/en/products/HiLook-IP-Products/Network-Cameras/Value-Camera/ipc-b140h--m-/","Safety","UL (UL 60950-1); CB (IEC 60950-1:2005 + Am 1:2009 + Am 2:2013, IEC 62368-1:2014); CE-LVD (EN 60950-1:2005 + Am 1:2009 + Am 2:2013, IEC 62368-1:2014); BIS (IS 13252(Part 1):2010+A1:2013+A2:2015)"
"hikvision","HiLook","Value Camera","IPC-B140H--M-","IPC-B140H(-M) 4 MP Fixed Bullet Network Camera","https://www.hikvision.com/en/products/HiLook-IP-Products/Network-Cameras/Value-Camera/ipc-b140h--m-/","Environment","CE-RoHS (2011/65/EU); WEEE (2012/19/EU); Reach (Regulation (EC) No 1907/2006)"
"hikvision","HiLook","Value Camera","IPC-B140H--M-","IPC-B140H(-M) 4 MP Fixed Bullet Network Camera","https://www.hikvision.com/en/products/HiLook-IP-Products/Network-Cameras/Value-Camera/ipc-b140h--m-/","Protection","IP67 (IEC 60529-2013)"
"hikvision","HiLook","Value Camera","IPC-B129HAA-LU-F---SL---SRB-","IPC-B129HAA-LU(F)(/SL)(/SRB) NEW 2 MP ColorVu 3.0 Fixed Bullet Network Camera","https://www.hikvision.com/en/products/HiLook-IP-Products/Network-Cameras/Value-Camera/ipc-b129haa-lu-f---sl---srb-/","Image Sensor","1/2.8\" Progressive Scan CMOS"
"hikvision","HiLook","Value Camera","IPC-B129HAA-LU-F---SL---SRB-","IPC-B129HAA-LU(F)(/SL)(/SRB) NEW 2 MP ColorVu 3.0 Fixed Bullet Network Camera","https://www.hikvision.com/en/products/HiLook-IP-Products/Network-Cameras/Value-Camera/ipc-b129haa-lu-f---sl---srb-/","Max. Resolution","1920 × 1080"
"hikvision","HiLook","Value Camera","IPC-B129HAA-LU-F---SL---SRB-","IPC-B129HAA-LU(F)(/SL)(/SRB) NEW 2 MP ColorVu 3.0 Fixed Bullet Network Camera","https://www.hikvision.com/en/products/HiLook-IP-Products/Network-Cameras/Value-Camera/ipc-b129haa-lu-f---sl---srb-/","Min. Illumination","Color: 0.0005 Lux @ (F1.0, AGC ON),0 Lux with light"
"hikvision","HiLook","Value Camera","IPC-B129HAA-LU-F---SL---SRB-","IPC-B129HAA-LU(F)(/SL)(/SRB) NEW 2 MP ColorVu 3.0 Fixed Bullet Network Camera","https://www.hikvision.com/en/products/HiLook-IP-Products/Network-Cameras/Value-Camera/ipc-b129haa-lu-f---sl---srb-/","Shutter Time","1 s to 1/100,000 s"
"hikvision","HiLook","Value Camera","IPC-B129HAA-LU-F---SL---SRB-","IPC-B129HAA-LU(F)(/SL)(/SRB) NEW 2 MP ColorVu 3.0 Fixed Bullet Network Camera","https://www.hikvision.com/en/products/HiLook-IP-Products/Network-Cameras/Value-Camera/ipc-b129haa-lu-f---sl---srb-/","Day & Night","IR cut filter"
"hikvision","HiLook","Value Camera","IPC-B129HAA-LU-F---SL---SRB-","IPC-B129HAA-LU(F)(/SL)(/SRB) NEW 2 MP ColorVu 3.0 Fixed Bullet Network Camera","https://www.hikvision.com/en/products/HiLook-IP-Products/Network-Cameras/Value-Camera/ipc-b129haa-lu-f---sl---srb-/","Angle Adjustment","Pan: 0° to 360°,tilt: 0° to 90°,rotate: 0° to 360°"
"hikvision","HiLook","Value Camera","IPC-B129HAA-LU-F---SL---SRB-","IPC-B129HAA-LU(F)(/SL)(/SRB) NEW 2 MP ColorVu 3.0 Fixed Bullet Network Camera","https://www.hikvision.com/en/products/HiLook-IP-Products/Network-Cameras/Value-Camera/ipc-b129haa-lu-f---sl---srb-/","Lens Type","Fixed focal lens, 2.8 and 4 mm optional"
"hikvision","HiLook","Value Camera","IPC-B129HAA-LU-F---SL---SRB-","IPC-B129HAA-LU(F)(/SL)(/SRB) NEW 2 MP ColorVu 3.0 Fixed Bullet Network Camera","https://www.hikvision.com/en/products/HiLook-IP-Products/Network-Cameras/Value-Camera/ipc-b129haa-lu-f---sl---srb-/","Focal Length & FOV","2.8 mm, horizontal FOV 106°, vertical FOV 56°, diagonal FOV 129°\n4 mm, horizontal FOV 88°, vertical FOV 47°, diagonal FOV 103°"
"hikvision","HiLook","Value Camera","IPC-B129HAA-LU-F---SL---SRB-","IPC-B129HAA-LU(F)(/SL)(/SRB) NEW 2 MP ColorVu 3.0 Fixed Bullet Network Camera","https://www.hikvision.com/en/products/HiLook-IP-Products/Network-Cameras/Value-Camera/ipc-b129haa-lu-f---sl---srb-/","Lens Mount","M12"
"hikvision","HiLook","Value Camera","IPC-B129HAA-LU-F---SL---SRB-","IPC-B129HAA-LU(F)(/SL)(/SRB) NEW 2 MP ColorVu 3.0 Fixed Bullet Network Camera","https://www.hikvision.com/en/products/HiLook-IP-Products/Network-Cameras/Value-Camera/ipc-b129haa-lu-f---sl---srb-/","Iris Type","Fixed"
"hikvision","HiLook","Value Camera","IPC-B129HAA-LU-F---SL---SRB-","IPC-B129HAA-LU(F)(/SL)(/SRB) NEW 2 MP ColorVu 3.0 Fixed Bullet Network Camera","https://www.hikvision.com/en/products/HiLook-IP-Products/Network-Cameras/Value-Camera/ipc-b129haa-lu-f---sl---srb-/","Aperture","F1.0"
"hikvision","HiLook","Value Camera","IPC-B129HAA-LU-F---SL---SRB-","IPC-B129HAA-LU(F)(/SL)(/SRB) NEW 2 MP ColorVu 3.0 Fixed Bullet Network Camera","https://www.hikvision.com/en/products/HiLook-IP-Products/Network-Cameras/Value-Camera/ipc-b129haa-lu-f---sl---srb-/","Depth Of Field","2.8 mm: 1.2 m to ∞\n4 mm: 1.3 m to ∞"
"hikvision","HiLook","Value Camera","IPC-B129HAA-LU-F---SL---SRB-","IPC-B129HAA-LU(F)(/SL)(/SRB) NEW 2 MP ColorVu 3.0 Fixed Bullet Network Camera","https://www.hikvision.com/en/products/HiLook-IP-Products/Network-Cameras/Value-Camera/ipc-b129haa-lu-f---sl---srb-/","DORI","2.8 mm, D: 44 m, O: 17 m, R: 8 m, I: 4 m\n4 mm, D: 53 m, O: 21 m, R: 10 m, I: 5 m"
"hikvision","HiLook","Value Camera","IPC-B129HAA-LU-F---SL---SRB-","IPC-B129HAA-LU(F)(/SL)(/SRB) NEW 2 MP ColorVu 3.0 Fixed Bullet Network Camera","https://www.hikvision.com/en/products/HiLook-IP-Products/Network-Cameras/Value-Camera/ipc-b129haa-lu-f---sl---srb-/","Supplement Light Type","IR,White Light"
"hikvision","HiLook","Value Camera","IPC-B129HAA-LU-F---SL---SRB-","IPC-B129HAA-LU(F)(/SL)(/SRB) NEW 2 MP ColorVu 3.0 Fixed Bullet Network Camera","https://www.hikvision.com/en/products/HiLook-IP-Products/Network-Cameras/Value-Camera/ipc-b129haa-lu-f---sl---srb-/","Supplement Light Range","Up to 30 m"
"hikvision","HiLook","Value Camera","IPC-B129HAA-LU-F---SL---SRB-","IPC-B129HAA-LU(F)(/SL)(/SRB) NEW 2 MP ColorVu 3.0 Fixed Bullet Network Camera","https://www.hikvision.com/en/products/HiLook-IP-Products/Network-Cameras/Value-Camera/ipc-b129haa-lu-f---sl---srb-/","Smart Supplement Light","Yes"
"hikvision","HiLook","Value Camera","IPC-B129HAA-LU-F---SL---SRB-","IPC-B129HAA-LU(F)(/SL)(/SRB) NEW 2 MP ColorVu 3.0 Fixed Bullet Network Camera","https://www.hikvision.com/en/products/HiLook-IP-Products/Network-Cameras/Value-Camera/ipc-b129haa-lu-f---sl---srb-/","IR Wavelength","850 nm"
"hikvision","HiLook","Value Camera","IPC-B129HAA-LU-F---SL---SRB-","IPC-B129HAA-LU(F)(/SL)(/SRB) NEW 2 MP ColorVu 3.0 Fixed Bullet Network Camera","https://www.hikvision.com/en/products/HiLook-IP-Products/Network-Cameras/Value-Camera/ipc-b129haa-lu-f---sl---srb-/","Main Stream","50 Hz: 25 fps (1920 × 1080, 1280 × 720)\n60 Hz: 30 fps (1920 × 1080, 1280 × 720)"
"hikvision","HiLook","Value Camera","IPC-B129HAA-LU-F---SL---SRB-","IPC-B129HAA-LU(F)(/SL)(/SRB) NEW 2 MP ColorVu 3.0 Fixed Bullet Network Camera","https://www.hikvision.com/en/products/HiLook-IP-Products/Network-Cameras/Value-Camera/ipc-b129haa-lu-f---sl---srb-/","Sub-Stream","50 Hz: 25 fps (640 × 480, 640 × 360)\n60 Hz: 30 fps (640 × 480, 640 × 360)"
"hikvision","HiLook","Value Camera","IPC-B129HAA-LU-F---SL---SRB-","IPC-B129HAA-LU(F)(/SL)(/SRB) NEW 2 MP ColorVu 3.0 Fixed Bullet Network Camera","https://www.hikvision.com/en/products/HiLook-IP-Products/Network-Cameras/Value-Camera/ipc-b129haa-lu-f---sl---srb-/","Video Compression","Main stream: H.265+/H.265/H.264+/H.264, Sub-stream: H.265/H.264/MJPEG"
"hikvision","HiLook","Value Camera","IPC-B129HAA-LU-F---SL---SRB-","IPC-B129HAA-LU(F)(/SL)(/SRB) NEW 2 MP ColorVu 3.0 Fixed Bullet Network Camera","https://www.hikvision.com/en/products/HiLook-IP-Products/Network-Cameras/Value-Camera/ipc-b129haa-lu-f---sl---srb-/","Video Bit Rate","32 Kbps to 8 Mbps"
"hikvision","HiLook","Value Camera","IPC-B129HAA-LU-F---SL---SRB-","IPC-B129HAA-LU(F)(/SL)(/SRB) NEW 2 MP ColorVu 3.0 Fixed Bullet Network Camera","https://www.hikvision.com/en/products/HiLook-IP-Products/Network-Cameras/Value-Camera/ipc-b129haa-lu-f---sl---srb-/","H.264 Type","Baseline Profile,Main Profile,High Profile"
"hikvision","HiLook","Value Camera","IPC-B129HAA-LU-F---SL---SRB-","IPC-B129HAA-LU(F)(/SL)(/SRB) NEW 2 MP ColorVu 3.0 Fixed Bullet Network Camera","https://www.hikvision.com/en/products/HiLook-IP-Products/Network-Cameras/Value-Camera/ipc-b129haa-lu-f---sl---srb-/","H.265 Type","Main Profile"
"hikvision","HiLook","Value Camera","IPC-B129HAA-LU-F---SL---SRB-","IPC-B129HAA-LU(F)(/SL)(/SRB) NEW 2 MP ColorVu 3.0 Fixed Bullet Network Camera","https://www.hikvision.com/en/products/HiLook-IP-Products/Network-Cameras/Value-Camera/ipc-b129haa-lu-f---sl---srb-/","Bit Rate Control","CBR,VBR"
"hikvision","HiLook","Value Camera","IPC-B129HAA-LU-F---SL---SRB-","IPC-B129HAA-LU(F)(/SL)(/SRB) NEW 2 MP ColorVu 3.0 Fixed Bullet Network Camera","https://www.hikvision.com/en/products/HiLook-IP-Products/Network-Cameras/Value-Camera/ipc-b129haa-lu-f---sl---srb-/","Scalable Video Coding (SVC)","H.264 and H.265 encoding"
"hikvision","HiLook","Value Camera","IPC-B129HAA-LU-F---SL---SRB-","IPC-B129HAA-LU(F)(/SL)(/SRB) NEW 2 MP ColorVu 3.0 Fixed Bullet Network Camera","https://www.hikvision.com/en/products/HiLook-IP-Products/Network-Cameras/Value-Camera/ipc-b129haa-lu-f---sl---srb-/","Region Of Interest (ROI)","1 fixed region for main stream and sub-stream"
"hikvision","HiLook","Value Camera","IPC-B129HAA-LU-F---SL---SRB-","IPC-B129HAA-LU(F)(/SL)(/SRB) NEW 2 MP ColorVu 3.0 Fixed Bullet Network Camera","https://www.hikvision.com/en/products/HiLook-IP-Products/Network-Cameras/Value-Camera/ipc-b129haa-lu-f---sl---srb-/","Audio Type","Mono sound"
"hikvision","HiLook","Value Camera","IPC-B129HAA-LU-F---SL---SRB-","IPC-B129HAA-LU(F)(/SL)(/SRB) NEW 2 MP ColorVu 3.0 Fixed Bullet Network Camera","https://www.hikvision.com/en/products/HiLook-IP-Products/Network-Cameras/Value-Camera/ipc-b129haa-lu-f---sl---srb-/","Audio Compression","G.711ulaw/G.711alaw/G.722.1/G.726/MP2L2/PCM/AAC-LC/MP3"
"hikvision","HiLook","Value Camera","IPC-B129HAA-LU-F---SL---SRB-","IPC-B129HAA-LU(F)(/SL)(/SRB) NEW 2 MP ColorVu 3.0 Fixed Bullet Network Camera","https://www.hikvision.com/en/products/HiLook-IP-Products/Network-Cameras/Value-Camera/ipc-b129haa-lu-f---sl---srb-/","Audio Bit Rate","64 Kbps (G.711)/16 Kbps (G.722.1)/16 Kbps (G.726)/32 to 160 Kbps (MP2L2)/16 to 64 Kbps (AAC-LC)/8 to 160 Kbps(MP3)"
"hikvision","HiLook","Value Camera","IPC-B129HAA-LU-F---SL---SRB-","IPC-B129HAA-LU(F)(/SL)(/SRB) NEW 2 MP ColorVu 3.0 Fixed Bullet Network Camera","https://www.hikvision.com/en/products/HiLook-IP-Products/Network-Cameras/Value-Camera/ipc-b129haa-lu-f---sl---srb-/","Audio Sampling Rate","8 kHz/16 kHz"
"hikvision","HiLook","Value Camera","IPC-B129HAA-LU-F---SL---SRB-","IPC-B129HAA-LU(F)(/SL)(/SRB) NEW 2 MP ColorVu 3.0 Fixed Bullet Network Camera","https://www.hikvision.com/en/products/HiLook-IP-Products/Network-Cameras/Value-Camera/ipc-b129haa-lu-f---sl---srb-/","Environment Noise Filtering","Yes"
"hikvision","HiLook","Value Camera","IPC-B129HAA-LU-F---SL---SRB-","IPC-B129HAA-LU(F)(/SL)(/SRB) NEW 2 MP ColorVu 3.0 Fixed Bullet Network Camera","https://www.hikvision.com/en/products/HiLook-IP-Products/Network-Cameras/Value-Camera/ipc-b129haa-lu-f---sl---srb-/","Protocols","TCP/IP, ICMP, DHCP, DNS, HTTP, RTP, RTSP, RTCP, NTP, IPv4, IPv6, IGMP, UDP, QoS, FTP, SMTP"
"hikvision","HiLook","Value Camera","IPC-B129HAA-LU-F---SL---SRB-","IPC-B129HAA-LU(F)(/SL)(/SRB) NEW 2 MP ColorVu 3.0 Fixed Bullet Network Camera","https://www.hikvision.com/en/products/HiLook-IP-Products/Network-Cameras/Value-Camera/ipc-b129haa-lu-f---sl---srb-/","Simultaneous Live View","Up to 6 channels"
"hikvision","HiLook","Value Camera","IPC-B129HAA-LU-F---SL---SRB-","IPC-B129HAA-LU(F)(/SL)(/SRB) NEW 2 MP ColorVu 3.0 Fixed Bullet Network Camera","https://www.hikvision.com/en/products/HiLook-IP-Products/Network-Cameras/Value-Camera/ipc-b129haa-lu-f---sl---srb-/","API","ONVIF (Profile S, Profile G),ISAPI,SDK"
"hikvision","HiLook","Value Camera","IPC-B129HAA-LU-F---SL---SRB-","IPC-B129HAA-LU(F)(/SL)(/SRB) NEW 2 MP ColorVu 3.0 Fixed Bullet Network Camera","https://www.hikvision.com/en/products/HiLook-IP-Products/Network-Cameras/Value-Camera/ipc-b129haa-lu-f---sl---srb-/","User/Host","Up to 32 users\n3 user levels: administrator, operator, and user"
"hikvision","HiLook","Value Camera","IPC-B129HAA-LU-F---SL---SRB-","IPC-B129HAA-LU(F)(/SL)(/SRB) NEW 2 MP ColorVu 3.0 Fixed Bullet Network Camera","https://www.hikvision.com/en/products/HiLook-IP-Products/Network-Cameras/Value-Camera/ipc-b129haa-lu-f---sl---srb-/","Security","Password protection, complicated password, watermark, basic and digest authentication for HTTP, WSSE and digest authentication for Open Network Video Interface, security audit log, host authentication (MAC address)"
"hikvision","HiLook","Value Camera","IPC-B129HAA-LU-F---SL---SRB-","IPC-B129HAA-LU(F)(/SL)(/SRB) NEW 2 MP ColorVu 3.0 Fixed Bullet Network Camera","https://www.hikvision.com/en/products/HiLook-IP-Products/Network-Cameras/Value-Camera/ipc-b129haa-lu-f---sl---srb-/","Client","iVMS-4200,HiLookVision"
"hikvision","HiLook","Value Camera","IPC-B129HAA-LU-F---SL---SRB-","IPC-B129HAA-LU(F)(/SL)(/SRB) NEW 2 MP ColorVu 3.0 Fixed Bullet Network Camera","https://www.hikvision.com/en/products/HiLook-IP-Products/Network-Cameras/Value-Camera/ipc-b129haa-lu-f---sl---srb-/","Web Browser","Plug-in required live view: Chrome 80+, Firefox 80+, Edge 89+, Safari 13+"
"hikvision","HiLook","Value Camera","IPC-B129HAA-LU-F---SL---SRB-","IPC-B129HAA-LU(F)(/SL)(/SRB) NEW 2 MP ColorVu 3.0 Fixed Bullet Network Camera","https://www.hikvision.com/en/products/HiLook-IP-Products/Network-Cameras/Value-Camera/ipc-b129haa-lu-f---sl---srb-/","Image Settings","Rotate mode,saturation,brightness,contrast,sharpness,gain,white balance,adjustable by client software or web browser"
"hikvision","HiLook","Value Camera","IPC-B129HAA-LU-F---SL---SRB-","IPC-B129HAA-LU(F)(/SL)(/SRB) NEW 2 MP ColorVu 3.0 Fixed Bullet Network Camera","https://www.hikvision.com/en/products/HiLook-IP-Products/Network-Cameras/Value-Camera/ipc-b129haa-lu-f---sl---srb-/","Day/Night Switch","Day,Night,Auto,Schedule"
"hikvision","HiLook","Value Camera","IPC-B129HAA-LU-F---SL---SRB-","IPC-B129HAA-LU(F)(/SL)(/SRB) NEW 2 MP ColorVu 3.0 Fixed Bullet Network Camera","https://www.hikvision.com/en/products/HiLook-IP-Products/Network-Cameras/Value-Camera/ipc-b129haa-lu-f---sl---srb-/","Wide Dynamic Range (WDR)","120 dB"
"hikvision","HiLook","Value Camera","IPC-B129HAA-LU-F---SL---SRB-","IPC-B129HAA-LU(F)(/SL)(/SRB) NEW 2 MP ColorVu 3.0 Fixed Bullet Network Camera","https://www.hikvision.com/en/products/HiLook-IP-Products/Network-Cameras/Value-Camera/ipc-b129haa-lu-f---sl---srb-/","SNR","≥ 52 dB"
"hikvision","HiLook","Value Camera","IPC-B129HAA-LU-F---SL---SRB-","IPC-B129HAA-LU(F)(/SL)(/SRB) NEW 2 MP ColorVu 3.0 Fixed Bullet Network Camera","https://www.hikvision.com/en/products/HiLook-IP-Products/Network-Cameras/Value-Camera/ipc-b129haa-lu-f---sl---srb-/","Image Enhancement","BLC,HLC,3D DNR"
"hikvision","HiLook","Value Camera","IPC-B129HAA-LU-F---SL---SRB-","IPC-B129HAA-LU(F)(/SL)(/SRB) NEW 2 MP ColorVu 3.0 Fixed Bullet Network Camera","https://www.hikvision.com/en/products/HiLook-IP-Products/Network-Cameras/Value-Camera/ipc-b129haa-lu-f---sl---srb-/","Privacy Mask","4 programmable rectangular privacy masks"
"hikvision","HiLook","Value Camera","IPC-B129HAA-LU-F---SL---SRB-","IPC-B129HAA-LU(F)(/SL)(/SRB) NEW 2 MP ColorVu 3.0 Fixed Bullet Network Camera","https://www.hikvision.com/en/products/HiLook-IP-Products/Network-Cameras/Value-Camera/ipc-b129haa-lu-f---sl---srb-/","Ethernet Interface","1 RJ45 10 M/100 M self-adaptive Ethernet port"
"hikvision","HiLook","Value Camera","IPC-B129HAA-LU-F---SL---SRB-","IPC-B129HAA-LU(F)(/SL)(/SRB) NEW 2 MP ColorVu 3.0 Fixed Bullet Network Camera","https://www.hikvision.com/en/products/HiLook-IP-Products/Network-Cameras/Value-Camera/ipc-b129haa-lu-f---sl---srb-/","On-Board Storage","-LU：NA\n-LUF/S(L)(RB)：Built-in memory card slot, support microSD/microSDHC/microSDXC card, up to 512 GB"
"hikvision","HiLook","Value Camera","IPC-B129HAA-LU-F---SL---SRB-","IPC-B129HAA-LU(F)(/SL)(/SRB) NEW 2 MP ColorVu 3.0 Fixed Bullet Network Camera","https://www.hikvision.com/en/products/HiLook-IP-Products/Network-Cameras/Value-Camera/ipc-b129haa-lu-f---sl---srb-/","Built-In Microphone","Yes,1 built-in microphone"
"hikvision","HiLook","Value Camera","IPC-B129HAA-LU-F---SL---SRB-","IPC-B129HAA-LU(F)(/SL)(/SRB) NEW 2 MP ColorVu 3.0 Fixed Bullet Network Camera","https://www.hikvision.com/en/products/HiLook-IP-Products/Network-Cameras/Value-Camera/ipc-b129haa-lu-f---sl---srb-/","Built-In Speaker","-LU: NA\n-LUF/S(L)(RB): Max. power consumption: 1.5 W, max. sound pressure level: 10 cm: 98 dB"
"hikvision","HiLook","Value Camera","IPC-B129HAA-LU-F---SL---SRB-","IPC-B129HAA-LU(F)(/SL)(/SRB) NEW 2 MP ColorVu 3.0 Fixed Bullet Network Camera","https://www.hikvision.com/en/products/HiLook-IP-Products/Network-Cameras/Value-Camera/ipc-b129haa-lu-f---sl---srb-/","Audio","NA"
"hikvision","HiLook","Value Camera","IPC-B129HAA-LU-F---SL---SRB-","IPC-B129HAA-LU(F)(/SL)(/SRB) NEW 2 MP ColorVu 3.0 Fixed Bullet Network Camera","https://www.hikvision.com/en/products/HiLook-IP-Products/Network-Cameras/Value-Camera/ipc-b129haa-lu-f---sl---srb-/","Alarm","NA"
"hikvision","HiLook","Value Camera","IPC-B129HAA-LU-F---SL---SRB-","IPC-B129HAA-LU(F)(/SL)(/SRB) NEW 2 MP ColorVu 3.0 Fixed Bullet Network Camera","https://www.hikvision.com/en/products/HiLook-IP-Products/Network-Cameras/Value-Camera/ipc-b129haa-lu-f---sl---srb-/","Reset Key","-LU：NA\n-LUF/S(L)(RB)：YES"
"hikvision","HiLook","Value Camera","IPC-B129HAA-LU-F---SL---SRB-","IPC-B129HAA-LU(F)(/SL)(/SRB) NEW 2 MP ColorVu 3.0 Fixed Bullet Network Camera","https://www.hikvision.com/en/products/HiLook-IP-Products/Network-Cameras/Value-Camera/ipc-b129haa-lu-f---sl---srb-/","Basic Event","Motion detection (support alarm triggering by specified target types (person and vehicle)), video tampering alarm, exception"
"hikvision","HiLook","Value Camera","IPC-B129HAA-LU-F---SL---SRB-","IPC-B129HAA-LU(F)(/SL)(/SRB) NEW 2 MP ColorVu 3.0 Fixed Bullet Network Camera","https://www.hikvision.com/en/products/HiLook-IP-Products/Network-Cameras/Value-Camera/ipc-b129haa-lu-f---sl---srb-/","Linkage","notify surveillance center,send email,trigger capture, -F: trigger recording"
"hikvision","HiLook","Value Camera","IPC-B129HAA-LU-F---SL---SRB-","IPC-B129HAA-LU(F)(/SL)(/SRB) NEW 2 MP ColorVu 3.0 Fixed Bullet Network Camera","https://www.hikvision.com/en/products/HiLook-IP-Products/Network-Cameras/Value-Camera/ipc-b129haa-lu-f---sl---srb-/","Power","-LU: 12 VDC ± 25%, 0.55 A, max. 6.6 W, Ø5.5 mm coaxial power plug, reverse polarity protection, PoE: IEEE 802.3af, Class 3, max. 8 W,\n-LUF/S(L)(RB): 12 VDC ± 25%, 0.72 A, max. 8.9 W, Ø5.5 mm coaxial power plug, reverse polarity protection, PoE: IEEE 802.3af, Class 3, max. 10.5 W"
"hikvision","HiLook","Value Camera","IPC-B129HAA-LU-F---SL---SRB-","IPC-B129HAA-LU(F)(/SL)(/SRB) NEW 2 MP ColorVu 3.0 Fixed Bullet Network Camera","https://www.hikvision.com/en/products/HiLook-IP-Products/Network-Cameras/Value-Camera/ipc-b129haa-lu-f---sl---srb-/","Material","Front cover: metal, body: plastic, bracket: plastic"
"hikvision","HiLook","Value Camera","IPC-B129HAA-LU-F---SL---SRB-","IPC-B129HAA-LU(F)(/SL)(/SRB) NEW 2 MP ColorVu 3.0 Fixed Bullet Network Camera","https://www.hikvision.com/en/products/HiLook-IP-Products/Network-Cameras/Value-Camera/ipc-b129haa-lu-f---sl---srb-/","Dimension","-LU: 69.1 mm × 66.9 mm × 172.9 mm (2.7\" × 2.6\\\" × 6.8\\\")\n-LUF/S(L)(RB): 69.1 mm × 67.4 mm × 179 mm (2.7 × 2.7\\\" × 7.1\\\")\""
"hikvision","HiLook","Value Camera","IPC-B129HAA-LU-F---SL---SRB-","IPC-B129HAA-LU(F)(/SL)(/SRB) NEW 2 MP ColorVu 3.0 Fixed Bullet Network Camera","https://www.hikvision.com/en/products/HiLook-IP-Products/Network-Cameras/Value-Camera/ipc-b129haa-lu-f---sl---srb-/","Package Dimension","216 mm × 121 mm × 118 mm (8.5\" × 4.8\" × 4.7\")"
"hikvision","HiLook","Value Camera","IPC-B129HAA-LU-F---SL---SRB-","IPC-B129HAA-LU(F)(/SL)(/SRB) NEW 2 MP ColorVu 3.0 Fixed Bullet Network Camera","https://www.hikvision.com/en/products/HiLook-IP-Products/Network-Cameras/Value-Camera/ipc-b129haa-lu-f---sl---srb-/","With Package Weight","-LU: Approx. 445 g (0.98 lb.)\n-LUF/SL: Approx. 480 g (1.06 lb.)\n-LUF/SRB: Approx. 480 g (1.06 lb.)"
"hikvision","HiLook","Value Camera","IPC-B129HAA-LU-F---SL---SRB-","IPC-B129HAA-LU(F)(/SL)(/SRB) NEW 2 MP ColorVu 3.0 Fixed Bullet Network Camera","https://www.hikvision.com/en/products/HiLook-IP-Products/Network-Cameras/Value-Camera/ipc-b129haa-lu-f---sl---srb-/","Storage Conditions","-30 °C to 60 °C (-22 °F to 140 °F). Humidity 95% or less (non-condensing)"
"hikvision","HiLook","Value Camera","IPC-B129HAA-LU-F---SL---SRB-","IPC-B129HAA-LU(F)(/SL)(/SRB) NEW 2 MP ColorVu 3.0 Fixed Bullet Network Camera","https://www.hikvision.com/en/products/HiLook-IP-Products/Network-Cameras/Value-Camera/ipc-b129haa-lu-f---sl---srb-/","Startup And Operating Conditions","-30 °C to 60 °C (-22 °F to 140 °F). Humidity 95% or less (non-condensing)"
"hikvision","HiLook","Value Camera","IPC-B129HAA-LU-F---SL---SRB-","IPC-B129HAA-LU(F)(/SL)(/SRB) NEW 2 MP ColorVu 3.0 Fixed Bullet Network Camera","https://www.hikvision.com/en/products/HiLook-IP-Products/Network-Cameras/Value-Camera/ipc-b129haa-lu-f---sl---srb-/","Language","English, Russian, Ukrainian, Arabic, Spanish, French, Portuguese, Turkish, Polish, German"
"hikvision","HiLook","Value Camera","IPC-B129HAA-LU-F---SL---SRB-","IPC-B129HAA-LU(F)(/SL)(/SRB) NEW 2 MP ColorVu 3.0 Fixed Bullet Network Camera","https://www.hikvision.com/en/products/HiLook-IP-Products/Network-Cameras/Value-Camera/ipc-b129haa-lu-f---sl---srb-/","General Function","Heartbeat,mirror,flash log,password reset via email,password protection,anti-banding"
"hikvision","HiLook","Value Camera","IPC-B129HAA-LU-F---SL---SRB-","IPC-B129HAA-LU(F)(/SL)(/SRB) NEW 2 MP ColorVu 3.0 Fixed Bullet Network Camera","https://www.hikvision.com/en/products/HiLook-IP-Products/Network-Cameras/Value-Camera/ipc-b129haa-lu-f---sl---srb-/","Flashing Light","-LU：NA\n-LUF/SL：White Light\n-LUF/SRB：Red and Blue Light"
"hikvision","HiLook","Value Camera","IPC-B129HAA-LU-F---SL---SRB-","IPC-B129HAA-LU(F)(/SL)(/SRB) NEW 2 MP ColorVu 3.0 Fixed Bullet Network Camera","https://www.hikvision.com/en/products/HiLook-IP-Products/Network-Cameras/Value-Camera/ipc-b129haa-lu-f---sl---srb-/","EMC","CE-EMC: EN 55032:2015+A1:2020, EN 50130-4:2011+A1:2014, EN IEC 61000-3-2:2019+A1:2021, EN 61000-3-3:2013+A1:2019+A2:2021"
"hikvision","HiLook","Value Camera","IPC-B129HAA-LU-F---SL---SRB-","IPC-B129HAA-LU(F)(/SL)(/SRB) NEW 2 MP ColorVu 3.0 Fixed Bullet Network Camera","https://www.hikvision.com/en/products/HiLook-IP-Products/Network-Cameras/Value-Camera/ipc-b129haa-lu-f---sl---srb-/","Safety","CB: IEC 62368-1: 2014+A11"
"hikvision","HiLook","Value Camera","IPC-B129HAA-LU-F---SL---SRB-","IPC-B129HAA-LU(F)(/SL)(/SRB) NEW 2 MP ColorVu 3.0 Fixed Bullet Network Camera","https://www.hikvision.com/en/products/HiLook-IP-Products/Network-Cameras/Value-Camera/ipc-b129haa-lu-f---sl---srb-/","Environment","CE-RoHS: 2011/65/EU,\nWEEE: 2012/19/EU,\nReach: Regulation (EC) No 1907/2006"
"hikvision","HiLook","Value Camera","IPC-B129HAA-LU-F---SL---SRB-","IPC-B129HAA-LU(F)(/SL)(/SRB) NEW 2 MP ColorVu 3.0 Fixed Bullet Network Camera","https://www.hikvision.com/en/products/HiLook-IP-Products/Network-Cameras/Value-Camera/ipc-b129haa-lu-f---sl---srb-/","Protection","IP67: IEC 60529-2013"
"hikvision","HiLook","Value Camera","IPC-B140HA-LUF-SL","IPC-B140HA-LUF/SL 4 MP Smart Hybrid Light MD 2.0 Fixed Bullet Network Camera","https://www.hikvision.com/en/products/HiLook-IP-Products/Network-Cameras/Value-Camera/ipc-b140ha-luf-sl/","Image Sensor","1/3\" Progressive Scan CMOS"
"hikvision","HiLook","Value Camera","IPC-B140HA-LUF-SL","IPC-B140HA-LUF/SL 4 MP Smart Hybrid Light MD 2.0 Fixed Bullet Network Camera","https://www.hikvision.com/en/products/HiLook-IP-Products/Network-Cameras/Value-Camera/ipc-b140ha-luf-sl/","Max. Resolution","2560 × 1440"
"hikvision","HiLook","Value Camera","IPC-B140HA-LUF-SL","IPC-B140HA-LUF/SL 4 MP Smart Hybrid Light MD 2.0 Fixed Bullet Network Camera","https://www.hikvision.com/en/products/HiLook-IP-Products/Network-Cameras/Value-Camera/ipc-b140ha-luf-sl/","Min. Illumination","Color: 0.005 Lux @ (F1.6, AGC ON),B/W: 0 Lux with IR"
"hikvision","HiLook","Value Camera","IPC-B140HA-LUF-SL","IPC-B140HA-LUF/SL 4 MP Smart Hybrid Light MD 2.0 Fixed Bullet Network Camera","https://www.hikvision.com/en/products/HiLook-IP-Products/Network-Cameras/Value-Camera/ipc-b140ha-luf-sl/","Shutter Time","1/3 s to 1/100,000 s"
"hikvision","HiLook","Value Camera","IPC-B140HA-LUF-SL","IPC-B140HA-LUF/SL 4 MP Smart Hybrid Light MD 2.0 Fixed Bullet Network Camera","https://www.hikvision.com/en/products/HiLook-IP-Products/Network-Cameras/Value-Camera/ipc-b140ha-luf-sl/","Day & Night","IR cut filter"
"hikvision","HiLook","Value Camera","IPC-B140HA-LUF-SL","IPC-B140HA-LUF/SL 4 MP Smart Hybrid Light MD 2.0 Fixed Bullet Network Camera","https://www.hikvision.com/en/products/HiLook-IP-Products/Network-Cameras/Value-Camera/ipc-b140ha-luf-sl/","Angle Adjustment","Pan: 0° to 360°,tilt: 0° to 90°,rotate: 0° to 360°"
"hikvision","HiLook","Value Camera","IPC-B140HA-LUF-SL","IPC-B140HA-LUF/SL 4 MP Smart Hybrid Light MD 2.0 Fixed Bullet Network Camera","https://www.hikvision.com/en/products/HiLook-IP-Products/Network-Cameras/Value-Camera/ipc-b140ha-luf-sl/","Lens Type","Fixed focal lens, 2.8 and 4 mm optional"
"hikvision","HiLook","Value Camera","IPC-B140HA-LUF-SL","IPC-B140HA-LUF/SL 4 MP Smart Hybrid Light MD 2.0 Fixed Bullet Network Camera","https://www.hikvision.com/en/products/HiLook-IP-Products/Network-Cameras/Value-Camera/ipc-b140ha-luf-sl/","Focal Length & FOV","2.8 mm, horizontal FOV 98°, vertical FOV 54°, diagonal FOV 114°\n4 mm, horizontal FOV 78°, vertical FOV 42°, diagonal FOV 93°"
"hikvision","HiLook","Value Camera","IPC-B140HA-LUF-SL","IPC-B140HA-LUF/SL 4 MP Smart Hybrid Light MD 2.0 Fixed Bullet Network Camera","https://www.hikvision.com/en/products/HiLook-IP-Products/Network-Cameras/Value-Camera/ipc-b140ha-luf-sl/","Lens Mount","M12"
"hikvision","HiLook","Value Camera","IPC-B140HA-LUF-SL","IPC-B140HA-LUF/SL 4 MP Smart Hybrid Light MD 2.0 Fixed Bullet Network Camera","https://www.hikvision.com/en/products/HiLook-IP-Products/Network-Cameras/Value-Camera/ipc-b140ha-luf-sl/","Iris Type","Fixed"
"hikvision","HiLook","Value Camera","IPC-B140HA-LUF-SL","IPC-B140HA-LUF/SL 4 MP Smart Hybrid Light MD 2.0 Fixed Bullet Network Camera","https://www.hikvision.com/en/products/HiLook-IP-Products/Network-Cameras/Value-Camera/ipc-b140ha-luf-sl/","Aperture","F1.6"
"hikvision","HiLook","Value Camera","IPC-B140HA-LUF-SL","IPC-B140HA-LUF/SL 4 MP Smart Hybrid Light MD 2.0 Fixed Bullet Network Camera","https://www.hikvision.com/en/products/HiLook-IP-Products/Network-Cameras/Value-Camera/ipc-b140ha-luf-sl/","DORI","2.8 mm, D: 63 m, O: 25 m, R: 12 m, I: 6 m\n4 mm, D: 78 m, O: 31 m, R: 15 m, I: 7 m"
"hikvision","HiLook","Value Camera","IPC-B140HA-LUF-SL","IPC-B140HA-LUF/SL 4 MP Smart Hybrid Light MD 2.0 Fixed Bullet Network Camera","https://www.hikvision.com/en/products/HiLook-IP-Products/Network-Cameras/Value-Camera/ipc-b140ha-luf-sl/","Supplement Light Type","IR,White Light"
"hikvision","HiLook","Value Camera","IPC-B140HA-LUF-SL","IPC-B140HA-LUF/SL 4 MP Smart Hybrid Light MD 2.0 Fixed Bullet Network Camera","https://www.hikvision.com/en/products/HiLook-IP-Products/Network-Cameras/Value-Camera/ipc-b140ha-luf-sl/","Supplement Light Range","Up to 30 m"
"hikvision","HiLook","Value Camera","IPC-B140HA-LUF-SL","IPC-B140HA-LUF/SL 4 MP Smart Hybrid Light MD 2.0 Fixed Bullet Network Camera","https://www.hikvision.com/en/products/HiLook-IP-Products/Network-Cameras/Value-Camera/ipc-b140ha-luf-sl/","Smart Supplement Light","Yes"
"hikvision","HiLook","Value Camera","IPC-B140HA-LUF-SL","IPC-B140HA-LUF/SL 4 MP Smart Hybrid Light MD 2.0 Fixed Bullet Network Camera","https://www.hikvision.com/en/products/HiLook-IP-Products/Network-Cameras/Value-Camera/ipc-b140ha-luf-sl/","IR Wavelength","850 nm"
"hikvision","HiLook","Value Camera","IPC-B140HA-LUF-SL","IPC-B140HA-LUF/SL 4 MP Smart Hybrid Light MD 2.0 Fixed Bullet Network Camera","https://www.hikvision.com/en/products/HiLook-IP-Products/Network-Cameras/Value-Camera/ipc-b140ha-luf-sl/","Main Stream","50 Hz:\n20 fps (2560 × 1440)\n25 fps (1920 × 1080, 1280 × 720)\n60 Hz:\n20 fps (2560 × 1440)\n24 fps (1920 × 1080, 1280 × 720)"
"hikvision","HiLook","Value Camera","IPC-B140HA-LUF-SL","IPC-B140HA-LUF/SL 4 MP Smart Hybrid Light MD 2.0 Fixed Bullet Network Camera","https://www.hikvision.com/en/products/HiLook-IP-Products/Network-Cameras/Value-Camera/ipc-b140ha-luf-sl/","Sub-Stream","50 Hz: 25 fps (1280 × 720, 640 × 480, 640 × 360)\n60 Hz: 24 fps (1280 × 720, 640 × 480, 640 × 360)"
"hikvision","HiLook","Value Camera","IPC-B140HA-LUF-SL","IPC-B140HA-LUF/SL 4 MP Smart Hybrid Light MD 2.0 Fixed Bullet Network Camera","https://www.hikvision.com/en/products/HiLook-IP-Products/Network-Cameras/Value-Camera/ipc-b140ha-luf-sl/","Video Compression","Main stream: H.265+/H.265/H.264+/H.264,\nSub-stream: H.265/H.264/MJPEG"
"hikvision","HiLook","Value Camera","IPC-B140HA-LUF-SL","IPC-B140HA-LUF/SL 4 MP Smart Hybrid Light MD 2.0 Fixed Bullet Network Camera","https://www.hikvision.com/en/products/HiLook-IP-Products/Network-Cameras/Value-Camera/ipc-b140ha-luf-sl/","Video Bit Rate","32 Kbps to 8 Mbps"
"hikvision","HiLook","Value Camera","IPC-B140HA-LUF-SL","IPC-B140HA-LUF/SL 4 MP Smart Hybrid Light MD 2.0 Fixed Bullet Network Camera","https://www.hikvision.com/en/products/HiLook-IP-Products/Network-Cameras/Value-Camera/ipc-b140ha-luf-sl/","H.264 Type","Baseline Profile,Main Profile,High Profile"
"hikvision","HiLook","Value Camera","IPC-B140HA-LUF-SL","IPC-B140HA-LUF/SL 4 MP Smart Hybrid Light MD 2.0 Fixed Bullet Network Camera","https://www.hikvision.com/en/products/HiLook-IP-Products/Network-Cameras/Value-Camera/ipc-b140ha-luf-sl/","H.265 Type","Main Profile"
"hikvision","HiLook","Value Camera","IPC-B140HA-LUF-SL","IPC-B140HA-LUF/SL 4 MP Smart Hybrid Light MD 2.0 Fixed Bullet Network Camera","https://www.hikvision.com/en/products/HiLook-IP-Products/Network-Cameras/Value-Camera/ipc-b140ha-luf-sl/","Bit Rate Control","CBR,VBR"
"hikvision","HiLook","Value Camera","IPC-B140HA-LUF-SL","IPC-B140HA-LUF/SL 4 MP Smart Hybrid Light MD 2.0 Fixed Bullet Network Camera","https://www.hikvision.com/en/products/HiLook-IP-Products/Network-Cameras/Value-Camera/ipc-b140ha-luf-sl/","Region Of Interest (ROI)","1 fixed region for main stream"
"hikvision","HiLook","Value Camera","IPC-B140HA-LUF-SL","IPC-B140HA-LUF/SL 4 MP Smart Hybrid Light MD 2.0 Fixed Bullet Network Camera","https://www.hikvision.com/en/products/HiLook-IP-Products/Network-Cameras/Value-Camera/ipc-b140ha-luf-sl/","Scalable Video Coding (SVC)","H.264 and H.265 encoding"
"hikvision","HiLook","Value Camera","IPC-B140HA-LUF-SL","IPC-B140HA-LUF/SL 4 MP Smart Hybrid Light MD 2.0 Fixed Bullet Network Camera","https://www.hikvision.com/en/products/HiLook-IP-Products/Network-Cameras/Value-Camera/ipc-b140ha-luf-sl/","Audio Type","Mono sound"
"hikvision","HiLook","Value Camera","IPC-B140HA-LUF-SL","IPC-B140HA-LUF/SL 4 MP Smart Hybrid Light MD 2.0 Fixed Bullet Network Camera","https://www.hikvision.com/en/products/HiLook-IP-Products/Network-Cameras/Value-Camera/ipc-b140ha-luf-sl/","Audio Sampling Rate","8 kHz/16 kHz"
"hikvision","HiLook","Value Camera","IPC-B140HA-LUF-SL","IPC-B140HA-LUF/SL 4 MP Smart Hybrid Light MD 2.0 Fixed Bullet Network Camera","https://www.hikvision.com/en/products/HiLook-IP-Products/Network-Cameras/Value-Camera/ipc-b140ha-luf-sl/","Environment Noise Filtering","Yes"
"hikvision","HiLook","Value Camera","IPC-B140HA-LUF-SL","IPC-B140HA-LUF/SL 4 MP Smart Hybrid Light MD 2.0 Fixed Bullet Network Camera","https://www.hikvision.com/en/products/HiLook-IP-Products/Network-Cameras/Value-Camera/ipc-b140ha-luf-sl/","Audio Compression","G.711/G.722.1/G.726/MP2L2/PCM/AAC-LC"
"hikvision","HiLook","Value Camera","IPC-B140HA-LUF-SL","IPC-B140HA-LUF/SL 4 MP Smart Hybrid Light MD 2.0 Fixed Bullet Network Camera","https://www.hikvision.com/en/products/HiLook-IP-Products/Network-Cameras/Value-Camera/ipc-b140ha-luf-sl/","Audio Bit Rate","64 Kbps (G.711ulaw/G.711alaw)/16 Kbps (G.722.1)/16 Kbps (G.726)/32 to 160 Kbps (MP2L2)/16 to 64 Kbps (AAC-LC)"
"hikvision","HiLook","Value Camera","IPC-B140HA-LUF-SL","IPC-B140HA-LUF/SL 4 MP Smart Hybrid Light MD 2.0 Fixed Bullet Network Camera","https://www.hikvision.com/en/products/HiLook-IP-Products/Network-Cameras/Value-Camera/ipc-b140ha-luf-sl/","Security","Password protection, complicated password, watermark, basic and digest authentication for HTTP, WSSE and digest authentication for Open Network Video Interface, security audit log, host authentication (MAC address)"
"hikvision","HiLook","Value Camera","IPC-B140HA-LUF-SL","IPC-B140HA-LUF/SL 4 MP Smart Hybrid Light MD 2.0 Fixed Bullet Network Camera","https://www.hikvision.com/en/products/HiLook-IP-Products/Network-Cameras/Value-Camera/ipc-b140ha-luf-sl/","Simultaneous Live View","Up to 6 channels"
"hikvision","HiLook","Value Camera","IPC-B140HA-LUF-SL","IPC-B140HA-LUF/SL 4 MP Smart Hybrid Light MD 2.0 Fixed Bullet Network Camera","https://www.hikvision.com/en/products/HiLook-IP-Products/Network-Cameras/Value-Camera/ipc-b140ha-luf-sl/","API","Open Network Video Interface (Profile S, Profile T, Profile G),ISAPI,SDK"
"hikvision","HiLook","Value Camera","IPC-B140HA-LUF-SL","IPC-B140HA-LUF/SL 4 MP Smart Hybrid Light MD 2.0 Fixed Bullet Network Camera","https://www.hikvision.com/en/products/HiLook-IP-Products/Network-Cameras/Value-Camera/ipc-b140ha-luf-sl/","Protocols","TCP/IP, ICMP, DHCP, DNS, HTTP, RTP, RTSP, NTP, IGMP, IPv6, UDP, QoS, FTP, SMTP"
"hikvision","HiLook","Value Camera","IPC-B140HA-LUF-SL","IPC-B140HA-LUF/SL 4 MP Smart Hybrid Light MD 2.0 Fixed Bullet Network Camera","https://www.hikvision.com/en/products/HiLook-IP-Products/Network-Cameras/Value-Camera/ipc-b140ha-luf-sl/","User/Host","Up to 32 users\n3 user levels: administrator, operator, and user"
"hikvision","HiLook","Value Camera","IPC-B140HA-LUF-SL","IPC-B140HA-LUF/SL 4 MP Smart Hybrid Light MD 2.0 Fixed Bullet Network Camera","https://www.hikvision.com/en/products/HiLook-IP-Products/Network-Cameras/Value-Camera/ipc-b140ha-luf-sl/","Client","iVMS-4200,HiLookVision"
"hikvision","HiLook","Value Camera","IPC-B140HA-LUF-SL","IPC-B140HA-LUF/SL 4 MP Smart Hybrid Light MD 2.0 Fixed Bullet Network Camera","https://www.hikvision.com/en/products/HiLook-IP-Products/Network-Cameras/Value-Camera/ipc-b140ha-luf-sl/","Web Browser","Plug-in required live view: IE 10, IE 11,\nLocal service: Chrome 57.0+, Firefox 52.0+, Edge 89+"
"hikvision","HiLook","Value Camera","IPC-B140HA-LUF-SL","IPC-B140HA-LUF/SL 4 MP Smart Hybrid Light MD 2.0 Fixed Bullet Network Camera","https://www.hikvision.com/en/products/HiLook-IP-Products/Network-Cameras/Value-Camera/ipc-b140ha-luf-sl/","Wide Dynamic Range (WDR)","120 dB"
"hikvision","HiLook","Value Camera","IPC-B140HA-LUF-SL","IPC-B140HA-LUF/SL 4 MP Smart Hybrid Light MD 2.0 Fixed Bullet Network Camera","https://www.hikvision.com/en/products/HiLook-IP-Products/Network-Cameras/Value-Camera/ipc-b140ha-luf-sl/","SNR","≥ 52 dB"
"hikvision","HiLook","Value Camera","IPC-B140HA-LUF-SL","IPC-B140HA-LUF/SL 4 MP Smart Hybrid Light MD 2.0 Fixed Bullet Network Camera","https://www.hikvision.com/en/products/HiLook-IP-Products/Network-Cameras/Value-Camera/ipc-b140ha-luf-sl/","Day/Night Switch","Day,Night,Auto,Schedule"
"hikvision","HiLook","Value Camera","IPC-B140HA-LUF-SL","IPC-B140HA-LUF/SL 4 MP Smart Hybrid Light MD 2.0 Fixed Bullet Network Camera","https://www.hikvision.com/en/products/HiLook-IP-Products/Network-Cameras/Value-Camera/ipc-b140ha-luf-sl/","Image Enhancement","BLC,HLC,3D DNR"
"hikvision","HiLook","Value Camera","IPC-B140HA-LUF-SL","IPC-B140HA-LUF/SL 4 MP Smart Hybrid Light MD 2.0 Fixed Bullet Network Camera","https://www.hikvision.com/en/products/HiLook-IP-Products/Network-Cameras/Value-Camera/ipc-b140ha-luf-sl/","Image Settings","Rotate mode,saturation,brightness,contrast,sharpness,gain,white balance,adjustable by client software or web browser"
"hikvision","HiLook","Value Camera","IPC-B140HA-LUF-SL","IPC-B140HA-LUF/SL 4 MP Smart Hybrid Light MD 2.0 Fixed Bullet Network Camera","https://www.hikvision.com/en/products/HiLook-IP-Products/Network-Cameras/Value-Camera/ipc-b140ha-luf-sl/","Privacy Mask","4 programmable rectangle privacy masks"
"hikvision","HiLook","Value Camera","IPC-B140HA-LUF-SL","IPC-B140HA-LUF/SL 4 MP Smart Hybrid Light MD 2.0 Fixed Bullet Network Camera","https://www.hikvision.com/en/products/HiLook-IP-Products/Network-Cameras/Value-Camera/ipc-b140ha-luf-sl/","Ethernet Interface","1 RJ45 10 M/100 M self-adaptive Ethernet port"
"hikvision","HiLook","Value Camera","IPC-B140HA-LUF-SL","IPC-B140HA-LUF/SL 4 MP Smart Hybrid Light MD 2.0 Fixed Bullet Network Camera","https://www.hikvision.com/en/products/HiLook-IP-Products/Network-Cameras/Value-Camera/ipc-b140ha-luf-sl/","On-Board Storage","Built-in memory card slot, support microSD/microSDHC/microSDXC card, up to 512 GB"
"hikvision","HiLook","Value Camera","IPC-B140HA-LUF-SL","IPC-B140HA-LUF/SL 4 MP Smart Hybrid Light MD 2.0 Fixed Bullet Network Camera","https://www.hikvision.com/en/products/HiLook-IP-Products/Network-Cameras/Value-Camera/ipc-b140ha-luf-sl/","Built-In Microphone","Yes,1 built-in microphone"
"hikvision","HiLook","Value Camera","IPC-B140HA-LUF-SL","IPC-B140HA-LUF/SL 4 MP Smart Hybrid Light MD 2.0 Fixed Bullet Network Camera","https://www.hikvision.com/en/products/HiLook-IP-Products/Network-Cameras/Value-Camera/ipc-b140ha-luf-sl/","Built-In Speaker","Max. power consumption: 1.5 W, max. sound pressure level: 10 cm: 95 dB."
"hikvision","HiLook","Value Camera","IPC-B140HA-LUF-SL","IPC-B140HA-LUF/SL 4 MP Smart Hybrid Light MD 2.0 Fixed Bullet Network Camera","https://www.hikvision.com/en/products/HiLook-IP-Products/Network-Cameras/Value-Camera/ipc-b140ha-luf-sl/","Reset Key","Yes"
"hikvision","HiLook","Value Camera","IPC-B140HA-LUF-SL","IPC-B140HA-LUF/SL 4 MP Smart Hybrid Light MD 2.0 Fixed Bullet Network Camera","https://www.hikvision.com/en/products/HiLook-IP-Products/Network-Cameras/Value-Camera/ipc-b140ha-luf-sl/","Basic Event","Motion detection (support alarm triggering by specified target types (human and vehicle)),video tampering alarm,exception"
"hikvision","HiLook","Value Camera","IPC-B140HA-LUF-SL","IPC-B140HA-LUF/SL 4 MP Smart Hybrid Light MD 2.0 Fixed Bullet Network Camera","https://www.hikvision.com/en/products/HiLook-IP-Products/Network-Cameras/Value-Camera/ipc-b140ha-luf-sl/","Linkage","Upload to FTP/memory card, notify surveillance center, send email, trigger recording, trigger capture, audible warning, flashing light"
"hikvision","HiLook","Value Camera","IPC-B140HA-LUF-SL","IPC-B140HA-LUF/SL 4 MP Smart Hybrid Light MD 2.0 Fixed Bullet Network Camera","https://www.hikvision.com/en/products/HiLook-IP-Products/Network-Cameras/Value-Camera/ipc-b140ha-luf-sl/","Power","12 VDC ± 25%, 0.62 A, max. 7.5 W,Ø5.5 mm coaxial power plug,reverse polarity protection,\nPoE: IEEE 802.3af, Class 3, max. 9 W"
"hikvision","HiLook","Value Camera","IPC-B140HA-LUF-SL","IPC-B140HA-LUF/SL 4 MP Smart Hybrid Light MD 2.0 Fixed Bullet Network Camera","https://www.hikvision.com/en/products/HiLook-IP-Products/Network-Cameras/Value-Camera/ipc-b140ha-luf-sl/","Material","Metal & Plastic"
"hikvision","HiLook","Value Camera","IPC-B140HA-LUF-SL","IPC-B140HA-LUF/SL 4 MP Smart Hybrid Light MD 2.0 Fixed Bullet Network Camera","https://www.hikvision.com/en/products/HiLook-IP-Products/Network-Cameras/Value-Camera/ipc-b140ha-luf-sl/","Dimension","179 mm × 67.4 mm × 69.1 mm (7.1\" × 2.7\" × 2.7\")"
"hikvision","HiLook","Value Camera","IPC-B140HA-LUF-SL","IPC-B140HA-LUF/SL 4 MP Smart Hybrid Light MD 2.0 Fixed Bullet Network Camera","https://www.hikvision.com/en/products/HiLook-IP-Products/Network-Cameras/Value-Camera/ipc-b140ha-luf-sl/","Package Dimension","216 mm × 121 mm × 118 mm (8.5\" × 4.8\" × 4.6\")"
"hikvision","HiLook","Value Camera","IPC-B140HA-LUF-SL","IPC-B140HA-LUF/SL 4 MP Smart Hybrid Light MD 2.0 Fixed Bullet Network Camera","https://www.hikvision.com/en/products/HiLook-IP-Products/Network-Cameras/Value-Camera/ipc-b140ha-luf-sl/","With Package Weight","Approx. 520 g (1.1 lb.)"
"hikvision","HiLook","Value Camera","IPC-B140HA-LUF-SL","IPC-B140HA-LUF/SL 4 MP Smart Hybrid Light MD 2.0 Fixed Bullet Network Camera","https://www.hikvision.com/en/products/HiLook-IP-Products/Network-Cameras/Value-Camera/ipc-b140ha-luf-sl/","Storage Conditions","-30 °C to 60 °C (-22 °F to 140 °F). Humidity 95% or less (non-condensing)"
"hikvision","HiLook","Value Camera","IPC-B140HA-LUF-SL","IPC-B140HA-LUF/SL 4 MP Smart Hybrid Light MD 2.0 Fixed Bullet Network Camera","https://www.hikvision.com/en/products/HiLook-IP-Products/Network-Cameras/Value-Camera/ipc-b140ha-luf-sl/","Startup And Operating Conditions","-30 °C to 60 °C (-22 °F to 140 °F). Humidity 95% or less (non-condensing)"
"hikvision","HiLook","Value Camera","IPC-B140HA-LUF-SL","IPC-B140HA-LUF/SL 4 MP Smart Hybrid Light MD 2.0 Fixed Bullet Network Camera","https://www.hikvision.com/en/products/HiLook-IP-Products/Network-Cameras/Value-Camera/ipc-b140ha-luf-sl/","Language","English, Ukrainian"
"hikvision","HiLook","Value Camera","IPC-B140HA-LUF-SL","IPC-B140HA-LUF/SL 4 MP Smart Hybrid Light MD 2.0 Fixed Bullet Network Camera","https://www.hikvision.com/en/products/HiLook-IP-Products/Network-Cameras/Value-Camera/ipc-b140ha-luf-sl/","General Function","Heartbeat,anti-banding,mirror,password protection,password reset via email"
"hikvision","HiLook","Value Camera","IPC-B140HA-LUF-SL","IPC-B140HA-LUF/SL 4 MP Smart Hybrid Light MD 2.0 Fixed Bullet Network Camera","https://www.hikvision.com/en/products/HiLook-IP-Products/Network-Cameras/Value-Camera/ipc-b140ha-luf-sl/","Flashing Light","Yes"
"hikvision","HiLook","Value Camera","IPC-B140HA-LUF-SL","IPC-B140HA-LUF/SL 4 MP Smart Hybrid Light MD 2.0 Fixed Bullet Network Camera","https://www.hikvision.com/en/products/HiLook-IP-Products/Network-Cameras/Value-Camera/ipc-b140ha-luf-sl/","EMC","CE-EMC: EN 55032:2015+A1:2020, EN 50130-4:2011+A1:2014, EN IEC 61000-3-2:2019+A1:2021, EN 61000-3-3:2013+A1:2019+A2:2021,\nRCM: AS/NZS CISPR 32: 2015,\nIC: ICES-003: Issue 7"
"hikvision","HiLook","Value Camera","IPC-B140HA-LUF-SL","IPC-B140HA-LUF/SL 4 MP Smart Hybrid Light MD 2.0 Fixed Bullet Network Camera","https://www.hikvision.com/en/products/HiLook-IP-Products/Network-Cameras/Value-Camera/ipc-b140ha-luf-sl/","Safety","CB: IEC 62368-1: 2014+A11,\nCE-LVD: EN 62368-1: 2014/A11: 2017"
"hikvision","HiLook","Value Camera","IPC-B140HA-LUF-SL","IPC-B140HA-LUF/SL 4 MP Smart Hybrid Light MD 2.0 Fixed Bullet Network Camera","https://www.hikvision.com/en/products/HiLook-IP-Products/Network-Cameras/Value-Camera/ipc-b140ha-luf-sl/","Environment","CE-RoHS: 2011/65/EU,\nWEEE: 2012/19/EU,\nReach: Regulation (EC) No 1907/2006"
"hikvision","HiLook","Value Camera","IPC-B140HA-LUF-SL","IPC-B140HA-LUF/SL 4 MP Smart Hybrid Light MD 2.0 Fixed Bullet Network Camera","https://www.hikvision.com/en/products/HiLook-IP-Products/Network-Cameras/Value-Camera/ipc-b140ha-luf-sl/","Protection","IP67: IEC 60529-2013"
"hikvision","HiLook","Value Camera","IPC-B140HA","IPC-B140HA 4 MP MD 2.0 Fixed Bullet Network Camera","https://www.hikvision.com/en/products/HiLook-IP-Products/Network-Cameras/Value-Camera/ipc-b140ha/","Image Sensor","1/3\" Progressive Scan CMOS"
"hikvision","HiLook","Value Camera","IPC-B140HA","IPC-B140HA 4 MP MD 2.0 Fixed Bullet Network Camera","https://www.hikvision.com/en/products/HiLook-IP-Products/Network-Cameras/Value-Camera/ipc-b140ha/","Max. Resolution","2560 × 1440"
"hikvision","HiLook","Value Camera","IPC-B140HA","IPC-B140HA 4 MP MD 2.0 Fixed Bullet Network Camera","https://www.hikvision.com/en/products/HiLook-IP-Products/Network-Cameras/Value-Camera/ipc-b140ha/","Min. Illumination","Color: 0.01 Lux @(F2.0, AGC ON), B/W: 0 Lux with IR"
"hikvision","HiLook","Value Camera","IPC-B140HA","IPC-B140HA 4 MP MD 2.0 Fixed Bullet Network Camera","https://www.hikvision.com/en/products/HiLook-IP-Products/Network-Cameras/Value-Camera/ipc-b140ha/","Shutter Time","1/3 s to 1/100,000 s"
"hikvision","HiLook","Value Camera","IPC-B140HA","IPC-B140HA 4 MP MD 2.0 Fixed Bullet Network Camera","https://www.hikvision.com/en/products/HiLook-IP-Products/Network-Cameras/Value-Camera/ipc-b140ha/","Day & Night","IR cut filter"
"hikvision","HiLook","Value Camera","IPC-B140HA","IPC-B140HA 4 MP MD 2.0 Fixed Bullet Network Camera","https://www.hikvision.com/en/products/HiLook-IP-Products/Network-Cameras/Value-Camera/ipc-b140ha/","Angle Adjustment","Pan: 0° to 360°, tilt: 0° to 90°, rotate: 0° to 360°"
"hikvision","HiLook","Value Camera","IPC-B140HA","IPC-B140HA 4 MP MD 2.0 Fixed Bullet Network Camera","https://www.hikvision.com/en/products/HiLook-IP-Products/Network-Cameras/Value-Camera/ipc-b140ha/","Lens Type","Fixed focal lens, 2.8 and 4 mm optional"
"hikvision","HiLook","Value Camera","IPC-B140HA","IPC-B140HA 4 MP MD 2.0 Fixed Bullet Network Camera","https://www.hikvision.com/en/products/HiLook-IP-Products/Network-Cameras/Value-Camera/ipc-b140ha/","Focal Length & FOV","2.8 mm, horizontal FOV 99°, vertical FOV 55°, diagonal FOV 116°\n4 mm, horizontal FOV 76°, vertical FOV 41°, diagonal FOV 90°"
"hikvision","HiLook","Value Camera","IPC-B140HA","IPC-B140HA 4 MP MD 2.0 Fixed Bullet Network Camera","https://www.hikvision.com/en/products/HiLook-IP-Products/Network-Cameras/Value-Camera/ipc-b140ha/","Lens Mount","M12"
"hikvision","HiLook","Value Camera","IPC-B140HA","IPC-B140HA 4 MP MD 2.0 Fixed Bullet Network Camera","https://www.hikvision.com/en/products/HiLook-IP-Products/Network-Cameras/Value-Camera/ipc-b140ha/","Iris Type","Fixed"
"hikvision","HiLook","Value Camera","IPC-B140HA","IPC-B140HA 4 MP MD 2.0 Fixed Bullet Network Camera","https://www.hikvision.com/en/products/HiLook-IP-Products/Network-Cameras/Value-Camera/ipc-b140ha/","Aperture","F2.0"
"hikvision","HiLook","Value Camera","IPC-B140HA","IPC-B140HA 4 MP MD 2.0 Fixed Bullet Network Camera","https://www.hikvision.com/en/products/HiLook-IP-Products/Network-Cameras/Value-Camera/ipc-b140ha/","DORI","2.8 mm, D: 59 m, O: 23 m, R: 11 m, I: 5 m\n4 mm, D: 79 m, O: 31 m, R: 15 m, I: 7 m"
"hikvision","HiLook","Value Camera","IPC-B140HA","IPC-B140HA 4 MP MD 2.0 Fixed Bullet Network Camera","https://www.hikvision.com/en/products/HiLook-IP-Products/Network-Cameras/Value-Camera/ipc-b140ha/","Supplement Light Type","IR"
"hikvision","HiLook","Value Camera","IPC-B140HA","IPC-B140HA 4 MP MD 2.0 Fixed Bullet Network Camera","https://www.hikvision.com/en/products/HiLook-IP-Products/Network-Cameras/Value-Camera/ipc-b140ha/","Supplement Light Range","Up to 30 m"
"hikvision","HiLook","Value Camera","IPC-B140HA","IPC-B140HA 4 MP MD 2.0 Fixed Bullet Network Camera","https://www.hikvision.com/en/products/HiLook-IP-Products/Network-Cameras/Value-Camera/ipc-b140ha/","Smart Supplement Light","Yes"
"hikvision","HiLook","Value Camera","IPC-B140HA","IPC-B140HA 4 MP MD 2.0 Fixed Bullet Network Camera","https://www.hikvision.com/en/products/HiLook-IP-Products/Network-Cameras/Value-Camera/ipc-b140ha/","IR Wavelength","850 nm"
"hikvision","HiLook","Value Camera","IPC-B140HA","IPC-B140HA 4 MP MD 2.0 Fixed Bullet Network Camera","https://www.hikvision.com/en/products/HiLook-IP-Products/Network-Cameras/Value-Camera/ipc-b140ha/","Main Stream","50 Hz:\n20 fps (2560 × 1440)\n25 fps (1920 × 1080, 1280 × 720)\n60 Hz:\n20 fps (2560 × 1440)\n24 fps (1920 × 1080, 1280 × 720)"
"hikvision","HiLook","Value Camera","IPC-B140HA","IPC-B140HA 4 MP MD 2.0 Fixed Bullet Network Camera","https://www.hikvision.com/en/products/HiLook-IP-Products/Network-Cameras/Value-Camera/ipc-b140ha/","Sub-Stream","50 Hz: 25 fps (1280 × 720, 640 × 480, 640 × 360)\n60 Hz: 24 fps (1280 × 720, 640 × 480, 640 × 360)"
"hikvision","HiLook","Value Camera","IPC-B140HA","IPC-B140HA 4 MP MD 2.0 Fixed Bullet Network Camera","https://www.hikvision.com/en/products/HiLook-IP-Products/Network-Cameras/Value-Camera/ipc-b140ha/","Video Compression","Main stream: H.265+/H.265/H.264+/H.264\nSub-stream: H.265/H.264/MJPEG"
"hikvision","HiLook","Value Camera","IPC-B140HA","IPC-B140HA 4 MP MD 2.0 Fixed Bullet Network Camera","https://www.hikvision.com/en/products/HiLook-IP-Products/Network-Cameras/Value-Camera/ipc-b140ha/","Video Bit Rate","32 Kbps to 8 Mbps"
"hikvision","HiLook","Value Camera","IPC-B140HA","IPC-B140HA 4 MP MD 2.0 Fixed Bullet Network Camera","https://www.hikvision.com/en/products/HiLook-IP-Products/Network-Cameras/Value-Camera/ipc-b140ha/","H.264 Type","Baseline Profile, Main Profile, High Profile"
"hikvision","HiLook","Value Camera","IPC-B140HA","IPC-B140HA 4 MP MD 2.0 Fixed Bullet Network Camera","https://www.hikvision.com/en/products/HiLook-IP-Products/Network-Cameras/Value-Camera/ipc-b140ha/","H.265 Type","Main Profile"
"hikvision","HiLook","Value Camera","IPC-B140HA","IPC-B140HA 4 MP MD 2.0 Fixed Bullet Network Camera","https://www.hikvision.com/en/products/HiLook-IP-Products/Network-Cameras/Value-Camera/ipc-b140ha/","Bit Rate Control","CBR/VBR"
"hikvision","HiLook","Value Camera","IPC-B140HA","IPC-B140HA 4 MP MD 2.0 Fixed Bullet Network Camera","https://www.hikvision.com/en/products/HiLook-IP-Products/Network-Cameras/Value-Camera/ipc-b140ha/","Region Of Interest (ROI)","1 fixed region for main stream"
"hikvision","HiLook","Value Camera","IPC-B140HA","IPC-B140HA 4 MP MD 2.0 Fixed Bullet Network Camera","https://www.hikvision.com/en/products/HiLook-IP-Products/Network-Cameras/Value-Camera/ipc-b140ha/","Security","Password protection, complicated password, watermark, basic and digest authentication for HTTP, WSSE and digest authentication for Open Network Video Interface, security audit log, host authentication (MAC address)"
"hikvision","HiLook","Value Camera","IPC-B140HA","IPC-B140HA 4 MP MD 2.0 Fixed Bullet Network Camera","https://www.hikvision.com/en/products/HiLook-IP-Products/Network-Cameras/Value-Camera/ipc-b140ha/","Simultaneous Live View","Up to 6 channels"
"hikvision","HiLook","Value Camera","IPC-B140HA","IPC-B140HA 4 MP MD 2.0 Fixed Bullet Network Camera","https://www.hikvision.com/en/products/HiLook-IP-Products/Network-Cameras/Value-Camera/ipc-b140ha/","API","Open Network Video Interface (Profile S, Profile T), ISAPI, SDK"
"hikvision","HiLook","Value Camera","IPC-B140HA","IPC-B140HA 4 MP MD 2.0 Fixed Bullet Network Camera","https://www.hikvision.com/en/products/HiLook-IP-Products/Network-Cameras/Value-Camera/ipc-b140ha/","Protocols","TCP/IP, ICMP, DHCP, DNS, HTTP, RTP, RTSP, NTP, IGMP, IPv6, UDP, QoS, FTP, SMTP"
"hikvision","HiLook","Value Camera","IPC-B140HA","IPC-B140HA 4 MP MD 2.0 Fixed Bullet Network Camera","https://www.hikvision.com/en/products/HiLook-IP-Products/Network-Cameras/Value-Camera/ipc-b140ha/","User/Host","Up to 32 users\n3 levels: administrator, operator and user"
"hikvision","HiLook","Value Camera","IPC-B140HA","IPC-B140HA 4 MP MD 2.0 Fixed Bullet Network Camera","https://www.hikvision.com/en/products/HiLook-IP-Products/Network-Cameras/Value-Camera/ipc-b140ha/","Client","iVMS-4200, HiLookVision"
"hikvision","HiLook","Value Camera","IPC-B140HA","IPC-B140HA 4 MP MD 2.0 Fixed Bullet Network Camera","https://www.hikvision.com/en/products/HiLook-IP-Products/Network-Cameras/Value-Camera/ipc-b140ha/","Web Browser","Plug-in required live view: IE 10, IE 11\nLocal service: Chrome 57.0+, Firefox 52.0+"
"hikvision","HiLook","Value Camera","IPC-B140HA","IPC-B140HA 4 MP MD 2.0 Fixed Bullet Network Camera","https://www.hikvision.com/en/products/HiLook-IP-Products/Network-Cameras/Value-Camera/ipc-b140ha/","Wide Dynamic Range (WDR)","120 dB"
"hikvision","HiLook","Value Camera","IPC-B140HA","IPC-B140HA 4 MP MD 2.0 Fixed Bullet Network Camera","https://www.hikvision.com/en/products/HiLook-IP-Products/Network-Cameras/Value-Camera/ipc-b140ha/","SNR","≥ 52 dB"
"hikvision","HiLook","Value Camera","IPC-B140HA","IPC-B140HA 4 MP MD 2.0 Fixed Bullet Network Camera","https://www.hikvision.com/en/products/HiLook-IP-Products/Network-Cameras/Value-Camera/ipc-b140ha/","Day/Night Switch","Day, Night, Auto, Schedule"
"hikvision","HiLook","Value Camera","IPC-B140HA","IPC-B140HA 4 MP MD 2.0 Fixed Bullet Network Camera","https://www.hikvision.com/en/products/HiLook-IP-Products/Network-Cameras/Value-Camera/ipc-b140ha/","Image Enhancement","BLC, HLC, 3D DNR"
"hikvision","HiLook","Value Camera","IPC-B140HA","IPC-B140HA 4 MP MD 2.0 Fixed Bullet Network Camera","https://www.hikvision.com/en/products/HiLook-IP-Products/Network-Cameras/Value-Camera/ipc-b140ha/","Image Settings","Rotate mode, saturation, brightness, contrast, sharpness, gain, white balance, adjustable by client software or web browser"
"hikvision","HiLook","Value Camera","IPC-B140HA","IPC-B140HA 4 MP MD 2.0 Fixed Bullet Network Camera","https://www.hikvision.com/en/products/HiLook-IP-Products/Network-Cameras/Value-Camera/ipc-b140ha/","Privacy Mask","4 programmable polygon privacy masks"
"hikvision","HiLook","Value Camera","IPC-B140HA","IPC-B140HA 4 MP MD 2.0 Fixed Bullet Network Camera","https://www.hikvision.com/en/products/HiLook-IP-Products/Network-Cameras/Value-Camera/ipc-b140ha/","Ethernet Interface","1 RJ45 10 M/100 M self-adaptive Ethernet port"
"hikvision","HiLook","Value Camera","IPC-B140HA","IPC-B140HA 4 MP MD 2.0 Fixed Bullet Network Camera","https://www.hikvision.com/en/products/HiLook-IP-Products/Network-Cameras/Value-Camera/ipc-b140ha/","Basic Event","Motion detection (support alarm triggering by specified target types (human and vehicle)),video tampering alarm,exception"
"hikvision","HiLook","Value Camera","IPC-B140HA","IPC-B140HA 4 MP MD 2.0 Fixed Bullet Network Camera","https://www.hikvision.com/en/products/HiLook-IP-Products/Network-Cameras/Value-Camera/ipc-b140ha/","Linkage","Upload to FTP, notify surveillance center, trigger capture, send email"
"hikvision","HiLook","Value Camera","IPC-B140HA","IPC-B140HA 4 MP MD 2.0 Fixed Bullet Network Camera","https://www.hikvision.com/en/products/HiLook-IP-Products/Network-Cameras/Value-Camera/ipc-b140ha/","Power","12 VDC ± 25%, 0.4 A, max. 5 W, Ø5.5. mm coaxial power plug\nPoE: 802.3af, Class 3, 36 V to 57 V, 0.2 A to 0.15 A, max. 6.5 W"
"hikvision","HiLook","Value Camera","IPC-B140HA","IPC-B140HA 4 MP MD 2.0 Fixed Bullet Network Camera","https://www.hikvision.com/en/products/HiLook-IP-Products/Network-Cameras/Value-Camera/ipc-b140ha/","Material","Metal & Plastic"
"hikvision","HiLook","Value Camera","IPC-B140HA","IPC-B140HA 4 MP MD 2.0 Fixed Bullet Network Camera","https://www.hikvision.com/en/products/HiLook-IP-Products/Network-Cameras/Value-Camera/ipc-b140ha/","Dimension","184.1 mm × 66 mm × 69.1 mm (7.3\" × 2.6\" × 2.7\")"
"hikvision","HiLook","Value Camera","IPC-B140HA","IPC-B140HA 4 MP MD 2.0 Fixed Bullet Network Camera","https://www.hikvision.com/en/products/HiLook-IP-Products/Network-Cameras/Value-Camera/ipc-b140ha/","Package Dimension","216 mm × 121 mm × 118 mm (8.5\" × 4.8\" × 4.6\")"
"hikvision","HiLook","Value Camera","IPC-B140HA","IPC-B140HA 4 MP MD 2.0 Fixed Bullet Network Camera","https://www.hikvision.com/en/products/HiLook-IP-Products/Network-Cameras/Value-Camera/ipc-b140ha/","With Package Weight","Approx. 489 g (1.1 lb.)"
"hikvision","HiLook","Value Camera","IPC-B140HA","IPC-B140HA 4 MP MD 2.0 Fixed Bullet Network Camera","https://www.hikvision.com/en/products/HiLook-IP-Products/Network-Cameras/Value-Camera/ipc-b140ha/","Storage Conditions","-30 °C to 60 °C (-22 °F to 140 °F). Humidity 95% or less (non-condensing)"
"hikvision","HiLook","Value Camera","IPC-B140HA","IPC-B140HA 4 MP MD 2.0 Fixed Bullet Network Camera","https://www.hikvision.com/en/products/HiLook-IP-Products/Network-Cameras/Value-Camera/ipc-b140ha/","Startup And Operating Conditions","-30 °C to 60 °C (-22 °F to 140 °F). Humidity 95% or less (non-condensing)"
"hikvision","HiLook","Value Camera","IPC-B140HA","IPC-B140HA 4 MP MD 2.0 Fixed Bullet Network Camera","https://www.hikvision.com/en/products/HiLook-IP-Products/Network-Cameras/Value-Camera/ipc-b140ha/","Language","English, Ukrainian"
"hikvision","HiLook","Value Camera","IPC-B140HA","IPC-B140HA 4 MP MD 2.0 Fixed Bullet Network Camera","https://www.hikvision.com/en/products/HiLook-IP-Products/Network-Cameras/Value-Camera/ipc-b140ha/","General Function","Heartbeat, anti-banding, mirror, password protection, password reset via email"
"hikvision","HiLook","Value Camera","IPC-B140HA","IPC-B140HA 4 MP MD 2.0 Fixed Bullet Network Camera","https://www.hikvision.com/en/products/HiLook-IP-Products/Network-Cameras/Value-Camera/ipc-b140ha/","EMC","FCC: 47 CFR Part 15, Subpart B\nCE-EMC: EN 55032: 2015, EN 61000-3-2:2019, EN 61000-3-3: 2013+A1:2019, EN 50130-4: 2011 +A1: 2014\nRCM: AS/NZS CISPR 32: 2015"
"hikvision","HiLook","Value Camera","IPC-B140HA","IPC-B140HA 4 MP MD 2.0 Fixed Bullet Network Camera","https://www.hikvision.com/en/products/HiLook-IP-Products/Network-Cameras/Value-Camera/ipc-b140ha/","Safety","CB: IEC 62368-1: 2014+A11\nCE-LVD: EN 62368-1: 2014/A11: 2017"
"hikvision","HiLook","Value Camera","IPC-B140HA","IPC-B140HA 4 MP MD 2.0 Fixed Bullet Network Camera","https://www.hikvision.com/en/products/HiLook-IP-Products/Network-Cameras/Value-Camera/ipc-b140ha/","Environment","CE-RoHS: 2011/65/EU\nWEEE: 2012/19/EU\nReach: Regulation (EC) No 1907/2006"
"hikvision","HiLook","Value Camera","IPC-B140HA","IPC-B140HA 4 MP MD 2.0 Fixed Bullet Network Camera","https://www.hikvision.com/en/products/HiLook-IP-Products/Network-Cameras/Value-Camera/ipc-b140ha/","Protection","IP67: IEC 60529-2013"
"hikvision","HiLook","Value Camera","IPC-B149HA-LU","IPC-B149HA-LU 4 MP ColorVu with Smart Hybrid Light Fixed Bullet Network Camera","https://www.hikvision.com/en/products/HiLook-IP-Products/Network-Cameras/Value-Camera/ipc-b149ha-lu/","Image Sensor","1/3\" Progressive Scan CMOS"
"hikvision","HiLook","Value Camera","IPC-B149HA-LU","IPC-B149HA-LU 4 MP ColorVu with Smart Hybrid Light Fixed Bullet Network Camera","https://www.hikvision.com/en/products/HiLook-IP-Products/Network-Cameras/Value-Camera/ipc-b149ha-lu/","Max. Resolution","2560 × 1440"
"hikvision","HiLook","Value Camera","IPC-B149HA-LU","IPC-B149HA-LU 4 MP ColorVu with Smart Hybrid Light Fixed Bullet Network Camera","https://www.hikvision.com/en/products/HiLook-IP-Products/Network-Cameras/Value-Camera/ipc-b149ha-lu/","Min. Illumination","Color: 0.001 Lux @ (F1.0, AGC ON),0 Lux with light"
"hikvision","HiLook","Value Camera","IPC-B149HA-LU","IPC-B149HA-LU 4 MP ColorVu with Smart Hybrid Light Fixed Bullet Network Camera","https://www.hikvision.com/en/products/HiLook-IP-Products/Network-Cameras/Value-Camera/ipc-b149ha-lu/","Shutter Time","1/3 s to 1/100,000 s"
"hikvision","HiLook","Value Camera","IPC-B149HA-LU","IPC-B149HA-LU 4 MP ColorVu with Smart Hybrid Light Fixed Bullet Network Camera","https://www.hikvision.com/en/products/HiLook-IP-Products/Network-Cameras/Value-Camera/ipc-b149ha-lu/","Day & Night","IR cut filter"
"hikvision","HiLook","Value Camera","IPC-B149HA-LU","IPC-B149HA-LU 4 MP ColorVu with Smart Hybrid Light Fixed Bullet Network Camera","https://www.hikvision.com/en/products/HiLook-IP-Products/Network-Cameras/Value-Camera/ipc-b149ha-lu/","Angle Adjustment","Pan: 0° to 355°,tilt: 0° to 90°,rotate: 0° to 355°"
"hikvision","HiLook","Value Camera","IPC-B149HA-LU","IPC-B149HA-LU 4 MP ColorVu with Smart Hybrid Light Fixed Bullet Network Camera","https://www.hikvision.com/en/products/HiLook-IP-Products/Network-Cameras/Value-Camera/ipc-b149ha-lu/","Lens Type","Fixed focal lens, 2.8 and 4 mm optional"
"hikvision","HiLook","Value Camera","IPC-B149HA-LU","IPC-B149HA-LU 4 MP ColorVu with Smart Hybrid Light Fixed Bullet Network Camera","https://www.hikvision.com/en/products/HiLook-IP-Products/Network-Cameras/Value-Camera/ipc-b149ha-lu/","Focal Length & FOV","2.8 mm, horizontal FOV 96°, vertical FOV 52°, diagonal FOV 114°\n4 mm, horizontal FOV 80°, vertical FOV 43°, diagonal FOV 93°"
"hikvision","HiLook","Value Camera","IPC-B149HA-LU","IPC-B149HA-LU 4 MP ColorVu with Smart Hybrid Light Fixed Bullet Network Camera","https://www.hikvision.com/en/products/HiLook-IP-Products/Network-Cameras/Value-Camera/ipc-b149ha-lu/","Lens Mount","M12"
"hikvision","HiLook","Value Camera","IPC-B149HA-LU","IPC-B149HA-LU 4 MP ColorVu with Smart Hybrid Light Fixed Bullet Network Camera","https://www.hikvision.com/en/products/HiLook-IP-Products/Network-Cameras/Value-Camera/ipc-b149ha-lu/","Iris Type","Fixed"
"hikvision","HiLook","Value Camera","IPC-B149HA-LU","IPC-B149HA-LU 4 MP ColorVu with Smart Hybrid Light Fixed Bullet Network Camera","https://www.hikvision.com/en/products/HiLook-IP-Products/Network-Cameras/Value-Camera/ipc-b149ha-lu/","Aperture","F1.0"
"hikvision","HiLook","Value Camera","IPC-B149HA-LU","IPC-B149HA-LU 4 MP ColorVu with Smart Hybrid Light Fixed Bullet Network Camera","https://www.hikvision.com/en/products/HiLook-IP-Products/Network-Cameras/Value-Camera/ipc-b149ha-lu/","DORI","2.8 mm, D: 44 m, O: 17 m, R: 8 m, I: 4 m\n4 mm, D: 53 m, O: 21 m, R: 10 m, I: 5 m"
"hikvision","HiLook","Value Camera","IPC-B149HA-LU","IPC-B149HA-LU 4 MP ColorVu with Smart Hybrid Light Fixed Bullet Network Camera","https://www.hikvision.com/en/products/HiLook-IP-Products/Network-Cameras/Value-Camera/ipc-b149ha-lu/","Supplement Light Type","IR,White Light"
"hikvision","HiLook","Value Camera","IPC-B149HA-LU","IPC-B149HA-LU 4 MP ColorVu with Smart Hybrid Light Fixed Bullet Network Camera","https://www.hikvision.com/en/products/HiLook-IP-Products/Network-Cameras/Value-Camera/ipc-b149ha-lu/","Supplement Light Range","Up to 30 m"
"hikvision","HiLook","Value Camera","IPC-B149HA-LU","IPC-B149HA-LU 4 MP ColorVu with Smart Hybrid Light Fixed Bullet Network Camera","https://www.hikvision.com/en/products/HiLook-IP-Products/Network-Cameras/Value-Camera/ipc-b149ha-lu/","Smart Supplement Light","Yes"
"hikvision","HiLook","Value Camera","IPC-B149HA-LU","IPC-B149HA-LU 4 MP ColorVu with Smart Hybrid Light Fixed Bullet Network Camera","https://www.hikvision.com/en/products/HiLook-IP-Products/Network-Cameras/Value-Camera/ipc-b149ha-lu/","IR Wavelength","850 nm"
"hikvision","HiLook","Value Camera","IPC-B149HA-LU","IPC-B149HA-LU 4 MP ColorVu with Smart Hybrid Light Fixed Bullet Network Camera","https://www.hikvision.com/en/products/HiLook-IP-Products/Network-Cameras/Value-Camera/ipc-b149ha-lu/","Main Stream","50 Hz:\n20 fps (2560 × 1440)\n25 fps (1920 × 1080, 1280 × 720)\n60 Hz:\n20 fps (2560 × 1440)\n24 fps (1920 × 1080, 1280 × 720)"
"hikvision","HiLook","Value Camera","IPC-B149HA-LU","IPC-B149HA-LU 4 MP ColorVu with Smart Hybrid Light Fixed Bullet Network Camera","https://www.hikvision.com/en/products/HiLook-IP-Products/Network-Cameras/Value-Camera/ipc-b149ha-lu/","Sub-Stream","50 Hz: 25 fps (1280 × 720, 640 × 480, 640 × 360)\n60 Hz: 24 fps (1280 × 720, 640 × 480, 640 × 360)"
"hikvision","HiLook","Value Camera","IPC-B149HA-LU","IPC-B149HA-LU 4 MP ColorVu with Smart Hybrid Light Fixed Bullet Network Camera","https://www.hikvision.com/en/products/HiLook-IP-Products/Network-Cameras/Value-Camera/ipc-b149ha-lu/","Video Compression","Main stream: H.265+/H.265/H.264+/H.264,\nSub-stream: H.265/H.264/MJPEG"
"hikvision","HiLook","Value Camera","IPC-B149HA-LU","IPC-B149HA-LU 4 MP ColorVu with Smart Hybrid Light Fixed Bullet Network Camera","https://www.hikvision.com/en/products/HiLook-IP-Products/Network-Cameras/Value-Camera/ipc-b149ha-lu/","Video Bit Rate","32 Kbps to 8 Mbps"
"hikvision","HiLook","Value Camera","IPC-B149HA-LU","IPC-B149HA-LU 4 MP ColorVu with Smart Hybrid Light Fixed Bullet Network Camera","https://www.hikvision.com/en/products/HiLook-IP-Products/Network-Cameras/Value-Camera/ipc-b149ha-lu/","H.264 Type","Baseline Profile,Main Profile,High Profile"
"hikvision","HiLook","Value Camera","IPC-B149HA-LU","IPC-B149HA-LU 4 MP ColorVu with Smart Hybrid Light Fixed Bullet Network Camera","https://www.hikvision.com/en/products/HiLook-IP-Products/Network-Cameras/Value-Camera/ipc-b149ha-lu/","H.265 Type","Main Profile"
"hikvision","HiLook","Value Camera","IPC-B149HA-LU","IPC-B149HA-LU 4 MP ColorVu with Smart Hybrid Light Fixed Bullet Network Camera","https://www.hikvision.com/en/products/HiLook-IP-Products/Network-Cameras/Value-Camera/ipc-b149ha-lu/","Bit Rate Control","CBR,VBR"
"hikvision","HiLook","Value Camera","IPC-B149HA-LU","IPC-B149HA-LU 4 MP ColorVu with Smart Hybrid Light Fixed Bullet Network Camera","https://www.hikvision.com/en/products/HiLook-IP-Products/Network-Cameras/Value-Camera/ipc-b149ha-lu/","Scalable Video Coding (SVC)","H.264 and H.265 encoding"
"hikvision","HiLook","Value Camera","IPC-B149HA-LU","IPC-B149HA-LU 4 MP ColorVu with Smart Hybrid Light Fixed Bullet Network Camera","https://www.hikvision.com/en/products/HiLook-IP-Products/Network-Cameras/Value-Camera/ipc-b149ha-lu/","Region Of Interest (ROI)","1 fixed region for main stream"
"hikvision","HiLook","Value Camera","IPC-B149HA-LU","IPC-B149HA-LU 4 MP ColorVu with Smart Hybrid Light Fixed Bullet Network Camera","https://www.hikvision.com/en/products/HiLook-IP-Products/Network-Cameras/Value-Camera/ipc-b149ha-lu/","Audio Type","Mono sound"
"hikvision","HiLook","Value Camera","IPC-B149HA-LU","IPC-B149HA-LU 4 MP ColorVu with Smart Hybrid Light Fixed Bullet Network Camera","https://www.hikvision.com/en/products/HiLook-IP-Products/Network-Cameras/Value-Camera/ipc-b149ha-lu/","Audio Compression","G.711/G.722.1/G.726/MP2L2/PCM/AAC-LC"
"hikvision","HiLook","Value Camera","IPC-B149HA-LU","IPC-B149HA-LU 4 MP ColorVu with Smart Hybrid Light Fixed Bullet Network Camera","https://www.hikvision.com/en/products/HiLook-IP-Products/Network-Cameras/Value-Camera/ipc-b149ha-lu/","Audio Bit Rate","64 Kbps (G.711)/16 Kbps (G.722.1)/16 Kbps (G.726)/32 to 160 Kbps (MP2L2)/16 to 64 Kbps (AAC-LC)"
"hikvision","HiLook","Value Camera","IPC-B149HA-LU","IPC-B149HA-LU 4 MP ColorVu with Smart Hybrid Light Fixed Bullet Network Camera","https://www.hikvision.com/en/products/HiLook-IP-Products/Network-Cameras/Value-Camera/ipc-b149ha-lu/","Audio Sampling Rate","8 kHz/16 kHz"
"hikvision","HiLook","Value Camera","IPC-B149HA-LU","IPC-B149HA-LU 4 MP ColorVu with Smart Hybrid Light Fixed Bullet Network Camera","https://www.hikvision.com/en/products/HiLook-IP-Products/Network-Cameras/Value-Camera/ipc-b149ha-lu/","Environment Noise Filtering","Yes"
"hikvision","HiLook","Value Camera","IPC-B149HA-LU","IPC-B149HA-LU 4 MP ColorVu with Smart Hybrid Light Fixed Bullet Network Camera","https://www.hikvision.com/en/products/HiLook-IP-Products/Network-Cameras/Value-Camera/ipc-b149ha-lu/","Protocols","IPv4，IPv6，TCP/IP, ICMP, DHCP, DNS, HTTP, RTP, RTSP, RTCP, NTP, IGMP, UDP, QoS, FTP, SMTP, UPnP"
"hikvision","HiLook","Value Camera","IPC-B149HA-LU","IPC-B149HA-LU 4 MP ColorVu with Smart Hybrid Light Fixed Bullet Network Camera","https://www.hikvision.com/en/products/HiLook-IP-Products/Network-Cameras/Value-Camera/ipc-b149ha-lu/","Simultaneous Live View","Up to 6 channels"
"hikvision","HiLook","Value Camera","IPC-B149HA-LU","IPC-B149HA-LU 4 MP ColorVu with Smart Hybrid Light Fixed Bullet Network Camera","https://www.hikvision.com/en/products/HiLook-IP-Products/Network-Cameras/Value-Camera/ipc-b149ha-lu/","API","Open Network Video Interface (Profile S, Profile T),ISAPI,SDK"
"hikvision","HiLook","Value Camera","IPC-B149HA-LU","IPC-B149HA-LU 4 MP ColorVu with Smart Hybrid Light Fixed Bullet Network Camera","https://www.hikvision.com/en/products/HiLook-IP-Products/Network-Cameras/Value-Camera/ipc-b149ha-lu/","Security","Password protection, complicated password, watermark, basic and digest authentication for HTTP, WSSE and digest authentication for Open Network Video Interface, security audit log, host authentication (MAC address)"
"hikvision","HiLook","Value Camera","IPC-B149HA-LU","IPC-B149HA-LU 4 MP ColorVu with Smart Hybrid Light Fixed Bullet Network Camera","https://www.hikvision.com/en/products/HiLook-IP-Products/Network-Cameras/Value-Camera/ipc-b149ha-lu/","User/Host","Up to 32 users\n3 user levels: administrator, operator, and user"
"hikvision","HiLook","Value Camera","IPC-B149HA-LU","IPC-B149HA-LU 4 MP ColorVu with Smart Hybrid Light Fixed Bullet Network Camera","https://www.hikvision.com/en/products/HiLook-IP-Products/Network-Cameras/Value-Camera/ipc-b149ha-lu/","Client","iVMS-4200,HiLookVision"
"hikvision","HiLook","Value Camera","IPC-B149HA-LU","IPC-B149HA-LU 4 MP ColorVu with Smart Hybrid Light Fixed Bullet Network Camera","https://www.hikvision.com/en/products/HiLook-IP-Products/Network-Cameras/Value-Camera/ipc-b149ha-lu/","Web Browser","Plug-in required live view: IE 10, IE 11,\nLocal service: Chrome 57.0+, Firefox 52.0+, Edge 89+"
"hikvision","HiLook","Value Camera","IPC-B149HA-LU","IPC-B149HA-LU 4 MP ColorVu with Smart Hybrid Light Fixed Bullet Network Camera","https://www.hikvision.com/en/products/HiLook-IP-Products/Network-Cameras/Value-Camera/ipc-b149ha-lu/","Image Settings","Rotate mode,saturation,brightness,contrast,sharpness,gain,white balance,adjustable by client software or web browser"
"hikvision","HiLook","Value Camera","IPC-B149HA-LU","IPC-B149HA-LU 4 MP ColorVu with Smart Hybrid Light Fixed Bullet Network Camera","https://www.hikvision.com/en/products/HiLook-IP-Products/Network-Cameras/Value-Camera/ipc-b149ha-lu/","Day/Night Switch","Day,Night,Auto,Schedule"
"hikvision","HiLook","Value Camera","IPC-B149HA-LU","IPC-B149HA-LU 4 MP ColorVu with Smart Hybrid Light Fixed Bullet Network Camera","https://www.hikvision.com/en/products/HiLook-IP-Products/Network-Cameras/Value-Camera/ipc-b149ha-lu/","Wide Dynamic Range (WDR)","120 dB"
"hikvision","HiLook","Value Camera","IPC-B149HA-LU","IPC-B149HA-LU 4 MP ColorVu with Smart Hybrid Light Fixed Bullet Network Camera","https://www.hikvision.com/en/products/HiLook-IP-Products/Network-Cameras/Value-Camera/ipc-b149ha-lu/","SNR","≥ 52 dB"
"hikvision","HiLook","Value Camera","IPC-B149HA-LU","IPC-B149HA-LU 4 MP ColorVu with Smart Hybrid Light Fixed Bullet Network Camera","https://www.hikvision.com/en/products/HiLook-IP-Products/Network-Cameras/Value-Camera/ipc-b149ha-lu/","Image Enhancement","BLC,HLC,3D DNR"
"hikvision","HiLook","Value Camera","IPC-B149HA-LU","IPC-B149HA-LU 4 MP ColorVu with Smart Hybrid Light Fixed Bullet Network Camera","https://www.hikvision.com/en/products/HiLook-IP-Products/Network-Cameras/Value-Camera/ipc-b149ha-lu/","Privacy Mask","4 programmable polygon privacy masks"
"hikvision","HiLook","Value Camera","IPC-B149HA-LU","IPC-B149HA-LU 4 MP ColorVu with Smart Hybrid Light Fixed Bullet Network Camera","https://www.hikvision.com/en/products/HiLook-IP-Products/Network-Cameras/Value-Camera/ipc-b149ha-lu/","Ethernet Interface","1 RJ45 10 M/100 M self-adaptive Ethernet port"
"hikvision","HiLook","Value Camera","IPC-B149HA-LU","IPC-B149HA-LU 4 MP ColorVu with Smart Hybrid Light Fixed Bullet Network Camera","https://www.hikvision.com/en/products/HiLook-IP-Products/Network-Cameras/Value-Camera/ipc-b149ha-lu/","Built-In Microphone","Yes,1 built-in microphone"
"hikvision","HiLook","Value Camera","IPC-B149HA-LU","IPC-B149HA-LU 4 MP ColorVu with Smart Hybrid Light Fixed Bullet Network Camera","https://www.hikvision.com/en/products/HiLook-IP-Products/Network-Cameras/Value-Camera/ipc-b149ha-lu/","Basic Event","Motion detection (support alarm triggering by specified target types (human and vehicle)),video tampering alarm,exception"
"hikvision","HiLook","Value Camera","IPC-B149HA-LU","IPC-B149HA-LU 4 MP ColorVu with Smart Hybrid Light Fixed Bullet Network Camera","https://www.hikvision.com/en/products/HiLook-IP-Products/Network-Cameras/Value-Camera/ipc-b149ha-lu/","Linkage","Upload to FTP,notify surveillance center,send email,trigger capture"
"hikvision","HiLook","Value Camera","IPC-B149HA-LU","IPC-B149HA-LU 4 MP ColorVu with Smart Hybrid Light Fixed Bullet Network Camera","https://www.hikvision.com/en/products/HiLook-IP-Products/Network-Cameras/Value-Camera/ipc-b149ha-lu/","Power","12 VDC ± 25%, 0.5 A, max. 6 W,Ø5.5 mm coaxial power plug,reverse polarity protection,\nPoE: IEEE 802.3af, Class 3, max. 7.5 W"
"hikvision","HiLook","Value Camera","IPC-B149HA-LU","IPC-B149HA-LU 4 MP ColorVu with Smart Hybrid Light Fixed Bullet Network Camera","https://www.hikvision.com/en/products/HiLook-IP-Products/Network-Cameras/Value-Camera/ipc-b149ha-lu/","Material","Front cover: metal, body: plastic, bracket: plastic"
"hikvision","HiLook","Value Camera","IPC-B149HA-LU","IPC-B149HA-LU 4 MP ColorVu with Smart Hybrid Light Fixed Bullet Network Camera","https://www.hikvision.com/en/products/HiLook-IP-Products/Network-Cameras/Value-Camera/ipc-b149ha-lu/","Dimension","69.8 mm × 67.9 mm × 172.9 mm (2.7\" × 2.7\" × 6.8\")"
"hikvision","HiLook","Value Camera","IPC-B149HA-LU","IPC-B149HA-LU 4 MP ColorVu with Smart Hybrid Light Fixed Bullet Network Camera","https://www.hikvision.com/en/products/HiLook-IP-Products/Network-Cameras/Value-Camera/ipc-b149ha-lu/","Package Dimension","150 mm × 150 mm × 141 mm (5.91\" × 5.91\" × 5.55\")"
"hikvision","HiLook","Value Camera","IPC-B149HA-LU","IPC-B149HA-LU 4 MP ColorVu with Smart Hybrid Light Fixed Bullet Network Camera","https://www.hikvision.com/en/products/HiLook-IP-Products/Network-Cameras/Value-Camera/ipc-b149ha-lu/","With Package Weight","Approx. 710 g (1.6 lb.)"
"hikvision","HiLook","Value Camera","IPC-B149HA-LU","IPC-B149HA-LU 4 MP ColorVu with Smart Hybrid Light Fixed Bullet Network Camera","https://www.hikvision.com/en/products/HiLook-IP-Products/Network-Cameras/Value-Camera/ipc-b149ha-lu/","Storage Conditions","-30 °C to 60 °C (-22 °F to 140 °F). Humidity 95% or less (non-condensing)"
"hikvision","HiLook","Value Camera","IPC-B149HA-LU","IPC-B149HA-LU 4 MP ColorVu with Smart Hybrid Light Fixed Bullet Network Camera","https://www.hikvision.com/en/products/HiLook-IP-Products/Network-Cameras/Value-Camera/ipc-b149ha-lu/","Startup And Operating Conditions","-30 °C to 60 °C (-22 °F to 140 °F). Humidity 95% or less (non-condensing)"
"hikvision","HiLook","Value Camera","IPC-B149HA-LU","IPC-B149HA-LU 4 MP ColorVu with Smart Hybrid Light Fixed Bullet Network Camera","https://www.hikvision.com/en/products/HiLook-IP-Products/Network-Cameras/Value-Camera/ipc-b149ha-lu/","Language","English, Ukrainian"
"hikvision","HiLook","Value Camera","IPC-B149HA-LU","IPC-B149HA-LU 4 MP ColorVu with Smart Hybrid Light Fixed Bullet Network Camera","https://www.hikvision.com/en/products/HiLook-IP-Products/Network-Cameras/Value-Camera/ipc-b149ha-lu/","General Function","Heartbeat,anti-banding,mirror,password protection,password reset via email"
"hikvision","HiLook","Value Camera","IPC-B149HA-LU","IPC-B149HA-LU 4 MP ColorVu with Smart Hybrid Light Fixed Bullet Network Camera","https://www.hikvision.com/en/products/HiLook-IP-Products/Network-Cameras/Value-Camera/ipc-b149ha-lu/","EMC","CE-EMC: EN 55032:2015+A1:2020, EN 50130-4:2011+A1:2014, EN IEC 61000-3-2:2019+A1:2021, EN 61000-3-3:2013+A1:2019+A2:2021,\nRCM: AS/NZS CISPR 32: 2015,\nIC: ICES-003: Issue 7"
"hikvision","HiLook","Value Camera","IPC-B149HA-LU","IPC-B149HA-LU 4 MP ColorVu with Smart Hybrid Light Fixed Bullet Network Camera","https://www.hikvision.com/en/products/HiLook-IP-Products/Network-Cameras/Value-Camera/ipc-b149ha-lu/","Safety","CB: IEC 62368-1: 2014+A11,\nCE-LVD: EN 62368-1: 2014/A11: 2017"
"hikvision","HiLook","Value Camera","IPC-B149HA-LU","IPC-B149HA-LU 4 MP ColorVu with Smart Hybrid Light Fixed Bullet Network Camera","https://www.hikvision.com/en/products/HiLook-IP-Products/Network-Cameras/Value-Camera/ipc-b149ha-lu/","Environment","CE-RoHS: 2011/65/EU,\nWEEE: 2012/19/EU,\nReach: Regulation (EC) No 1907/2006"
"hikvision","HiLook","Value Camera","IPC-B149HA-LU","IPC-B149HA-LU 4 MP ColorVu with Smart Hybrid Light Fixed Bullet Network Camera","https://www.hikvision.com/en/products/HiLook-IP-Products/Network-Cameras/Value-Camera/ipc-b149ha-lu/","Protection","IP67: IEC 60529-2013"
"hikvision","HiLook","Value Camera","IPC-B140HAP-LUF-SL","IPC-B140HAP-LUF/SL 4 MP Smart Hybrid Light MD 2.0 Fixed Bullet Network Camera","https://www.hikvision.com/en/products/HiLook-IP-Products/Network-Cameras/Value-Camera/ipc-b140hap-luf-sl/","Image Sensor","1/3\" Progressive Scan CMOS"
"hikvision","HiLook","Value Camera","IPC-B140HAP-LUF-SL","IPC-B140HAP-LUF/SL 4 MP Smart Hybrid Light MD 2.0 Fixed Bullet Network Camera","https://www.hikvision.com/en/products/HiLook-IP-Products/Network-Cameras/Value-Camera/ipc-b140hap-luf-sl/","Max. Resolution","2560 × 1440"
"hikvision","HiLook","Value Camera","IPC-B140HAP-LUF-SL","IPC-B140HAP-LUF/SL 4 MP Smart Hybrid Light MD 2.0 Fixed Bullet Network Camera","https://www.hikvision.com/en/products/HiLook-IP-Products/Network-Cameras/Value-Camera/ipc-b140hap-luf-sl/","Min. Illumination","Color: 0.005 Lux @ (F1.6, AGC ON),B/W: 0 Lux with IR"
"hikvision","HiLook","Value Camera","IPC-B140HAP-LUF-SL","IPC-B140HAP-LUF/SL 4 MP Smart Hybrid Light MD 2.0 Fixed Bullet Network Camera","https://www.hikvision.com/en/products/HiLook-IP-Products/Network-Cameras/Value-Camera/ipc-b140hap-luf-sl/","Shutter Time","1/3 s to 1/100,000 s"
"hikvision","HiLook","Value Camera","IPC-B140HAP-LUF-SL","IPC-B140HAP-LUF/SL 4 MP Smart Hybrid Light MD 2.0 Fixed Bullet Network Camera","https://www.hikvision.com/en/products/HiLook-IP-Products/Network-Cameras/Value-Camera/ipc-b140hap-luf-sl/","Day & Night","IR cut filter"
"hikvision","HiLook","Value Camera","IPC-B140HAP-LUF-SL","IPC-B140HAP-LUF/SL 4 MP Smart Hybrid Light MD 2.0 Fixed Bullet Network Camera","https://www.hikvision.com/en/products/HiLook-IP-Products/Network-Cameras/Value-Camera/ipc-b140hap-luf-sl/","Angle Adjustment","Pan: 0° to 360°,tilt: 0° to 90°,rotate: 0° to 360°"
"hikvision","HiLook","Value Camera","IPC-B140HAP-LUF-SL","IPC-B140HAP-LUF/SL 4 MP Smart Hybrid Light MD 2.0 Fixed Bullet Network Camera","https://www.hikvision.com/en/products/HiLook-IP-Products/Network-Cameras/Value-Camera/ipc-b140hap-luf-sl/","Lens Type","Fixed focal lens, 2.8 and 4 mm optional"
"hikvision","HiLook","Value Camera","IPC-B140HAP-LUF-SL","IPC-B140HAP-LUF/SL 4 MP Smart Hybrid Light MD 2.0 Fixed Bullet Network Camera","https://www.hikvision.com/en/products/HiLook-IP-Products/Network-Cameras/Value-Camera/ipc-b140hap-luf-sl/","Focal Length & FOV","2.8 mm, horizontal FOV 98°, vertical FOV 54°, diagonal FOV 114°\n4 mm, horizontal FOV 78°, vertical FOV 42°, diagonal FOV 93°"
"hikvision","HiLook","Value Camera","IPC-B140HAP-LUF-SL","IPC-B140HAP-LUF/SL 4 MP Smart Hybrid Light MD 2.0 Fixed Bullet Network Camera","https://www.hikvision.com/en/products/HiLook-IP-Products/Network-Cameras/Value-Camera/ipc-b140hap-luf-sl/","Lens Mount","M12"
"hikvision","HiLook","Value Camera","IPC-B140HAP-LUF-SL","IPC-B140HAP-LUF/SL 4 MP Smart Hybrid Light MD 2.0 Fixed Bullet Network Camera","https://www.hikvision.com/en/products/HiLook-IP-Products/Network-Cameras/Value-Camera/ipc-b140hap-luf-sl/","Iris Type","Fixed"
"hikvision","HiLook","Value Camera","IPC-B140HAP-LUF-SL","IPC-B140HAP-LUF/SL 4 MP Smart Hybrid Light MD 2.0 Fixed Bullet Network Camera","https://www.hikvision.com/en/products/HiLook-IP-Products/Network-Cameras/Value-Camera/ipc-b140hap-luf-sl/","Aperture","F1.6"
"hikvision","HiLook","Value Camera","IPC-B140HAP-LUF-SL","IPC-B140HAP-LUF/SL 4 MP Smart Hybrid Light MD 2.0 Fixed Bullet Network Camera","https://www.hikvision.com/en/products/HiLook-IP-Products/Network-Cameras/Value-Camera/ipc-b140hap-luf-sl/","DORI","2.8 mm, D: 63 m, O: 25 m, R: 12 m, I: 6 m\n4 mm, D: 78 m, O: 31 m, R: 15 m, I: 7 m"
"hikvision","HiLook","Value Camera","IPC-B140HAP-LUF-SL","IPC-B140HAP-LUF/SL 4 MP Smart Hybrid Light MD 2.0 Fixed Bullet Network Camera","https://www.hikvision.com/en/products/HiLook-IP-Products/Network-Cameras/Value-Camera/ipc-b140hap-luf-sl/","Supplement Light Type","IR,White Light"
"hikvision","HiLook","Value Camera","IPC-B140HAP-LUF-SL","IPC-B140HAP-LUF/SL 4 MP Smart Hybrid Light MD 2.0 Fixed Bullet Network Camera","https://www.hikvision.com/en/products/HiLook-IP-Products/Network-Cameras/Value-Camera/ipc-b140hap-luf-sl/","Supplement Light Range","Up to 30 m"
"hikvision","HiLook","Value Camera","IPC-B140HAP-LUF-SL","IPC-B140HAP-LUF/SL 4 MP Smart Hybrid Light MD 2.0 Fixed Bullet Network Camera","https://www.hikvision.com/en/products/HiLook-IP-Products/Network-Cameras/Value-Camera/ipc-b140hap-luf-sl/","Smart Supplement Light","Yes"
"hikvision","HiLook","Value Camera","IPC-B140HAP-LUF-SL","IPC-B140HAP-LUF/SL 4 MP Smart Hybrid Light MD 2.0 Fixed Bullet Network Camera","https://www.hikvision.com/en/products/HiLook-IP-Products/Network-Cameras/Value-Camera/ipc-b140hap-luf-sl/","IR Wavelength","850 nm"
"hikvision","HiLook","Value Camera","IPC-B140HAP-LUF-SL","IPC-B140HAP-LUF/SL 4 MP Smart Hybrid Light MD 2.0 Fixed Bullet Network Camera","https://www.hikvision.com/en/products/HiLook-IP-Products/Network-Cameras/Value-Camera/ipc-b140hap-luf-sl/","Main Stream","50 Hz:\n20 fps (2560 × 1440)\n25 fps (1920 × 1080, 1280 × 720)\n60 Hz:\n20 fps (2560 × 1440)\n24 fps (1920 × 1080, 1280 × 720)"
"hikvision","HiLook","Value Camera","IPC-B140HAP-LUF-SL","IPC-B140HAP-LUF/SL 4 MP Smart Hybrid Light MD 2.0 Fixed Bullet Network Camera","https://www.hikvision.com/en/products/HiLook-IP-Products/Network-Cameras/Value-Camera/ipc-b140hap-luf-sl/","Sub-Stream","50 Hz: 25 fps (1280 × 720, 640 × 480, 640 × 360)\n60 Hz: 24 fps (1280 × 720, 640 × 480, 640 × 360)"
"hikvision","HiLook","Value Camera","IPC-B140HAP-LUF-SL","IPC-B140HAP-LUF/SL 4 MP Smart Hybrid Light MD 2.0 Fixed Bullet Network Camera","https://www.hikvision.com/en/products/HiLook-IP-Products/Network-Cameras/Value-Camera/ipc-b140hap-luf-sl/","Video Compression","Main stream: H.265+/H.265/H.264+/H.264,\nSub-stream: H.265/H.264/MJPEG"
"hikvision","HiLook","Value Camera","IPC-B140HAP-LUF-SL","IPC-B140HAP-LUF/SL 4 MP Smart Hybrid Light MD 2.0 Fixed Bullet Network Camera","https://www.hikvision.com/en/products/HiLook-IP-Products/Network-Cameras/Value-Camera/ipc-b140hap-luf-sl/","Video Bit Rate","32 Kbps to 8 Mbps"
"hikvision","HiLook","Value Camera","IPC-B140HAP-LUF-SL","IPC-B140HAP-LUF/SL 4 MP Smart Hybrid Light MD 2.0 Fixed Bullet Network Camera","https://www.hikvision.com/en/products/HiLook-IP-Products/Network-Cameras/Value-Camera/ipc-b140hap-luf-sl/","H.264 Type","Baseline Profile,Main Profile,High Profile"
"hikvision","HiLook","Value Camera","IPC-B140HAP-LUF-SL","IPC-B140HAP-LUF/SL 4 MP Smart Hybrid Light MD 2.0 Fixed Bullet Network Camera","https://www.hikvision.com/en/products/HiLook-IP-Products/Network-Cameras/Value-Camera/ipc-b140hap-luf-sl/","H.265 Type","Main Profile"
"hikvision","HiLook","Value Camera","IPC-B140HAP-LUF-SL","IPC-B140HAP-LUF/SL 4 MP Smart Hybrid Light MD 2.0 Fixed Bullet Network Camera","https://www.hikvision.com/en/products/HiLook-IP-Products/Network-Cameras/Value-Camera/ipc-b140hap-luf-sl/","Bit Rate Control","CBR,VBR"
"hikvision","HiLook","Value Camera","IPC-B140HAP-LUF-SL","IPC-B140HAP-LUF/SL 4 MP Smart Hybrid Light MD 2.0 Fixed Bullet Network Camera","https://www.hikvision.com/en/products/HiLook-IP-Products/Network-Cameras/Value-Camera/ipc-b140hap-luf-sl/","Region Of Interest (ROI)","1 fixed region for main stream"
"hikvision","HiLook","Value Camera","IPC-B140HAP-LUF-SL","IPC-B140HAP-LUF/SL 4 MP Smart Hybrid Light MD 2.0 Fixed Bullet Network Camera","https://www.hikvision.com/en/products/HiLook-IP-Products/Network-Cameras/Value-Camera/ipc-b140hap-luf-sl/","Scalable Video Coding (SVC)","H.264 and H.265 encoding"
"hikvision","HiLook","Value Camera","IPC-B140HAP-LUF-SL","IPC-B140HAP-LUF/SL 4 MP Smart Hybrid Light MD 2.0 Fixed Bullet Network Camera","https://www.hikvision.com/en/products/HiLook-IP-Products/Network-Cameras/Value-Camera/ipc-b140hap-luf-sl/","Audio Type","Mono sound"
"hikvision","HiLook","Value Camera","IPC-B140HAP-LUF-SL","IPC-B140HAP-LUF/SL 4 MP Smart Hybrid Light MD 2.0 Fixed Bullet Network Camera","https://www.hikvision.com/en/products/HiLook-IP-Products/Network-Cameras/Value-Camera/ipc-b140hap-luf-sl/","Audio Sampling Rate","8 kHz/16 kHz"
"hikvision","HiLook","Value Camera","IPC-B140HAP-LUF-SL","IPC-B140HAP-LUF/SL 4 MP Smart Hybrid Light MD 2.0 Fixed Bullet Network Camera","https://www.hikvision.com/en/products/HiLook-IP-Products/Network-Cameras/Value-Camera/ipc-b140hap-luf-sl/","Environment Noise Filtering","Yes"
"hikvision","HiLook","Value Camera","IPC-B140HAP-LUF-SL","IPC-B140HAP-LUF/SL 4 MP Smart Hybrid Light MD 2.0 Fixed Bullet Network Camera","https://www.hikvision.com/en/products/HiLook-IP-Products/Network-Cameras/Value-Camera/ipc-b140hap-luf-sl/","Audio Compression","G.711/G.722.1/G.726/MP2L2/PCM/AAC-LC"
"hikvision","HiLook","Value Camera","IPC-B140HAP-LUF-SL","IPC-B140HAP-LUF/SL 4 MP Smart Hybrid Light MD 2.0 Fixed Bullet Network Camera","https://www.hikvision.com/en/products/HiLook-IP-Products/Network-Cameras/Value-Camera/ipc-b140hap-luf-sl/","Audio Bit Rate","64 Kbps (G.711ulaw/G.711alaw)/16 Kbps (G.722.1)/16 Kbps (G.726)/32 to 160 Kbps (MP2L2)/16 to 64 Kbps (AAC-LC)"
"hikvision","HiLook","Value Camera","IPC-B140HAP-LUF-SL","IPC-B140HAP-LUF/SL 4 MP Smart Hybrid Light MD 2.0 Fixed Bullet Network Camera","https://www.hikvision.com/en/products/HiLook-IP-Products/Network-Cameras/Value-Camera/ipc-b140hap-luf-sl/","Security","Password protection, complicated password, watermark, basic and digest authentication for HTTP, WSSE and digest authentication for Open Network Video Interface, security audit log, host authentication (MAC address)"
"hikvision","HiLook","Value Camera","IPC-B140HAP-LUF-SL","IPC-B140HAP-LUF/SL 4 MP Smart Hybrid Light MD 2.0 Fixed Bullet Network Camera","https://www.hikvision.com/en/products/HiLook-IP-Products/Network-Cameras/Value-Camera/ipc-b140hap-luf-sl/","Simultaneous Live View","Up to 6 channels"
"hikvision","HiLook","Value Camera","IPC-B140HAP-LUF-SL","IPC-B140HAP-LUF/SL 4 MP Smart Hybrid Light MD 2.0 Fixed Bullet Network Camera","https://www.hikvision.com/en/products/HiLook-IP-Products/Network-Cameras/Value-Camera/ipc-b140hap-luf-sl/","API","Open Network Interface (Profile S, Profile T, Profile G),ISAPI,SDK"
"hikvision","HiLook","Value Camera","IPC-B140HAP-LUF-SL","IPC-B140HAP-LUF/SL 4 MP Smart Hybrid Light MD 2.0 Fixed Bullet Network Camera","https://www.hikvision.com/en/products/HiLook-IP-Products/Network-Cameras/Value-Camera/ipc-b140hap-luf-sl/","Protocols","TCP/IP, ICMP, DHCP, DNS, HTTP, RTP, RTSP, RTCP, NTP, IGMP, IPv4, IPv6, UDP, QoS, FTP, SMTP"
"hikvision","HiLook","Value Camera","IPC-B140HAP-LUF-SL","IPC-B140HAP-LUF/SL 4 MP Smart Hybrid Light MD 2.0 Fixed Bullet Network Camera","https://www.hikvision.com/en/products/HiLook-IP-Products/Network-Cameras/Value-Camera/ipc-b140hap-luf-sl/","User/Host","Up to 32 users\n3 user levels: administrator, operator, and user"
"hikvision","HiLook","Value Camera","IPC-B140HAP-LUF-SL","IPC-B140HAP-LUF/SL 4 MP Smart Hybrid Light MD 2.0 Fixed Bullet Network Camera","https://www.hikvision.com/en/products/HiLook-IP-Products/Network-Cameras/Value-Camera/ipc-b140hap-luf-sl/","Client","iVMS-4200,HiLookVision"
"hikvision","HiLook","Value Camera","IPC-B140HAP-LUF-SL","IPC-B140HAP-LUF/SL 4 MP Smart Hybrid Light MD 2.0 Fixed Bullet Network Camera","https://www.hikvision.com/en/products/HiLook-IP-Products/Network-Cameras/Value-Camera/ipc-b140hap-luf-sl/","Web Browser","Plug-in required live view: IE 10, IE 11,\nLocal service: Chrome 80+, Firefox 80+, Edge 89+"
"hikvision","HiLook","Value Camera","IPC-B140HAP-LUF-SL","IPC-B140HAP-LUF/SL 4 MP Smart Hybrid Light MD 2.0 Fixed Bullet Network Camera","https://www.hikvision.com/en/products/HiLook-IP-Products/Network-Cameras/Value-Camera/ipc-b140hap-luf-sl/","Wide Dynamic Range (WDR)","120 dB"
"hikvision","HiLook","Value Camera","IPC-B140HAP-LUF-SL","IPC-B140HAP-LUF/SL 4 MP Smart Hybrid Light MD 2.0 Fixed Bullet Network Camera","https://www.hikvision.com/en/products/HiLook-IP-Products/Network-Cameras/Value-Camera/ipc-b140hap-luf-sl/","SNR","≥ 52 dB"
"hikvision","HiLook","Value Camera","IPC-B140HAP-LUF-SL","IPC-B140HAP-LUF/SL 4 MP Smart Hybrid Light MD 2.0 Fixed Bullet Network Camera","https://www.hikvision.com/en/products/HiLook-IP-Products/Network-Cameras/Value-Camera/ipc-b140hap-luf-sl/","Day/Night Switch","Day,Night,Auto,Schedule"
"hikvision","HiLook","Value Camera","IPC-B140HAP-LUF-SL","IPC-B140HAP-LUF/SL 4 MP Smart Hybrid Light MD 2.0 Fixed Bullet Network Camera","https://www.hikvision.com/en/products/HiLook-IP-Products/Network-Cameras/Value-Camera/ipc-b140hap-luf-sl/","Image Enhancement","BLC,HLC,3D DNR"
"hikvision","HiLook","Value Camera","IPC-B140HAP-LUF-SL","IPC-B140HAP-LUF/SL 4 MP Smart Hybrid Light MD 2.0 Fixed Bullet Network Camera","https://www.hikvision.com/en/products/HiLook-IP-Products/Network-Cameras/Value-Camera/ipc-b140hap-luf-sl/","Image Settings","Rotate mode,saturation,brightness,contrast,sharpness,gain,white balance,adjustable by client software or web browser"
"hikvision","HiLook","Value Camera","IPC-B140HAP-LUF-SL","IPC-B140HAP-LUF/SL 4 MP Smart Hybrid Light MD 2.0 Fixed Bullet Network Camera","https://www.hikvision.com/en/products/HiLook-IP-Products/Network-Cameras/Value-Camera/ipc-b140hap-luf-sl/","Privacy Mask","4 programmable rectangle privacy masks"
"hikvision","HiLook","Value Camera","IPC-B140HAP-LUF-SL","IPC-B140HAP-LUF/SL 4 MP Smart Hybrid Light MD 2.0 Fixed Bullet Network Camera","https://www.hikvision.com/en/products/HiLook-IP-Products/Network-Cameras/Value-Camera/ipc-b140hap-luf-sl/","Ethernet Interface","1 RJ45 10 M/100 M self-adaptive Ethernet port"
"hikvision","HiLook","Value Camera","IPC-B140HAP-LUF-SL","IPC-B140HAP-LUF/SL 4 MP Smart Hybrid Light MD 2.0 Fixed Bullet Network Camera","https://www.hikvision.com/en/products/HiLook-IP-Products/Network-Cameras/Value-Camera/ipc-b140hap-luf-sl/","On-Board Storage","Built-in memory card slot, support microSD/microSDHC/microSDXC card, up to 512 GB"
"hikvision","HiLook","Value Camera","IPC-B140HAP-LUF-SL","IPC-B140HAP-LUF/SL 4 MP Smart Hybrid Light MD 2.0 Fixed Bullet Network Camera","https://www.hikvision.com/en/products/HiLook-IP-Products/Network-Cameras/Value-Camera/ipc-b140hap-luf-sl/","Built-In Microphone","Yes,1 built-in microphone"
"hikvision","HiLook","Value Camera","IPC-B140HAP-LUF-SL","IPC-B140HAP-LUF/SL 4 MP Smart Hybrid Light MD 2.0 Fixed Bullet Network Camera","https://www.hikvision.com/en/products/HiLook-IP-Products/Network-Cameras/Value-Camera/ipc-b140hap-luf-sl/","Built-In Speaker","Max. power consumption: 1.5 W, max. sound pressure level: 10 cm: 95 dB."
"hikvision","HiLook","Value Camera","IPC-B140HAP-LUF-SL","IPC-B140HAP-LUF/SL 4 MP Smart Hybrid Light MD 2.0 Fixed Bullet Network Camera","https://www.hikvision.com/en/products/HiLook-IP-Products/Network-Cameras/Value-Camera/ipc-b140hap-luf-sl/","Reset Key","Yes"
"hikvision","HiLook","Value Camera","IPC-B140HAP-LUF-SL","IPC-B140HAP-LUF/SL 4 MP Smart Hybrid Light MD 2.0 Fixed Bullet Network Camera","https://www.hikvision.com/en/products/HiLook-IP-Products/Network-Cameras/Value-Camera/ipc-b140hap-luf-sl/","Basic Event","Motion detection (support alarm triggering by specified target types (human and vehicle)),video tampering alarm,exception"
"hikvision","HiLook","Value Camera","IPC-B140HAP-LUF-SL","IPC-B140HAP-LUF/SL 4 MP Smart Hybrid Light MD 2.0 Fixed Bullet Network Camera","https://www.hikvision.com/en/products/HiLook-IP-Products/Network-Cameras/Value-Camera/ipc-b140hap-luf-sl/","Linkage","Upload to FTP/memory card,notify surveillance center,send email,trigger recording,trigger capture,audible warning,flashing light"
"hikvision","HiLook","Value Camera","IPC-B140HAP-LUF-SL","IPC-B140HAP-LUF/SL 4 MP Smart Hybrid Light MD 2.0 Fixed Bullet Network Camera","https://www.hikvision.com/en/products/HiLook-IP-Products/Network-Cameras/Value-Camera/ipc-b140hap-luf-sl/","Power","12 VDC ± 25%, 0.66 A, max. 8 W,Ø5.5 mm coaxial power plug,reverse polarity protection,\nPoE: IEEE 802.3af, Class 3, max. 9.5 W"
"hikvision","HiLook","Value Camera","IPC-B140HAP-LUF-SL","IPC-B140HAP-LUF/SL 4 MP Smart Hybrid Light MD 2.0 Fixed Bullet Network Camera","https://www.hikvision.com/en/products/HiLook-IP-Products/Network-Cameras/Value-Camera/ipc-b140hap-luf-sl/","Material","Metal"
"hikvision","HiLook","Value Camera","IPC-B140HAP-LUF-SL","IPC-B140HAP-LUF/SL 4 MP Smart Hybrid Light MD 2.0 Fixed Bullet Network Camera","https://www.hikvision.com/en/products/HiLook-IP-Products/Network-Cameras/Value-Camera/ipc-b140hap-luf-sl/","Dimension","179 mm × 67.4 mm × 69.1 mm (7.1\" × 2.7\" × 2.7\")"
"hikvision","HiLook","Value Camera","IPC-B140HAP-LUF-SL","IPC-B140HAP-LUF/SL 4 MP Smart Hybrid Light MD 2.0 Fixed Bullet Network Camera","https://www.hikvision.com/en/products/HiLook-IP-Products/Network-Cameras/Value-Camera/ipc-b140hap-luf-sl/","Package Dimension","216 mm × 121 mm × 118 mm (8.5\" × 4.8\" × 4.6\")"
"hikvision","HiLook","Value Camera","IPC-B140HAP-LUF-SL","IPC-B140HAP-LUF/SL 4 MP Smart Hybrid Light MD 2.0 Fixed Bullet Network Camera","https://www.hikvision.com/en/products/HiLook-IP-Products/Network-Cameras/Value-Camera/ipc-b140hap-luf-sl/","With Package Weight","Approx. 655 g (1.4 lb.)"
"hikvision","HiLook","Value Camera","IPC-B140HAP-LUF-SL","IPC-B140HAP-LUF/SL 4 MP Smart Hybrid Light MD 2.0 Fixed Bullet Network Camera","https://www.hikvision.com/en/products/HiLook-IP-Products/Network-Cameras/Value-Camera/ipc-b140hap-luf-sl/","Storage Conditions","-30 °C to 60 °C (-22 °F to 140 °F). Humidity 95% or less (non-condensing)"
"hikvision","HiLook","Value Camera","IPC-B140HAP-LUF-SL","IPC-B140HAP-LUF/SL 4 MP Smart Hybrid Light MD 2.0 Fixed Bullet Network Camera","https://www.hikvision.com/en/products/HiLook-IP-Products/Network-Cameras/Value-Camera/ipc-b140hap-luf-sl/","Startup And Operating Conditions","-30 °C to 60 °C (-22 °F to 140 °F). Humidity 95% or less (non-condensing)"
"hikvision","HiLook","Value Camera","IPC-B140HAP-LUF-SL","IPC-B140HAP-LUF/SL 4 MP Smart Hybrid Light MD 2.0 Fixed Bullet Network Camera","https://www.hikvision.com/en/products/HiLook-IP-Products/Network-Cameras/Value-Camera/ipc-b140hap-luf-sl/","Language","English, Ukrainian"
"hikvision","HiLook","Value Camera","IPC-B140HAP-LUF-SL","IPC-B140HAP-LUF/SL 4 MP Smart Hybrid Light MD 2.0 Fixed Bullet Network Camera","https://www.hikvision.com/en/products/HiLook-IP-Products/Network-Cameras/Value-Camera/ipc-b140hap-luf-sl/","General Function","Heartbeat,anti-banding,mirror,password protection,password reset via email"
"hikvision","HiLook","Value Camera","IPC-B140HAP-LUF-SL","IPC-B140HAP-LUF/SL 4 MP Smart Hybrid Light MD 2.0 Fixed Bullet Network Camera","https://www.hikvision.com/en/products/HiLook-IP-Products/Network-Cameras/Value-Camera/ipc-b140hap-luf-sl/","Flashing Light","Red and Blue Light"
"hikvision","HiLook","Value Camera","IPC-B140HAP-LUF-SL","IPC-B140HAP-LUF/SL 4 MP Smart Hybrid Light MD 2.0 Fixed Bullet Network Camera","https://www.hikvision.com/en/products/HiLook-IP-Products/Network-Cameras/Value-Camera/ipc-b140hap-luf-sl/","EMC","CE-EMC: EN 55032:2015+A1:2020, EN 50130-4:2011+A1:2014, EN IEC 61000-3-2:2019+A1:2021, EN 61000-3-3:2013+A1:2019+A2:2021,\nRCM: AS/NZS CISPR 32: 2015,\nIC: ICES-003: Issue 7"
"hikvision","HiLook","Value Camera","IPC-B140HAP-LUF-SL","IPC-B140HAP-LUF/SL 4 MP Smart Hybrid Light MD 2.0 Fixed Bullet Network Camera","https://www.hikvision.com/en/products/HiLook-IP-Products/Network-Cameras/Value-Camera/ipc-b140hap-luf-sl/","Safety","CB: IEC 62368-1: 2014+A11,\nCE-LVD: EN 62368-1: 2014/A11: 2017"
"hikvision","HiLook","Value Camera","IPC-B140HAP-LUF-SL","IPC-B140HAP-LUF/SL 4 MP Smart Hybrid Light MD 2.0 Fixed Bullet Network Camera","https://www.hikvision.com/en/products/HiLook-IP-Products/Network-Cameras/Value-Camera/ipc-b140hap-luf-sl/","Environment","CE-RoHS: 2011/65/EU,\nWEEE: 2012/19/EU,\nReach: Regulation (EC) No 1907/2006"
"hikvision","HiLook","Value Camera","IPC-B140HAP-LUF-SL","IPC-B140HAP-LUF/SL 4 MP Smart Hybrid Light MD 2.0 Fixed Bullet Network Camera","https://www.hikvision.com/en/products/HiLook-IP-Products/Network-Cameras/Value-Camera/ipc-b140hap-luf-sl/","Protection","IP67: IEC 60529-2013"
"hikvision","HiLook","Value Camera","IPC-B149HAA-LU-F---SL---SRB-","IPC-B149HAA-LU(F)(/SL)(/SRB) NEW 4 MP ColorVu 3.0 Fixed Bullet Network Camera","https://www.hikvision.com/en/products/HiLook-IP-Products/Network-Cameras/Value-Camera/ipc-b149haa-lu-f---sl---srb-/","Image Sensor","1/3\" Progressive Scan CMOS"
"hikvision","HiLook","Value Camera","IPC-B149HAA-LU-F---SL---SRB-","IPC-B149HAA-LU(F)(/SL)(/SRB) NEW 4 MP ColorVu 3.0 Fixed Bullet Network Camera","https://www.hikvision.com/en/products/HiLook-IP-Products/Network-Cameras/Value-Camera/ipc-b149haa-lu-f---sl---srb-/","Max. Resolution","2560 × 1440"
"hikvision","HiLook","Value Camera","IPC-B149HAA-LU-F---SL---SRB-","IPC-B149HAA-LU(F)(/SL)(/SRB) NEW 4 MP ColorVu 3.0 Fixed Bullet Network Camera","https://www.hikvision.com/en/products/HiLook-IP-Products/Network-Cameras/Value-Camera/ipc-b149haa-lu-f---sl---srb-/","Min. Illumination","Color: 0.0005 Lux @ (F1.0, AGC ON),0 Lux with light"
"hikvision","HiLook","Value Camera","IPC-B149HAA-LU-F---SL---SRB-","IPC-B149HAA-LU(F)(/SL)(/SRB) NEW 4 MP ColorVu 3.0 Fixed Bullet Network Camera","https://www.hikvision.com/en/products/HiLook-IP-Products/Network-Cameras/Value-Camera/ipc-b149haa-lu-f---sl---srb-/","Shutter Time","1 s to 1/100,000 s"
"hikvision","HiLook","Value Camera","IPC-B149HAA-LU-F---SL---SRB-","IPC-B149HAA-LU(F)(/SL)(/SRB) NEW 4 MP ColorVu 3.0 Fixed Bullet Network Camera","https://www.hikvision.com/en/products/HiLook-IP-Products/Network-Cameras/Value-Camera/ipc-b149haa-lu-f---sl---srb-/","Day & Night","IR cut filter"
"hikvision","HiLook","Value Camera","IPC-B149HAA-LU-F---SL---SRB-","IPC-B149HAA-LU(F)(/SL)(/SRB) NEW 4 MP ColorVu 3.0 Fixed Bullet Network Camera","https://www.hikvision.com/en/products/HiLook-IP-Products/Network-Cameras/Value-Camera/ipc-b149haa-lu-f---sl---srb-/","Angle Adjustment","Pan: 0° to 360°,tilt: 0° to 90°,rotate: 0° to 360°"
"hikvision","HiLook","Value Camera","IPC-B149HAA-LU-F---SL---SRB-","IPC-B149HAA-LU(F)(/SL)(/SRB) NEW 4 MP ColorVu 3.0 Fixed Bullet Network Camera","https://www.hikvision.com/en/products/HiLook-IP-Products/Network-Cameras/Value-Camera/ipc-b149haa-lu-f---sl---srb-/","Lens Type","Fixed focal lens, 2.8 and 4 mm optional"
"hikvision","HiLook","Value Camera","IPC-B149HAA-LU-F---SL---SRB-","IPC-B149HAA-LU(F)(/SL)(/SRB) NEW 4 MP ColorVu 3.0 Fixed Bullet Network Camera","https://www.hikvision.com/en/products/HiLook-IP-Products/Network-Cameras/Value-Camera/ipc-b149haa-lu-f---sl---srb-/","Focal Length & FOV","2.8 mm, horizontal FOV 101.5°, vertical FOV 54.6°, diagonal FOV 122.1°\n4 mm, horizontal FOV 84.1°, vertical FOV 45.6°, diagonal FOV 99.1°"
"hikvision","HiLook","Value Camera","IPC-B149HAA-LU-F---SL---SRB-","IPC-B149HAA-LU(F)(/SL)(/SRB) NEW 4 MP ColorVu 3.0 Fixed Bullet Network Camera","https://www.hikvision.com/en/products/HiLook-IP-Products/Network-Cameras/Value-Camera/ipc-b149haa-lu-f---sl---srb-/","Lens Mount","M12"
"hikvision","HiLook","Value Camera","IPC-B149HAA-LU-F---SL---SRB-","IPC-B149HAA-LU(F)(/SL)(/SRB) NEW 4 MP ColorVu 3.0 Fixed Bullet Network Camera","https://www.hikvision.com/en/products/HiLook-IP-Products/Network-Cameras/Value-Camera/ipc-b149haa-lu-f---sl---srb-/","Iris Type","Fixed"
"hikvision","HiLook","Value Camera","IPC-B149HAA-LU-F---SL---SRB-","IPC-B149HAA-LU(F)(/SL)(/SRB) NEW 4 MP ColorVu 3.0 Fixed Bullet Network Camera","https://www.hikvision.com/en/products/HiLook-IP-Products/Network-Cameras/Value-Camera/ipc-b149haa-lu-f---sl---srb-/","Aperture","F1.0"
"hikvision","HiLook","Value Camera","IPC-B149HAA-LU-F---SL---SRB-","IPC-B149HAA-LU(F)(/SL)(/SRB) NEW 4 MP ColorVu 3.0 Fixed Bullet Network Camera","https://www.hikvision.com/en/products/HiLook-IP-Products/Network-Cameras/Value-Camera/ipc-b149haa-lu-f---sl---srb-/","Depth Of Field","2.8 mm: 1.7 m to ∞\n4 mm: 1.6 m to ∞"
"hikvision","HiLook","Value Camera","IPC-B149HAA-LU-F---SL---SRB-","IPC-B149HAA-LU(F)(/SL)(/SRB) NEW 4 MP ColorVu 3.0 Fixed Bullet Network Camera","https://www.hikvision.com/en/products/HiLook-IP-Products/Network-Cameras/Value-Camera/ipc-b149haa-lu-f---sl---srb-/","DORI","2.8 mm, D: 63 m, O: 25 m, R: 12 m, I: 6 m\n4 mm, D: 77 m, O: 30 m, R: 15 m, I: 7 m"
"hikvision","HiLook","Value Camera","IPC-B149HAA-LU-F---SL---SRB-","IPC-B149HAA-LU(F)(/SL)(/SRB) NEW 4 MP ColorVu 3.0 Fixed Bullet Network Camera","https://www.hikvision.com/en/products/HiLook-IP-Products/Network-Cameras/Value-Camera/ipc-b149haa-lu-f---sl---srb-/","Supplement Light Type","IR,White Light"
"hikvision","HiLook","Value Camera","IPC-B149HAA-LU-F---SL---SRB-","IPC-B149HAA-LU(F)(/SL)(/SRB) NEW 4 MP ColorVu 3.0 Fixed Bullet Network Camera","https://www.hikvision.com/en/products/HiLook-IP-Products/Network-Cameras/Value-Camera/ipc-b149haa-lu-f---sl---srb-/","Supplement Light Range","Up to 30 m"
"hikvision","HiLook","Value Camera","IPC-B149HAA-LU-F---SL---SRB-","IPC-B149HAA-LU(F)(/SL)(/SRB) NEW 4 MP ColorVu 3.0 Fixed Bullet Network Camera","https://www.hikvision.com/en/products/HiLook-IP-Products/Network-Cameras/Value-Camera/ipc-b149haa-lu-f---sl---srb-/","Smart Supplement Light","Yes"
"hikvision","HiLook","Value Camera","IPC-B149HAA-LU-F---SL---SRB-","IPC-B149HAA-LU(F)(/SL)(/SRB) NEW 4 MP ColorVu 3.0 Fixed Bullet Network Camera","https://www.hikvision.com/en/products/HiLook-IP-Products/Network-Cameras/Value-Camera/ipc-b149haa-lu-f---sl---srb-/","IR Wavelength","850 nm"
"hikvision","HiLook","Value Camera","IPC-B149HAA-LU-F---SL---SRB-","IPC-B149HAA-LU(F)(/SL)(/SRB) NEW 4 MP ColorVu 3.0 Fixed Bullet Network Camera","https://www.hikvision.com/en/products/HiLook-IP-Products/Network-Cameras/Value-Camera/ipc-b149haa-lu-f---sl---srb-/","Main Stream","50 Hz:\n25 fps (2688 × 1520, 2560 × 1440, 1920 × 1080, 1280 × 720)\n60 Hz:\n24 fps (2688 × 1520, 2560 × 1440, 1920 × 1080, 1280 × 720)"
"hikvision","HiLook","Value Camera","IPC-B149HAA-LU-F---SL---SRB-","IPC-B149HAA-LU(F)(/SL)(/SRB) NEW 4 MP ColorVu 3.0 Fixed Bullet Network Camera","https://www.hikvision.com/en/products/HiLook-IP-Products/Network-Cameras/Value-Camera/ipc-b149haa-lu-f---sl---srb-/","Sub-Stream","50 Hz: 25 fps (1280 × 720, 640 × 480, 640 × 360)\n60 Hz: 24 fps (1280 × 720, 640 × 480, 640 × 360)"
"hikvision","HiLook","Value Camera","IPC-B149HAA-LU-F---SL---SRB-","IPC-B149HAA-LU(F)(/SL)(/SRB) NEW 4 MP ColorVu 3.0 Fixed Bullet Network Camera","https://www.hikvision.com/en/products/HiLook-IP-Products/Network-Cameras/Value-Camera/ipc-b149haa-lu-f---sl---srb-/","Video Compression","Main stream: H.265+/H.265/H.264+/H.264, Sub-stream: H.265/H.264/MJPEG"
"hikvision","HiLook","Value Camera","IPC-B149HAA-LU-F---SL---SRB-","IPC-B149HAA-LU(F)(/SL)(/SRB) NEW 4 MP ColorVu 3.0 Fixed Bullet Network Camera","https://www.hikvision.com/en/products/HiLook-IP-Products/Network-Cameras/Value-Camera/ipc-b149haa-lu-f---sl---srb-/","Video Bit Rate","32 Kbps to 16 Mbps"
"hikvision","HiLook","Value Camera","IPC-B149HAA-LU-F---SL---SRB-","IPC-B149HAA-LU(F)(/SL)(/SRB) NEW 4 MP ColorVu 3.0 Fixed Bullet Network Camera","https://www.hikvision.com/en/products/HiLook-IP-Products/Network-Cameras/Value-Camera/ipc-b149haa-lu-f---sl---srb-/","H.264 Type","Baseline Profile,Main Profile,High Profile"
"hikvision","HiLook","Value Camera","IPC-B149HAA-LU-F---SL---SRB-","IPC-B149HAA-LU(F)(/SL)(/SRB) NEW 4 MP ColorVu 3.0 Fixed Bullet Network Camera","https://www.hikvision.com/en/products/HiLook-IP-Products/Network-Cameras/Value-Camera/ipc-b149haa-lu-f---sl---srb-/","H.265 Type","Main Profile"
"hikvision","HiLook","Value Camera","IPC-B149HAA-LU-F---SL---SRB-","IPC-B149HAA-LU(F)(/SL)(/SRB) NEW 4 MP ColorVu 3.0 Fixed Bullet Network Camera","https://www.hikvision.com/en/products/HiLook-IP-Products/Network-Cameras/Value-Camera/ipc-b149haa-lu-f---sl---srb-/","Bit Rate Control","CBR,VBR"
"hikvision","HiLook","Value Camera","IPC-B149HAA-LU-F---SL---SRB-","IPC-B149HAA-LU(F)(/SL)(/SRB) NEW 4 MP ColorVu 3.0 Fixed Bullet Network Camera","https://www.hikvision.com/en/products/HiLook-IP-Products/Network-Cameras/Value-Camera/ipc-b149haa-lu-f---sl---srb-/","Region Of Interest (ROI)","1 fixed region for main stream and sub-stream"
"hikvision","HiLook","Value Camera","IPC-B149HAA-LU-F---SL---SRB-","IPC-B149HAA-LU(F)(/SL)(/SRB) NEW 4 MP ColorVu 3.0 Fixed Bullet Network Camera","https://www.hikvision.com/en/products/HiLook-IP-Products/Network-Cameras/Value-Camera/ipc-b149haa-lu-f---sl---srb-/","Scalable Video Coding (SVC)","H.264 and H.265 encoding"
"hikvision","HiLook","Value Camera","IPC-B149HAA-LU-F---SL---SRB-","IPC-B149HAA-LU(F)(/SL)(/SRB) NEW 4 MP ColorVu 3.0 Fixed Bullet Network Camera","https://www.hikvision.com/en/products/HiLook-IP-Products/Network-Cameras/Value-Camera/ipc-b149haa-lu-f---sl---srb-/","Audio Type","Mono sound"
"hikvision","HiLook","Value Camera","IPC-B149HAA-LU-F---SL---SRB-","IPC-B149HAA-LU(F)(/SL)(/SRB) NEW 4 MP ColorVu 3.0 Fixed Bullet Network Camera","https://www.hikvision.com/en/products/HiLook-IP-Products/Network-Cameras/Value-Camera/ipc-b149haa-lu-f---sl---srb-/","Audio Compression","G.711ulaw/G.711alaw/G.722.1/G.726/MP2L2/PCM/AAC-LC/MP3"
"hikvision","HiLook","Value Camera","IPC-B149HAA-LU-F---SL---SRB-","IPC-B149HAA-LU(F)(/SL)(/SRB) NEW 4 MP ColorVu 3.0 Fixed Bullet Network Camera","https://www.hikvision.com/en/products/HiLook-IP-Products/Network-Cameras/Value-Camera/ipc-b149haa-lu-f---sl---srb-/","Audio Bit Rate","64 Kbps (G.711)/16 Kbps (G.722.1)/16 Kbps (G.726)/32 to 160 Kbps (MP2L2)/16 to 64 Kbps (AAC-LC)/8 to 160 Kbps(MP3)"
"hikvision","HiLook","Value Camera","IPC-B149HAA-LU-F---SL---SRB-","IPC-B149HAA-LU(F)(/SL)(/SRB) NEW 4 MP ColorVu 3.0 Fixed Bullet Network Camera","https://www.hikvision.com/en/products/HiLook-IP-Products/Network-Cameras/Value-Camera/ipc-b149haa-lu-f---sl---srb-/","Audio Sampling Rate","8 kHz/16 kHz"
"hikvision","HiLook","Value Camera","IPC-B149HAA-LU-F---SL---SRB-","IPC-B149HAA-LU(F)(/SL)(/SRB) NEW 4 MP ColorVu 3.0 Fixed Bullet Network Camera","https://www.hikvision.com/en/products/HiLook-IP-Products/Network-Cameras/Value-Camera/ipc-b149haa-lu-f---sl---srb-/","Environment Noise Filtering","Yes"
"hikvision","HiLook","Value Camera","IPC-B149HAA-LU-F---SL---SRB-","IPC-B149HAA-LU(F)(/SL)(/SRB) NEW 4 MP ColorVu 3.0 Fixed Bullet Network Camera","https://www.hikvision.com/en/products/HiLook-IP-Products/Network-Cameras/Value-Camera/ipc-b149haa-lu-f---sl---srb-/","Protocols","TCP/IP, ICMP, DHCP, DNS, HTTP, RTP, RTSP, RTCP, NTP, IPv4, IPv6, IGMP, UDP, QoS, FTP, SMTP"
"hikvision","HiLook","Value Camera","IPC-B149HAA-LU-F---SL---SRB-","IPC-B149HAA-LU(F)(/SL)(/SRB) NEW 4 MP ColorVu 3.0 Fixed Bullet Network Camera","https://www.hikvision.com/en/products/HiLook-IP-Products/Network-Cameras/Value-Camera/ipc-b149haa-lu-f---sl---srb-/","Simultaneous Live View","Up to 6 channels"
"hikvision","HiLook","Value Camera","IPC-B149HAA-LU-F---SL---SRB-","IPC-B149HAA-LU(F)(/SL)(/SRB) NEW 4 MP ColorVu 3.0 Fixed Bullet Network Camera","https://www.hikvision.com/en/products/HiLook-IP-Products/Network-Cameras/Value-Camera/ipc-b149haa-lu-f---sl---srb-/","API","ONVIF (Profile S, Profile G, Profile T),ISAPI,SDK"
"hikvision","HiLook","Value Camera","IPC-B149HAA-LU-F---SL---SRB-","IPC-B149HAA-LU(F)(/SL)(/SRB) NEW 4 MP ColorVu 3.0 Fixed Bullet Network Camera","https://www.hikvision.com/en/products/HiLook-IP-Products/Network-Cameras/Value-Camera/ipc-b149haa-lu-f---sl---srb-/","Security","Password protection, complicated password, watermark, basic and digest authentication for HTTP, WSSE and digest authentication for Open Network Video Interface, security audit log, host authentication (MAC address)"
"hikvision","HiLook","Value Camera","IPC-B149HAA-LU-F---SL---SRB-","IPC-B149HAA-LU(F)(/SL)(/SRB) NEW 4 MP ColorVu 3.0 Fixed Bullet Network Camera","https://www.hikvision.com/en/products/HiLook-IP-Products/Network-Cameras/Value-Camera/ipc-b149haa-lu-f---sl---srb-/","User/Host","Up to 32 users\n3 user levels: administrator, operator, and user"
"hikvision","HiLook","Value Camera","IPC-B149HAA-LU-F---SL---SRB-","IPC-B149HAA-LU(F)(/SL)(/SRB) NEW 4 MP ColorVu 3.0 Fixed Bullet Network Camera","https://www.hikvision.com/en/products/HiLook-IP-Products/Network-Cameras/Value-Camera/ipc-b149haa-lu-f---sl---srb-/","Client","iVMS-4200,HiLookVision"
"hikvision","HiLook","Value Camera","IPC-B149HAA-LU-F---SL---SRB-","IPC-B149HAA-LU(F)(/SL)(/SRB) NEW 4 MP ColorVu 3.0 Fixed Bullet Network Camera","https://www.hikvision.com/en/products/HiLook-IP-Products/Network-Cameras/Value-Camera/ipc-b149haa-lu-f---sl---srb-/","Web Browser","Plug-in free live view: Chrome 57.0+, Firefox 52.0+, Edge 89+, Safari 11\nLocal service: Chrome 57.0+, Firefox 52.0+, Edge 89+"
"hikvision","HiLook","Value Camera","IPC-B149HAA-LU-F---SL---SRB-","IPC-B149HAA-LU(F)(/SL)(/SRB) NEW 4 MP ColorVu 3.0 Fixed Bullet Network Camera","https://www.hikvision.com/en/products/HiLook-IP-Products/Network-Cameras/Value-Camera/ipc-b149haa-lu-f---sl---srb-/","Image Settings","Rotate mode,saturation,brightness,contrast,sharpness,gain,white balance,adjustable by client software or web browser"
"hikvision","HiLook","Value Camera","IPC-B149HAA-LU-F---SL---SRB-","IPC-B149HAA-LU(F)(/SL)(/SRB) NEW 4 MP ColorVu 3.0 Fixed Bullet Network Camera","https://www.hikvision.com/en/products/HiLook-IP-Products/Network-Cameras/Value-Camera/ipc-b149haa-lu-f---sl---srb-/","Day/Night Switch","Day,Night,Auto,Schedule"
"hikvision","HiLook","Value Camera","IPC-B149HAA-LU-F---SL---SRB-","IPC-B149HAA-LU(F)(/SL)(/SRB) NEW 4 MP ColorVu 3.0 Fixed Bullet Network Camera","https://www.hikvision.com/en/products/HiLook-IP-Products/Network-Cameras/Value-Camera/ipc-b149haa-lu-f---sl---srb-/","Wide Dynamic Range (WDR)","120 dB"
"hikvision","HiLook","Value Camera","IPC-B149HAA-LU-F---SL---SRB-","IPC-B149HAA-LU(F)(/SL)(/SRB) NEW 4 MP ColorVu 3.0 Fixed Bullet Network Camera","https://www.hikvision.com/en/products/HiLook-IP-Products/Network-Cameras/Value-Camera/ipc-b149haa-lu-f---sl---srb-/","SNR","≥ 52 dB"
"hikvision","HiLook","Value Camera","IPC-B149HAA-LU-F---SL---SRB-","IPC-B149HAA-LU(F)(/SL)(/SRB) NEW 4 MP ColorVu 3.0 Fixed Bullet Network Camera","https://www.hikvision.com/en/products/HiLook-IP-Products/Network-Cameras/Value-Camera/ipc-b149haa-lu-f---sl---srb-/","Image Enhancement","BLC,HLC,3D DNR"
"hikvision","HiLook","Value Camera","IPC-B149HAA-LU-F---SL---SRB-","IPC-B149HAA-LU(F)(/SL)(/SRB) NEW 4 MP ColorVu 3.0 Fixed Bullet Network Camera","https://www.hikvision.com/en/products/HiLook-IP-Products/Network-Cameras/Value-Camera/ipc-b149haa-lu-f---sl---srb-/","Privacy Mask","4 programmable rectangular privacy masks"
"hikvision","HiLook","Value Camera","IPC-B149HAA-LU-F---SL---SRB-","IPC-B149HAA-LU(F)(/SL)(/SRB) NEW 4 MP ColorVu 3.0 Fixed Bullet Network Camera","https://www.hikvision.com/en/products/HiLook-IP-Products/Network-Cameras/Value-Camera/ipc-b149haa-lu-f---sl---srb-/","Ethernet Interface","1 RJ45 10 M/100 M self-adaptive Ethernet port"
"hikvision","HiLook","Value Camera","IPC-B149HAA-LU-F---SL---SRB-","IPC-B149HAA-LU(F)(/SL)(/SRB) NEW 4 MP ColorVu 3.0 Fixed Bullet Network Camera","https://www.hikvision.com/en/products/HiLook-IP-Products/Network-Cameras/Value-Camera/ipc-b149haa-lu-f---sl---srb-/","On-Board Storage","-LU：NA\n-LUF/S(L)(RB)：Built-in memory card slot, support microSD/microSDHC/microSDXC card, up to 512 GB"
"hikvision","HiLook","Value Camera","IPC-B149HAA-LU-F---SL---SRB-","IPC-B149HAA-LU(F)(/SL)(/SRB) NEW 4 MP ColorVu 3.0 Fixed Bullet Network Camera","https://www.hikvision.com/en/products/HiLook-IP-Products/Network-Cameras/Value-Camera/ipc-b149haa-lu-f---sl---srb-/","Built-In Microphone","Yes,1 built-in microphone"
"hikvision","HiLook","Value Camera","IPC-B149HAA-LU-F---SL---SRB-","IPC-B149HAA-LU(F)(/SL)(/SRB) NEW 4 MP ColorVu 3.0 Fixed Bullet Network Camera","https://www.hikvision.com/en/products/HiLook-IP-Products/Network-Cameras/Value-Camera/ipc-b149haa-lu-f---sl---srb-/","Built-In Speaker","-LU: NA\n-LUF/S(L)(RB): Max. power consumption: 1.5 W, max. sound pressure level: 10 cm: 98 dB"
"hikvision","HiLook","Value Camera","IPC-B149HAA-LU-F---SL---SRB-","IPC-B149HAA-LU(F)(/SL)(/SRB) NEW 4 MP ColorVu 3.0 Fixed Bullet Network Camera","https://www.hikvision.com/en/products/HiLook-IP-Products/Network-Cameras/Value-Camera/ipc-b149haa-lu-f---sl---srb-/","Reset Key","-LU：NA\n-LUF/S(L)(RB)：YES"
"hikvision","HiLook","Value Camera","IPC-B149HAA-LU-F---SL---SRB-","IPC-B149HAA-LU(F)(/SL)(/SRB) NEW 4 MP ColorVu 3.0 Fixed Bullet Network Camera","https://www.hikvision.com/en/products/HiLook-IP-Products/Network-Cameras/Value-Camera/ipc-b149haa-lu-f---sl---srb-/","Basic Event","Motion detection (support alarm triggering by specified target types (person and vehicle)), video tampering alarm, exception"
"hikvision","HiLook","Value Camera","IPC-B149HAA-LU-F---SL---SRB-","IPC-B149HAA-LU(F)(/SL)(/SRB) NEW 4 MP ColorVu 3.0 Fixed Bullet Network Camera","https://www.hikvision.com/en/products/HiLook-IP-Products/Network-Cameras/Value-Camera/ipc-b149haa-lu-f---sl---srb-/","Linkage","notify surveillance center,send email,trigger capture, -F: trigger recording"
"hikvision","HiLook","Value Camera","IPC-B149HAA-LU-F---SL---SRB-","IPC-B149HAA-LU(F)(/SL)(/SRB) NEW 4 MP ColorVu 3.0 Fixed Bullet Network Camera","https://www.hikvision.com/en/products/HiLook-IP-Products/Network-Cameras/Value-Camera/ipc-b149haa-lu-f---sl---srb-/","Power","-LU: 12 VDC ± 25%, 0.55 A, max. 6.6 W, Ø5.5 mm coaxial power plug, reverse polarity protection, PoE: IEEE 802.3af, Class 3, max. 8 W,\n-LUF/S(L)(RB): 12 VDC ± 25%, 0.72 A, max. 8.9 W, Ø5.5 mm coaxial power plug, reverse polarity protection, PoE: IEEE 802.3af, Class 3, max. 10.5 W"
"hikvision","HiLook","Value Camera","IPC-B149HAA-LU-F---SL---SRB-","IPC-B149HAA-LU(F)(/SL)(/SRB) NEW 4 MP ColorVu 3.0 Fixed Bullet Network Camera","https://www.hikvision.com/en/products/HiLook-IP-Products/Network-Cameras/Value-Camera/ipc-b149haa-lu-f---sl---srb-/","Material","Front cover: metal, body: plastic, bracket: plastic"
"hikvision","HiLook","Value Camera","IPC-B149HAA-LU-F---SL---SRB-","IPC-B149HAA-LU(F)(/SL)(/SRB) NEW 4 MP ColorVu 3.0 Fixed Bullet Network Camera","https://www.hikvision.com/en/products/HiLook-IP-Products/Network-Cameras/Value-Camera/ipc-b149haa-lu-f---sl---srb-/","Dimension","-LU: 69.1 mm × 66.9 mm × 172.9 mm (2.7\" × 2.6\\\" × 6.8\\\")\n-LUF/S(L)(RB): 69.1 mm × 67.4 mm × 179 mm (2.7 × 2.7\\\" × 7.1\\\")\""
"hikvision","HiLook","Value Camera","IPC-B149HAA-LU-F---SL---SRB-","IPC-B149HAA-LU(F)(/SL)(/SRB) NEW 4 MP ColorVu 3.0 Fixed Bullet Network Camera","https://www.hikvision.com/en/products/HiLook-IP-Products/Network-Cameras/Value-Camera/ipc-b149haa-lu-f---sl---srb-/","Package Dimension","216 mm × 121 mm × 118 mm (8.5\" × 4.8\" × 4.7\")"
"hikvision","HiLook","Value Camera","IPC-B149HAA-LU-F---SL---SRB-","IPC-B149HAA-LU(F)(/SL)(/SRB) NEW 4 MP ColorVu 3.0 Fixed Bullet Network Camera","https://www.hikvision.com/en/products/HiLook-IP-Products/Network-Cameras/Value-Camera/ipc-b149haa-lu-f---sl---srb-/","With Package Weight","-LU: Approx. 445 g (0.98 lb.)\n-LUF/SL: Approx. 480 g (1.06 lb.)\n-LUF/SRB: Approx. 480 g (1.06 lb.)"
"hikvision","HiLook","Value Camera","IPC-B149HAA-LU-F---SL---SRB-","IPC-B149HAA-LU(F)(/SL)(/SRB) NEW 4 MP ColorVu 3.0 Fixed Bullet Network Camera","https://www.hikvision.com/en/products/HiLook-IP-Products/Network-Cameras/Value-Camera/ipc-b149haa-lu-f---sl---srb-/","Storage Conditions","-30 °C to 60 °C (-22 °F to 140 °F). Humidity 95% or less (non-condensing)"
"hikvision","HiLook","Value Camera","IPC-B149HAA-LU-F---SL---SRB-","IPC-B149HAA-LU(F)(/SL)(/SRB) NEW 4 MP ColorVu 3.0 Fixed Bullet Network Camera","https://www.hikvision.com/en/products/HiLook-IP-Products/Network-Cameras/Value-Camera/ipc-b149haa-lu-f---sl---srb-/","Startup And Operating Conditions","-30 °C to 60 °C (-22 °F to 140 °F). Humidity 95% or less (non-condensing)"
"hikvision","HiLook","Value Camera","IPC-B149HAA-LU-F---SL---SRB-","IPC-B149HAA-LU(F)(/SL)(/SRB) NEW 4 MP ColorVu 3.0 Fixed Bullet Network Camera","https://www.hikvision.com/en/products/HiLook-IP-Products/Network-Cameras/Value-Camera/ipc-b149haa-lu-f---sl---srb-/","Language","English, Russian, Ukrainian, Arabic, Spanish, French, Portuguese, Turkish, Polish, German"
"hikvision","HiLook","Value Camera","IPC-B149HAA-LU-F---SL---SRB-","IPC-B149HAA-LU(F)(/SL)(/SRB) NEW 4 MP ColorVu 3.0 Fixed Bullet Network Camera","https://www.hikvision.com/en/products/HiLook-IP-Products/Network-Cameras/Value-Camera/ipc-b149haa-lu-f---sl---srb-/","General Function","Heartbeat,mirror,flash log,password reset via email,password protection,anti-banding"
"hikvision","HiLook","Value Camera","IPC-B149HAA-LU-F---SL---SRB-","IPC-B149HAA-LU(F)(/SL)(/SRB) NEW 4 MP ColorVu 3.0 Fixed Bullet Network Camera","https://www.hikvision.com/en/products/HiLook-IP-Products/Network-Cameras/Value-Camera/ipc-b149haa-lu-f---sl---srb-/","Flashing Light","-LU：NA\n-LUF/SL：White Light\n-LUF/SRB：Red and Blue Light"
"hikvision","HiLook","Value Camera","IPC-B149HAA-LU-F---SL---SRB-","IPC-B149HAA-LU(F)(/SL)(/SRB) NEW 4 MP ColorVu 3.0 Fixed Bullet Network Camera","https://www.hikvision.com/en/products/HiLook-IP-Products/Network-Cameras/Value-Camera/ipc-b149haa-lu-f---sl---srb-/","EMC","CE-EMC: EN 55032:2015+A1:2020, EN 50130-4:2011+A1:2014, EN IEC 61000-3-2:2019+A1:2021, EN 61000-3-3:2013+A1:2019+A2:2021"
"hikvision","HiLook","Value Camera","IPC-B149HAA-LU-F---SL---SRB-","IPC-B149HAA-LU(F)(/SL)(/SRB) NEW 4 MP ColorVu 3.0 Fixed Bullet Network Camera","https://www.hikvision.com/en/products/HiLook-IP-Products/Network-Cameras/Value-Camera/ipc-b149haa-lu-f---sl---srb-/","Safety","CB: IEC 62368-1: 2014+A11"
"hikvision","HiLook","Value Camera","IPC-B149HAA-LU-F---SL---SRB-","IPC-B149HAA-LU(F)(/SL)(/SRB) NEW 4 MP ColorVu 3.0 Fixed Bullet Network Camera","https://www.hikvision.com/en/products/HiLook-IP-Products/Network-Cameras/Value-Camera/ipc-b149haa-lu-f---sl---srb-/","Environment","CE-RoHS: 2011/65/EU,\nWEEE: 2012/19/EU,\nReach: Regulation (EC) No 1907/2006"
"hikvision","HiLook","Value Camera","IPC-B149HAA-LU-F---SL---SRB-","IPC-B149HAA-LU(F)(/SL)(/SRB) NEW 4 MP ColorVu 3.0 Fixed Bullet Network Camera","https://www.hikvision.com/en/products/HiLook-IP-Products/Network-Cameras/Value-Camera/ipc-b149haa-lu-f---sl---srb-/","Protection","IP67: IEC 60529-2013"
"hikvision","HiLook","Value Camera","IPC-B149HA-LUF-S-L--RB-","IPC-B149HA-LUF/S(L)(RB) 4 MP ColorVu with Smart Hybrid Light Fixed Bullet Network Camera","https://www.hikvision.com/en/products/HiLook-IP-Products/Network-Cameras/Value-Camera/ipc-b149ha-luf-s-l--rb-/","Image Sensor","1/3\" Progressive Scan CMOS"
"hikvision","HiLook","Value Camera","IPC-B149HA-LUF-S-L--RB-","IPC-B149HA-LUF/S(L)(RB) 4 MP ColorVu with Smart Hybrid Light Fixed Bullet Network Camera","https://www.hikvision.com/en/products/HiLook-IP-Products/Network-Cameras/Value-Camera/ipc-b149ha-luf-s-l--rb-/","Max. Resolution","2560 × 1440"
"hikvision","HiLook","Value Camera","IPC-B149HA-LUF-S-L--RB-","IPC-B149HA-LUF/S(L)(RB) 4 MP ColorVu with Smart Hybrid Light Fixed Bullet Network Camera","https://www.hikvision.com/en/products/HiLook-IP-Products/Network-Cameras/Value-Camera/ipc-b149ha-luf-s-l--rb-/","Min. Illumination","Color: 0.001 Lux @ (F1.0, AGC ON),0 Lux with light"
"hikvision","HiLook","Value Camera","IPC-B149HA-LUF-S-L--RB-","IPC-B149HA-LUF/S(L)(RB) 4 MP ColorVu with Smart Hybrid Light Fixed Bullet Network Camera","https://www.hikvision.com/en/products/HiLook-IP-Products/Network-Cameras/Value-Camera/ipc-b149ha-luf-s-l--rb-/","Shutter Time","1/3 s to 1/100,000 s"
"hikvision","HiLook","Value Camera","IPC-B149HA-LUF-S-L--RB-","IPC-B149HA-LUF/S(L)(RB) 4 MP ColorVu with Smart Hybrid Light Fixed Bullet Network Camera","https://www.hikvision.com/en/products/HiLook-IP-Products/Network-Cameras/Value-Camera/ipc-b149ha-luf-s-l--rb-/","Day & Night","IR cut filter"
"hikvision","HiLook","Value Camera","IPC-B149HA-LUF-S-L--RB-","IPC-B149HA-LUF/S(L)(RB) 4 MP ColorVu with Smart Hybrid Light Fixed Bullet Network Camera","https://www.hikvision.com/en/products/HiLook-IP-Products/Network-Cameras/Value-Camera/ipc-b149ha-luf-s-l--rb-/","Angle Adjustment","Pan: 0° to 355°,tilt: 0° to 90°,rotate: 0° to 355°"
"hikvision","HiLook","Value Camera","IPC-B149HA-LUF-S-L--RB-","IPC-B149HA-LUF/S(L)(RB) 4 MP ColorVu with Smart Hybrid Light Fixed Bullet Network Camera","https://www.hikvision.com/en/products/HiLook-IP-Products/Network-Cameras/Value-Camera/ipc-b149ha-luf-s-l--rb-/","Lens Type","Fixed focal lens, 2.8 and 4 mm optional"
"hikvision","HiLook","Value Camera","IPC-B149HA-LUF-S-L--RB-","IPC-B149HA-LUF/S(L)(RB) 4 MP ColorVu with Smart Hybrid Light Fixed Bullet Network Camera","https://www.hikvision.com/en/products/HiLook-IP-Products/Network-Cameras/Value-Camera/ipc-b149ha-luf-s-l--rb-/","Focal Length & FOV","2.8 mm, horizontal FOV 96°, vertical FOV 52°, diagonal FOV 114°\n4 mm, horizontal FOV 80°, vertical FOV 43°, diagonal FOV 93°"
"hikvision","HiLook","Value Camera","IPC-B149HA-LUF-S-L--RB-","IPC-B149HA-LUF/S(L)(RB) 4 MP ColorVu with Smart Hybrid Light Fixed Bullet Network Camera","https://www.hikvision.com/en/products/HiLook-IP-Products/Network-Cameras/Value-Camera/ipc-b149ha-luf-s-l--rb-/","Lens Mount","M12"
"hikvision","HiLook","Value Camera","IPC-B149HA-LUF-S-L--RB-","IPC-B149HA-LUF/S(L)(RB) 4 MP ColorVu with Smart Hybrid Light Fixed Bullet Network Camera","https://www.hikvision.com/en/products/HiLook-IP-Products/Network-Cameras/Value-Camera/ipc-b149ha-luf-s-l--rb-/","Iris Type","Fixed"
"hikvision","HiLook","Value Camera","IPC-B149HA-LUF-S-L--RB-","IPC-B149HA-LUF/S(L)(RB) 4 MP ColorVu with Smart Hybrid Light Fixed Bullet Network Camera","https://www.hikvision.com/en/products/HiLook-IP-Products/Network-Cameras/Value-Camera/ipc-b149ha-luf-s-l--rb-/","Aperture","F1.0"
"hikvision","HiLook","Value Camera","IPC-B149HA-LUF-S-L--RB-","IPC-B149HA-LUF/S(L)(RB) 4 MP ColorVu with Smart Hybrid Light Fixed Bullet Network Camera","https://www.hikvision.com/en/products/HiLook-IP-Products/Network-Cameras/Value-Camera/ipc-b149ha-luf-s-l--rb-/","DORI","2.8 mm, D: 63 m, O: 25 m, R: 12 m, I: 6 m\n4 mm, D: 77 m, O: 30 m, R: 15 m, I: 7 m"
"hikvision","HiLook","Value Camera","IPC-B149HA-LUF-S-L--RB-","IPC-B149HA-LUF/S(L)(RB) 4 MP ColorVu with Smart Hybrid Light Fixed Bullet Network Camera","https://www.hikvision.com/en/products/HiLook-IP-Products/Network-Cameras/Value-Camera/ipc-b149ha-luf-s-l--rb-/","Supplement Light Type","IR,White Light"
"hikvision","HiLook","Value Camera","IPC-B149HA-LUF-S-L--RB-","IPC-B149HA-LUF/S(L)(RB) 4 MP ColorVu with Smart Hybrid Light Fixed Bullet Network Camera","https://www.hikvision.com/en/products/HiLook-IP-Products/Network-Cameras/Value-Camera/ipc-b149ha-luf-s-l--rb-/","Supplement Light Range","Up to 30 m"
"hikvision","HiLook","Value Camera","IPC-B149HA-LUF-S-L--RB-","IPC-B149HA-LUF/S(L)(RB) 4 MP ColorVu with Smart Hybrid Light Fixed Bullet Network Camera","https://www.hikvision.com/en/products/HiLook-IP-Products/Network-Cameras/Value-Camera/ipc-b149ha-luf-s-l--rb-/","Smart Supplement Light","Yes"
"hikvision","HiLook","Value Camera","IPC-B149HA-LUF-S-L--RB-","IPC-B149HA-LUF/S(L)(RB) 4 MP ColorVu with Smart Hybrid Light Fixed Bullet Network Camera","https://www.hikvision.com/en/products/HiLook-IP-Products/Network-Cameras/Value-Camera/ipc-b149ha-luf-s-l--rb-/","IR Wavelength","850 nm"
"hikvision","HiLook","Value Camera","IPC-B149HA-LUF-S-L--RB-","IPC-B149HA-LUF/S(L)(RB) 4 MP ColorVu with Smart Hybrid Light Fixed Bullet Network Camera","https://www.hikvision.com/en/products/HiLook-IP-Products/Network-Cameras/Value-Camera/ipc-b149ha-luf-s-l--rb-/","Main Stream","50 Hz:\n20 fps (2560 × 1440)\n25 fps (1920 × 1080, 1280 × 720)\n60 Hz:\n20 fps (2560 × 1440)\n24 fps (1920 × 1080, 1280 × 720)"
"hikvision","HiLook","Value Camera","IPC-B149HA-LUF-S-L--RB-","IPC-B149HA-LUF/S(L)(RB) 4 MP ColorVu with Smart Hybrid Light Fixed Bullet Network Camera","https://www.hikvision.com/en/products/HiLook-IP-Products/Network-Cameras/Value-Camera/ipc-b149ha-luf-s-l--rb-/","Sub-Stream","50 Hz: 25 fps (1280 × 720, 640 × 480, 640 × 360)\n60 Hz: 24 fps (1280 × 720, 640 × 480, 640 × 360)"
"hikvision","HiLook","Value Camera","IPC-B149HA-LUF-S-L--RB-","IPC-B149HA-LUF/S(L)(RB) 4 MP ColorVu with Smart Hybrid Light Fixed Bullet Network Camera","https://www.hikvision.com/en/products/HiLook-IP-Products/Network-Cameras/Value-Camera/ipc-b149ha-luf-s-l--rb-/","Video Compression","Main stream: H.265+/H.265/H.264+/H.264,\nSub-stream: H.265/H.264/MJPEG"
"hikvision","HiLook","Value Camera","IPC-B149HA-LUF-S-L--RB-","IPC-B149HA-LUF/S(L)(RB) 4 MP ColorVu with Smart Hybrid Light Fixed Bullet Network Camera","https://www.hikvision.com/en/products/HiLook-IP-Products/Network-Cameras/Value-Camera/ipc-b149ha-luf-s-l--rb-/","Video Bit Rate","32 Kbps to 8 Mbps"
"hikvision","HiLook","Value Camera","IPC-B149HA-LUF-S-L--RB-","IPC-B149HA-LUF/S(L)(RB) 4 MP ColorVu with Smart Hybrid Light Fixed Bullet Network Camera","https://www.hikvision.com/en/products/HiLook-IP-Products/Network-Cameras/Value-Camera/ipc-b149ha-luf-s-l--rb-/","H.264 Type","Baseline Profile,Main Profile,High Profile"
"hikvision","HiLook","Value Camera","IPC-B149HA-LUF-S-L--RB-","IPC-B149HA-LUF/S(L)(RB) 4 MP ColorVu with Smart Hybrid Light Fixed Bullet Network Camera","https://www.hikvision.com/en/products/HiLook-IP-Products/Network-Cameras/Value-Camera/ipc-b149ha-luf-s-l--rb-/","H.265 Type","Main Profile"
"hikvision","HiLook","Value Camera","IPC-B149HA-LUF-S-L--RB-","IPC-B149HA-LUF/S(L)(RB) 4 MP ColorVu with Smart Hybrid Light Fixed Bullet Network Camera","https://www.hikvision.com/en/products/HiLook-IP-Products/Network-Cameras/Value-Camera/ipc-b149ha-luf-s-l--rb-/","Bit Rate Control","CBR,VBR"
"hikvision","HiLook","Value Camera","IPC-B149HA-LUF-S-L--RB-","IPC-B149HA-LUF/S(L)(RB) 4 MP ColorVu with Smart Hybrid Light Fixed Bullet Network Camera","https://www.hikvision.com/en/products/HiLook-IP-Products/Network-Cameras/Value-Camera/ipc-b149ha-luf-s-l--rb-/","Scalable Video Coding (SVC)","H.264 and H.265 encoding"
"hikvision","HiLook","Value Camera","IPC-B149HA-LUF-S-L--RB-","IPC-B149HA-LUF/S(L)(RB) 4 MP ColorVu with Smart Hybrid Light Fixed Bullet Network Camera","https://www.hikvision.com/en/products/HiLook-IP-Products/Network-Cameras/Value-Camera/ipc-b149ha-luf-s-l--rb-/","Region Of Interest (ROI)","1 fixed region for main stream"
"hikvision","HiLook","Value Camera","IPC-B149HA-LUF-S-L--RB-","IPC-B149HA-LUF/S(L)(RB) 4 MP ColorVu with Smart Hybrid Light Fixed Bullet Network Camera","https://www.hikvision.com/en/products/HiLook-IP-Products/Network-Cameras/Value-Camera/ipc-b149ha-luf-s-l--rb-/","Audio Type","Mono sound"
"hikvision","HiLook","Value Camera","IPC-B149HA-LUF-S-L--RB-","IPC-B149HA-LUF/S(L)(RB) 4 MP ColorVu with Smart Hybrid Light Fixed Bullet Network Camera","https://www.hikvision.com/en/products/HiLook-IP-Products/Network-Cameras/Value-Camera/ipc-b149ha-luf-s-l--rb-/","Audio Compression","G.711/G.722.1/G.726/MP2L2/PCM/AAC-LC"
"hikvision","HiLook","Value Camera","IPC-B149HA-LUF-S-L--RB-","IPC-B149HA-LUF/S(L)(RB) 4 MP ColorVu with Smart Hybrid Light Fixed Bullet Network Camera","https://www.hikvision.com/en/products/HiLook-IP-Products/Network-Cameras/Value-Camera/ipc-b149ha-luf-s-l--rb-/","Audio Bit Rate","64 Kbps (G.711)/16 Kbps (G.722.1)/16 Kbps (G.726)/32 to 160 Kbps (MP2L2)/16 to 64 Kbps (AAC-LC)"
"hikvision","HiLook","Value Camera","IPC-B149HA-LUF-S-L--RB-","IPC-B149HA-LUF/S(L)(RB) 4 MP ColorVu with Smart Hybrid Light Fixed Bullet Network Camera","https://www.hikvision.com/en/products/HiLook-IP-Products/Network-Cameras/Value-Camera/ipc-b149ha-luf-s-l--rb-/","Audio Sampling Rate","8 kHz/16 kHz"
"hikvision","HiLook","Value Camera","IPC-B149HA-LUF-S-L--RB-","IPC-B149HA-LUF/S(L)(RB) 4 MP ColorVu with Smart Hybrid Light Fixed Bullet Network Camera","https://www.hikvision.com/en/products/HiLook-IP-Products/Network-Cameras/Value-Camera/ipc-b149ha-luf-s-l--rb-/","Environment Noise Filtering","Yes"
"hikvision","HiLook","Value Camera","IPC-B149HA-LUF-S-L--RB-","IPC-B149HA-LUF/S(L)(RB) 4 MP ColorVu with Smart Hybrid Light Fixed Bullet Network Camera","https://www.hikvision.com/en/products/HiLook-IP-Products/Network-Cameras/Value-Camera/ipc-b149ha-luf-s-l--rb-/","Protocols","TCP/IP, ICMP, DHCP, DNS, HTTP, RTP, RTSP, RTCP, NTP, IPv4, IPv6, IGMP, UDP, QoS, FTP, SMTP, UPnP"
"hikvision","HiLook","Value Camera","IPC-B149HA-LUF-S-L--RB-","IPC-B149HA-LUF/S(L)(RB) 4 MP ColorVu with Smart Hybrid Light Fixed Bullet Network Camera","https://www.hikvision.com/en/products/HiLook-IP-Products/Network-Cameras/Value-Camera/ipc-b149ha-luf-s-l--rb-/","Simultaneous Live View","Up to 6 channels"
"hikvision","HiLook","Value Camera","IPC-B149HA-LUF-S-L--RB-","IPC-B149HA-LUF/S(L)(RB) 4 MP ColorVu with Smart Hybrid Light Fixed Bullet Network Camera","https://www.hikvision.com/en/products/HiLook-IP-Products/Network-Cameras/Value-Camera/ipc-b149ha-luf-s-l--rb-/","API","ONVIF (Profile S, Profile G, Profile T),ISAPI,SDK"
"hikvision","HiLook","Value Camera","IPC-B149HA-LUF-S-L--RB-","IPC-B149HA-LUF/S(L)(RB) 4 MP ColorVu with Smart Hybrid Light Fixed Bullet Network Camera","https://www.hikvision.com/en/products/HiLook-IP-Products/Network-Cameras/Value-Camera/ipc-b149ha-luf-s-l--rb-/","Security","Password protection, complicated password, watermark, basic and digest authentication for HTTP, WSSE and digest authentication for Open Network Video Interface, security audit log, host authentication (MAC address)"
"hikvision","HiLook","Value Camera","IPC-B149HA-LUF-S-L--RB-","IPC-B149HA-LUF/S(L)(RB) 4 MP ColorVu with Smart Hybrid Light Fixed Bullet Network Camera","https://www.hikvision.com/en/products/HiLook-IP-Products/Network-Cameras/Value-Camera/ipc-b149ha-luf-s-l--rb-/","User/Host","Up to 32 users\n3 user levels: administrator, operator, and user"
"hikvision","HiLook","Value Camera","IPC-B149HA-LUF-S-L--RB-","IPC-B149HA-LUF/S(L)(RB) 4 MP ColorVu with Smart Hybrid Light Fixed Bullet Network Camera","https://www.hikvision.com/en/products/HiLook-IP-Products/Network-Cameras/Value-Camera/ipc-b149ha-luf-s-l--rb-/","Client","iVMS-4200,HiLookVision"
"hikvision","HiLook","Value Camera","IPC-B149HA-LUF-S-L--RB-","IPC-B149HA-LUF/S(L)(RB) 4 MP ColorVu with Smart Hybrid Light Fixed Bullet Network Camera","https://www.hikvision.com/en/products/HiLook-IP-Products/Network-Cameras/Value-Camera/ipc-b149ha-luf-s-l--rb-/","Web Browser","Plug-in required live view: IE 10, IE 11,\nLocal service: Chrome 57.0+, Firefox 52.0+, Edge 89+"
"hikvision","HiLook","Value Camera","IPC-B149HA-LUF-S-L--RB-","IPC-B149HA-LUF/S(L)(RB) 4 MP ColorVu with Smart Hybrid Light Fixed Bullet Network Camera","https://www.hikvision.com/en/products/HiLook-IP-Products/Network-Cameras/Value-Camera/ipc-b149ha-luf-s-l--rb-/","Image Settings","Rotate mode,saturation,brightness,contrast,sharpness,gain,white balance,adjustable by client software or web browser"
"hikvision","HiLook","Value Camera","IPC-B149HA-LUF-S-L--RB-","IPC-B149HA-LUF/S(L)(RB) 4 MP ColorVu with Smart Hybrid Light Fixed Bullet Network Camera","https://www.hikvision.com/en/products/HiLook-IP-Products/Network-Cameras/Value-Camera/ipc-b149ha-luf-s-l--rb-/","Day/Night Switch","Day,Night,Auto,Schedule"
"hikvision","HiLook","Value Camera","IPC-B149HA-LUF-S-L--RB-","IPC-B149HA-LUF/S(L)(RB) 4 MP ColorVu with Smart Hybrid Light Fixed Bullet Network Camera","https://www.hikvision.com/en/products/HiLook-IP-Products/Network-Cameras/Value-Camera/ipc-b149ha-luf-s-l--rb-/","Wide Dynamic Range (WDR)","120 dB"
"hikvision","HiLook","Value Camera","IPC-B149HA-LUF-S-L--RB-","IPC-B149HA-LUF/S(L)(RB) 4 MP ColorVu with Smart Hybrid Light Fixed Bullet Network Camera","https://www.hikvision.com/en/products/HiLook-IP-Products/Network-Cameras/Value-Camera/ipc-b149ha-luf-s-l--rb-/","SNR","≥ 52 dB"
"hikvision","HiLook","Value Camera","IPC-B149HA-LUF-S-L--RB-","IPC-B149HA-LUF/S(L)(RB) 4 MP ColorVu with Smart Hybrid Light Fixed Bullet Network Camera","https://www.hikvision.com/en/products/HiLook-IP-Products/Network-Cameras/Value-Camera/ipc-b149ha-luf-s-l--rb-/","Image Enhancement","BLC,HLC,3D DNR"
"hikvision","HiLook","Value Camera","IPC-B149HA-LUF-S-L--RB-","IPC-B149HA-LUF/S(L)(RB) 4 MP ColorVu with Smart Hybrid Light Fixed Bullet Network Camera","https://www.hikvision.com/en/products/HiLook-IP-Products/Network-Cameras/Value-Camera/ipc-b149ha-luf-s-l--rb-/","Privacy Mask","4 programmable polygon privacy masks"
"hikvision","HiLook","Value Camera","IPC-B149HA-LUF-S-L--RB-","IPC-B149HA-LUF/S(L)(RB) 4 MP ColorVu with Smart Hybrid Light Fixed Bullet Network Camera","https://www.hikvision.com/en/products/HiLook-IP-Products/Network-Cameras/Value-Camera/ipc-b149ha-luf-s-l--rb-/","Ethernet Interface","1 RJ45 10 M/100 M self-adaptive Ethernet port"
"hikvision","HiLook","Value Camera","IPC-B149HA-LUF-S-L--RB-","IPC-B149HA-LUF/S(L)(RB) 4 MP ColorVu with Smart Hybrid Light Fixed Bullet Network Camera","https://www.hikvision.com/en/products/HiLook-IP-Products/Network-Cameras/Value-Camera/ipc-b149ha-luf-s-l--rb-/","On-Board Storage","Built-in memory card slot, support microSD/microSDHC/microSDXC card, up to 512 GB"
"hikvision","HiLook","Value Camera","IPC-B149HA-LUF-S-L--RB-","IPC-B149HA-LUF/S(L)(RB) 4 MP ColorVu with Smart Hybrid Light Fixed Bullet Network Camera","https://www.hikvision.com/en/products/HiLook-IP-Products/Network-Cameras/Value-Camera/ipc-b149ha-luf-s-l--rb-/","Built-In Microphone","Yes,1 built-in microphone"
"hikvision","HiLook","Value Camera","IPC-B149HA-LUF-S-L--RB-","IPC-B149HA-LUF/S(L)(RB) 4 MP ColorVu with Smart Hybrid Light Fixed Bullet Network Camera","https://www.hikvision.com/en/products/HiLook-IP-Products/Network-Cameras/Value-Camera/ipc-b149ha-luf-s-l--rb-/","Built-In Speaker","1 built-in speaker,\nMax. power consumption: 1.5 W, max. sound pressure level: 10 cm: 98 dB."
"hikvision","HiLook","Value Camera","IPC-B149HA-LUF-S-L--RB-","IPC-B149HA-LUF/S(L)(RB) 4 MP ColorVu with Smart Hybrid Light Fixed Bullet Network Camera","https://www.hikvision.com/en/products/HiLook-IP-Products/Network-Cameras/Value-Camera/ipc-b149ha-luf-s-l--rb-/","Reset Key","Yes"
"hikvision","HiLook","Value Camera","IPC-B149HA-LUF-S-L--RB-","IPC-B149HA-LUF/S(L)(RB) 4 MP ColorVu with Smart Hybrid Light Fixed Bullet Network Camera","https://www.hikvision.com/en/products/HiLook-IP-Products/Network-Cameras/Value-Camera/ipc-b149ha-luf-s-l--rb-/","Basic Event","Motion detection (support alarm triggering by specified target types (person and vehicle)), video tampering alarm, exception"
"hikvision","HiLook","Value Camera","IPC-B149HA-LUF-S-L--RB-","IPC-B149HA-LUF/S(L)(RB) 4 MP ColorVu with Smart Hybrid Light Fixed Bullet Network Camera","https://www.hikvision.com/en/products/HiLook-IP-Products/Network-Cameras/Value-Camera/ipc-b149ha-luf-s-l--rb-/","Linkage","Upload to memory card, upload to FTP, trigger recording,notify surveillance center,send email,trigger capture"
"hikvision","HiLook","Value Camera","IPC-B149HA-LUF-S-L--RB-","IPC-B149HA-LUF/S(L)(RB) 4 MP ColorVu with Smart Hybrid Light Fixed Bullet Network Camera","https://www.hikvision.com/en/products/HiLook-IP-Products/Network-Cameras/Value-Camera/ipc-b149ha-luf-s-l--rb-/","Power","12 VDC ± 25%, 0.6 A, max. 7.2 W,Ø5.5 mm coaxial power plug,reverse polarity protection,\nPoE: IEEE 802.3af, Class 3, max. 8.7 W"
"hikvision","HiLook","Value Camera","IPC-B149HA-LUF-S-L--RB-","IPC-B149HA-LUF/S(L)(RB) 4 MP ColorVu with Smart Hybrid Light Fixed Bullet Network Camera","https://www.hikvision.com/en/products/HiLook-IP-Products/Network-Cameras/Value-Camera/ipc-b149ha-luf-s-l--rb-/","Material","Front cover: metal, body: plastic, bracket: plastic"
"hikvision","HiLook","Value Camera","IPC-B149HA-LUF-S-L--RB-","IPC-B149HA-LUF/S(L)(RB) 4 MP ColorVu with Smart Hybrid Light Fixed Bullet Network Camera","https://www.hikvision.com/en/products/HiLook-IP-Products/Network-Cameras/Value-Camera/ipc-b149ha-luf-s-l--rb-/","Dimension","179 mm × 69.1 mm × 67.4 mm (7.05\" × 2.72\" × 2.65\")"
"hikvision","HiLook","Value Camera","IPC-B149HA-LUF-S-L--RB-","IPC-B149HA-LUF/S(L)(RB) 4 MP ColorVu with Smart Hybrid Light Fixed Bullet Network Camera","https://www.hikvision.com/en/products/HiLook-IP-Products/Network-Cameras/Value-Camera/ipc-b149ha-luf-s-l--rb-/","Package Dimension","150 mm × 150 mm × 141 mm (5.91\" × 5.91\" × 5.55\")"
"hikvision","HiLook","Value Camera","IPC-B149HA-LUF-S-L--RB-","IPC-B149HA-LUF/S(L)(RB) 4 MP ColorVu with Smart Hybrid Light Fixed Bullet Network Camera","https://www.hikvision.com/en/products/HiLook-IP-Products/Network-Cameras/Value-Camera/ipc-b149ha-luf-s-l--rb-/","Weight","Approx. 320 g (0.7 lb.)"
"hikvision","HiLook","Value Camera","IPC-B149HA-LUF-S-L--RB-","IPC-B149HA-LUF/S(L)(RB) 4 MP ColorVu with Smart Hybrid Light Fixed Bullet Network Camera","https://www.hikvision.com/en/products/HiLook-IP-Products/Network-Cameras/Value-Camera/ipc-b149ha-luf-s-l--rb-/","With Package Weight","Approx. 540 g (1.2 lb.)"
"hikvision","HiLook","Value Camera","IPC-B149HA-LUF-S-L--RB-","IPC-B149HA-LUF/S(L)(RB) 4 MP ColorVu with Smart Hybrid Light Fixed Bullet Network Camera","https://www.hikvision.com/en/products/HiLook-IP-Products/Network-Cameras/Value-Camera/ipc-b149ha-luf-s-l--rb-/","Storage Conditions","-30 °C to 60 °C (-22 °F to 140 °F). Humidity 95% or less (non-condensing)"
"hikvision","HiLook","Value Camera","IPC-B149HA-LUF-S-L--RB-","IPC-B149HA-LUF/S(L)(RB) 4 MP ColorVu with Smart Hybrid Light Fixed Bullet Network Camera","https://www.hikvision.com/en/products/HiLook-IP-Products/Network-Cameras/Value-Camera/ipc-b149ha-luf-s-l--rb-/","Startup And Operating Conditions","-30 °C to 60 °C (-22 °F to 140 °F). Humidity 95% or less (non-condensing)"
"hikvision","HiLook","Value Camera","IPC-B149HA-LUF-S-L--RB-","IPC-B149HA-LUF/S(L)(RB) 4 MP ColorVu with Smart Hybrid Light Fixed Bullet Network Camera","https://www.hikvision.com/en/products/HiLook-IP-Products/Network-Cameras/Value-Camera/ipc-b149ha-luf-s-l--rb-/","Language","English, Ukrainian"
"hikvision","HiLook","Value Camera","IPC-B149HA-LUF-S-L--RB-","IPC-B149HA-LUF/S(L)(RB) 4 MP ColorVu with Smart Hybrid Light Fixed Bullet Network Camera","https://www.hikvision.com/en/products/HiLook-IP-Products/Network-Cameras/Value-Camera/ipc-b149ha-luf-s-l--rb-/","General Function","Heartbeat,mirror,flash log,password reset via email,password protection,anti-banding"
"hikvision","HiLook","Value Camera","IPC-B149HA-LUF-S-L--RB-","IPC-B149HA-LUF/S(L)(RB) 4 MP ColorVu with Smart Hybrid Light Fixed Bullet Network Camera","https://www.hikvision.com/en/products/HiLook-IP-Products/Network-Cameras/Value-Camera/ipc-b149ha-luf-s-l--rb-/","Flashing Light","/SRB model: Red and Blue Light\n/SL model: White Light"
"hikvision","HiLook","Value Camera","IPC-B149HA-LUF-S-L--RB-","IPC-B149HA-LUF/S(L)(RB) 4 MP ColorVu with Smart Hybrid Light Fixed Bullet Network Camera","https://www.hikvision.com/en/products/HiLook-IP-Products/Network-Cameras/Value-Camera/ipc-b149ha-luf-s-l--rb-/","EMC","CE-EMC: EN 55032:2015+A1:2020, EN 50130-4:2011+A1:2014, EN IEC 61000-3-2:2019+A1:2021, EN 61000-3-3:2013+A1:2019+A2:2021"
"hikvision","HiLook","Value Camera","IPC-B149HA-LUF-S-L--RB-","IPC-B149HA-LUF/S(L)(RB) 4 MP ColorVu with Smart Hybrid Light Fixed Bullet Network Camera","https://www.hikvision.com/en/products/HiLook-IP-Products/Network-Cameras/Value-Camera/ipc-b149ha-luf-s-l--rb-/","Safety","CB: IEC 62368-1: 2014+A11,\nCE-LVD: EN 62368-1: 2014/A11: 2017,\nBIS: IS 13252 (Part 1): 2010/IEC 60950-1: 2005"
"hikvision","HiLook","Value Camera","IPC-B149HA-LUF-S-L--RB-","IPC-B149HA-LUF/S(L)(RB) 4 MP ColorVu with Smart Hybrid Light Fixed Bullet Network Camera","https://www.hikvision.com/en/products/HiLook-IP-Products/Network-Cameras/Value-Camera/ipc-b149ha-luf-s-l--rb-/","Environment","CE-RoHS: 2011/65/EU,\nWEEE: 2012/19/EU,\nReach: Regulation (EC) No 1907/2006"
"hikvision","HiLook","Value Camera","IPC-B149HA-LUF-S-L--RB-","IPC-B149HA-LUF/S(L)(RB) 4 MP ColorVu with Smart Hybrid Light Fixed Bullet Network Camera","https://www.hikvision.com/en/products/HiLook-IP-Products/Network-Cameras/Value-Camera/ipc-b149ha-luf-s-l--rb-/","Protection","IP67: IEC 60529-2013"
"hikvision","HiLook","Value Camera","IPC-B149HA","IPC-B149HA 4 MP ColorVu MD 2.0 Fixed Bullet Network Camera","https://www.hikvision.com/en/products/HiLook-IP-Products/Network-Cameras/Value-Camera/ipc-b149ha/","Image Sensor","1/3\" Progressive Scan CMOS"
"hikvision","HiLook","Value Camera","IPC-B149HA","IPC-B149HA 4 MP ColorVu MD 2.0 Fixed Bullet Network Camera","https://www.hikvision.com/en/products/HiLook-IP-Products/Network-Cameras/Value-Camera/ipc-b149ha/","Max. Resolution","2560 × 1440"
"hikvision","HiLook","Value Camera","IPC-B149HA","IPC-B149HA 4 MP ColorVu MD 2.0 Fixed Bullet Network Camera","https://www.hikvision.com/en/products/HiLook-IP-Products/Network-Cameras/Value-Camera/ipc-b149ha/","Min. Illumination","Color: 0.001 Lux @ (F1.0, AGC ON),0 Lux with light"
"hikvision","HiLook","Value Camera","IPC-B149HA","IPC-B149HA 4 MP ColorVu MD 2.0 Fixed Bullet Network Camera","https://www.hikvision.com/en/products/HiLook-IP-Products/Network-Cameras/Value-Camera/ipc-b149ha/","Shutter Time","1/3 s to 1/100,000 s"
"hikvision","HiLook","Value Camera","IPC-B149HA","IPC-B149HA 4 MP ColorVu MD 2.0 Fixed Bullet Network Camera","https://www.hikvision.com/en/products/HiLook-IP-Products/Network-Cameras/Value-Camera/ipc-b149ha/","Day & Night","24/7 color imaging"
"hikvision","HiLook","Value Camera","IPC-B149HA","IPC-B149HA 4 MP ColorVu MD 2.0 Fixed Bullet Network Camera","https://www.hikvision.com/en/products/HiLook-IP-Products/Network-Cameras/Value-Camera/ipc-b149ha/","Angle Adjustment","Pan: 0° to 360°,tilt: 0° to 90°,rotate: 0° to 360°"
"hikvision","HiLook","Value Camera","IPC-B149HA","IPC-B149HA 4 MP ColorVu MD 2.0 Fixed Bullet Network Camera","https://www.hikvision.com/en/products/HiLook-IP-Products/Network-Cameras/Value-Camera/ipc-b149ha/","Lens Type","Fixed focal lens, 2.8 and 4 mm optional"
"hikvision","HiLook","Value Camera","IPC-B149HA","IPC-B149HA 4 MP ColorVu MD 2.0 Fixed Bullet Network Camera","https://www.hikvision.com/en/products/HiLook-IP-Products/Network-Cameras/Value-Camera/ipc-b149ha/","Focal Length & FOV","2.8 mm, horizontal FOV: 96°, vertical FOV: 52°, diagonal FOV: 113°\n4 mm, horizontal FOV: 75°, vertical FOV: 40°, diagonal FOV: 89°"
"hikvision","HiLook","Value Camera","IPC-B149HA","IPC-B149HA 4 MP ColorVu MD 2.0 Fixed Bullet Network Camera","https://www.hikvision.com/en/products/HiLook-IP-Products/Network-Cameras/Value-Camera/ipc-b149ha/","Lens Mount","M12"
"hikvision","HiLook","Value Camera","IPC-B149HA","IPC-B149HA 4 MP ColorVu MD 2.0 Fixed Bullet Network Camera","https://www.hikvision.com/en/products/HiLook-IP-Products/Network-Cameras/Value-Camera/ipc-b149ha/","Iris Type","Fixed"
"hikvision","HiLook","Value Camera","IPC-B149HA","IPC-B149HA 4 MP ColorVu MD 2.0 Fixed Bullet Network Camera","https://www.hikvision.com/en/products/HiLook-IP-Products/Network-Cameras/Value-Camera/ipc-b149ha/","Aperture","F1.0"
"hikvision","HiLook","Value Camera","IPC-B149HA","IPC-B149HA 4 MP ColorVu MD 2.0 Fixed Bullet Network Camera","https://www.hikvision.com/en/products/HiLook-IP-Products/Network-Cameras/Value-Camera/ipc-b149ha/","Depth Of Field","2.8 mm: 2 m to ∞\n4 mm: 2.7 m to ∞"
"hikvision","HiLook","Value Camera","IPC-B149HA","IPC-B149HA 4 MP ColorVu MD 2.0 Fixed Bullet Network Camera","https://www.hikvision.com/en/products/HiLook-IP-Products/Network-Cameras/Value-Camera/ipc-b149ha/","DORI","2.8 mm, D: 64 m, O: 25 m, R: 12 m, I: 6 m\n4 mm, D: 82 m, O: 32 m, R: 16 m, I: 8 m"
"hikvision","HiLook","Value Camera","IPC-B149HA","IPC-B149HA 4 MP ColorVu MD 2.0 Fixed Bullet Network Camera","https://www.hikvision.com/en/products/HiLook-IP-Products/Network-Cameras/Value-Camera/ipc-b149ha/","Supplement Light Type","White Light"
"hikvision","HiLook","Value Camera","IPC-B149HA","IPC-B149HA 4 MP ColorVu MD 2.0 Fixed Bullet Network Camera","https://www.hikvision.com/en/products/HiLook-IP-Products/Network-Cameras/Value-Camera/ipc-b149ha/","Supplement Light Range","Up to 30 m"
"hikvision","HiLook","Value Camera","IPC-B149HA","IPC-B149HA 4 MP ColorVu MD 2.0 Fixed Bullet Network Camera","https://www.hikvision.com/en/products/HiLook-IP-Products/Network-Cameras/Value-Camera/ipc-b149ha/","Smart Supplement Light","Yes"
"hikvision","HiLook","Value Camera","IPC-B149HA","IPC-B149HA 4 MP ColorVu MD 2.0 Fixed Bullet Network Camera","https://www.hikvision.com/en/products/HiLook-IP-Products/Network-Cameras/Value-Camera/ipc-b149ha/","Main Stream","50 Hz:\n20 fps (2560 × 1440)\n25 fps (1920 × 1080, 1280 × 720)\n60 Hz:\n20 fps (2560 × 1440)\n24 fps (1920 × 1080, 1280 × 720)"
"hikvision","HiLook","Value Camera","IPC-B149HA","IPC-B149HA 4 MP ColorVu MD 2.0 Fixed Bullet Network Camera","https://www.hikvision.com/en/products/HiLook-IP-Products/Network-Cameras/Value-Camera/ipc-b149ha/","Sub-Stream","50 Hz: 25 fps (1280 × 720, 640 × 480, 640 × 360)\n60 Hz: 24 fps (1280 × 720, 640 × 480, 640 × 360)"
"hikvision","HiLook","Value Camera","IPC-B149HA","IPC-B149HA 4 MP ColorVu MD 2.0 Fixed Bullet Network Camera","https://www.hikvision.com/en/products/HiLook-IP-Products/Network-Cameras/Value-Camera/ipc-b149ha/","Video Compression","Main stream: H.265+/H.265/H.264+/H.264,\nSub-stream: H.265/H.264/MJPEG"
"hikvision","HiLook","Value Camera","IPC-B149HA","IPC-B149HA 4 MP ColorVu MD 2.0 Fixed Bullet Network Camera","https://www.hikvision.com/en/products/HiLook-IP-Products/Network-Cameras/Value-Camera/ipc-b149ha/","Video Bit Rate","32 Kbps to 8 Mbps"
"hikvision","HiLook","Value Camera","IPC-B149HA","IPC-B149HA 4 MP ColorVu MD 2.0 Fixed Bullet Network Camera","https://www.hikvision.com/en/products/HiLook-IP-Products/Network-Cameras/Value-Camera/ipc-b149ha/","H.264 Type","Baseline Profile,Main Profile,High Profile"
"hikvision","HiLook","Value Camera","IPC-B149HA","IPC-B149HA 4 MP ColorVu MD 2.0 Fixed Bullet Network Camera","https://www.hikvision.com/en/products/HiLook-IP-Products/Network-Cameras/Value-Camera/ipc-b149ha/","H.265 Type","Main Profile"
"hikvision","HiLook","Value Camera","IPC-B149HA","IPC-B149HA 4 MP ColorVu MD 2.0 Fixed Bullet Network Camera","https://www.hikvision.com/en/products/HiLook-IP-Products/Network-Cameras/Value-Camera/ipc-b149ha/","Bit Rate Control","CBR,VBR"
"hikvision","HiLook","Value Camera","IPC-B149HA","IPC-B149HA 4 MP ColorVu MD 2.0 Fixed Bullet Network Camera","https://www.hikvision.com/en/products/HiLook-IP-Products/Network-Cameras/Value-Camera/ipc-b149ha/","Region Of Interest (ROI)","1 fixed region(s) for main stream"
"hikvision","HiLook","Value Camera","IPC-B149HA","IPC-B149HA 4 MP ColorVu MD 2.0 Fixed Bullet Network Camera","https://www.hikvision.com/en/products/HiLook-IP-Products/Network-Cameras/Value-Camera/ipc-b149ha/","Protocols","TCP/IP, ICMP, DHCP, DNS, HTTP, RTP, RTSP, NTP, IGMP, IPv6, UDP, QoS, FTP, SMTP"
"hikvision","HiLook","Value Camera","IPC-B149HA","IPC-B149HA 4 MP ColorVu MD 2.0 Fixed Bullet Network Camera","https://www.hikvision.com/en/products/HiLook-IP-Products/Network-Cameras/Value-Camera/ipc-b149ha/","Simultaneous Live View","Up to 6 channels"
"hikvision","HiLook","Value Camera","IPC-B149HA","IPC-B149HA 4 MP ColorVu MD 2.0 Fixed Bullet Network Camera","https://www.hikvision.com/en/products/HiLook-IP-Products/Network-Cameras/Value-Camera/ipc-b149ha/","API","Open Network Video Interface (Profile S, Profile T),ISAPI,SDK"
"hikvision","HiLook","Value Camera","IPC-B149HA","IPC-B149HA 4 MP ColorVu MD 2.0 Fixed Bullet Network Camera","https://www.hikvision.com/en/products/HiLook-IP-Products/Network-Cameras/Value-Camera/ipc-b149ha/","User/Host","Up to 32 users\n3 user levels: administrator, operator, and user"
"hikvision","HiLook","Value Camera","IPC-B149HA","IPC-B149HA 4 MP ColorVu MD 2.0 Fixed Bullet Network Camera","https://www.hikvision.com/en/products/HiLook-IP-Products/Network-Cameras/Value-Camera/ipc-b149ha/","Security","Password protection, complicated password, watermark, basic and digest authentication for HTTP, WSSE and digest authentication for Open Network Video Interface, security audit log, host authentication (MAC address)"
"hikvision","HiLook","Value Camera","IPC-B149HA","IPC-B149HA 4 MP ColorVu MD 2.0 Fixed Bullet Network Camera","https://www.hikvision.com/en/products/HiLook-IP-Products/Network-Cameras/Value-Camera/ipc-b149ha/","Client","iVMS-4200,HiLookVision"
"hikvision","HiLook","Value Camera","IPC-B149HA","IPC-B149HA 4 MP ColorVu MD 2.0 Fixed Bullet Network Camera","https://www.hikvision.com/en/products/HiLook-IP-Products/Network-Cameras/Value-Camera/ipc-b149ha/","Web Browser","Plug-in required live view: IE 10, IE 11,\nLocal service: Chrome 57.0+, Firefox 52.0+"
"hikvision","HiLook","Value Camera","IPC-B149HA","IPC-B149HA 4 MP ColorVu MD 2.0 Fixed Bullet Network Camera","https://www.hikvision.com/en/products/HiLook-IP-Products/Network-Cameras/Value-Camera/ipc-b149ha/","Wide Dynamic Range (WDR)","120 dB"
"hikvision","HiLook","Value Camera","IPC-B149HA","IPC-B149HA 4 MP ColorVu MD 2.0 Fixed Bullet Network Camera","https://www.hikvision.com/en/products/HiLook-IP-Products/Network-Cameras/Value-Camera/ipc-b149ha/","SNR","≥ 52 dB"
"hikvision","HiLook","Value Camera","IPC-B149HA","IPC-B149HA 4 MP ColorVu MD 2.0 Fixed Bullet Network Camera","https://www.hikvision.com/en/products/HiLook-IP-Products/Network-Cameras/Value-Camera/ipc-b149ha/","Day/Night Switch","Day,Night,Auto,Schedule"
"hikvision","HiLook","Value Camera","IPC-B149HA","IPC-B149HA 4 MP ColorVu MD 2.0 Fixed Bullet Network Camera","https://www.hikvision.com/en/products/HiLook-IP-Products/Network-Cameras/Value-Camera/ipc-b149ha/","Image Enhancement","BLC,HLC,3D DNR"
"hikvision","HiLook","Value Camera","IPC-B149HA","IPC-B149HA 4 MP ColorVu MD 2.0 Fixed Bullet Network Camera","https://www.hikvision.com/en/products/HiLook-IP-Products/Network-Cameras/Value-Camera/ipc-b149ha/","Image Settings","Rotate mode,saturation,brightness,contrast,sharpness,gain,white balance,adjustable by client software or web browser"
"hikvision","HiLook","Value Camera","IPC-B149HA","IPC-B149HA 4 MP ColorVu MD 2.0 Fixed Bullet Network Camera","https://www.hikvision.com/en/products/HiLook-IP-Products/Network-Cameras/Value-Camera/ipc-b149ha/","Privacy Mask","4 programmable polygon privacy masks"
"hikvision","HiLook","Value Camera","IPC-B149HA","IPC-B149HA 4 MP ColorVu MD 2.0 Fixed Bullet Network Camera","https://www.hikvision.com/en/products/HiLook-IP-Products/Network-Cameras/Value-Camera/ipc-b149ha/","Ethernet Interface","1 RJ45 10 M/100 M self-adaptive Ethernet port"
"hikvision","HiLook","Value Camera","IPC-B149HA","IPC-B149HA 4 MP ColorVu MD 2.0 Fixed Bullet Network Camera","https://www.hikvision.com/en/products/HiLook-IP-Products/Network-Cameras/Value-Camera/ipc-b149ha/","Basic Event","Motion detection (support alarm triggering by specified target types (human and vehicle)),video tampering alarm,exception"
"hikvision","HiLook","Value Camera","IPC-B149HA","IPC-B149HA 4 MP ColorVu MD 2.0 Fixed Bullet Network Camera","https://www.hikvision.com/en/products/HiLook-IP-Products/Network-Cameras/Value-Camera/ipc-b149ha/","Linkage","Upload to FTP, send email, notify surveillance center, trigger capture"
"hikvision","HiLook","Value Camera","IPC-B149HA","IPC-B149HA 4 MP ColorVu MD 2.0 Fixed Bullet Network Camera","https://www.hikvision.com/en/products/HiLook-IP-Products/Network-Cameras/Value-Camera/ipc-b149ha/","Power","12 VDC ± 25%, 0.4 A, max. 5 W,Ø5.5 mm coaxial power plug,\nPoE: 802.3af, Class 3, 36 V to 57 V, 0.2 A to 0.15 A, max. 6.5 W"
"hikvision","HiLook","Value Camera","IPC-B149HA","IPC-B149HA 4 MP ColorVu MD 2.0 Fixed Bullet Network Camera","https://www.hikvision.com/en/products/HiLook-IP-Products/Network-Cameras/Value-Camera/ipc-b149ha/","Material","Aluminum alloy body"
"hikvision","HiLook","Value Camera","IPC-B149HA","IPC-B149HA 4 MP ColorVu MD 2.0 Fixed Bullet Network Camera","https://www.hikvision.com/en/products/HiLook-IP-Products/Network-Cameras/Value-Camera/ipc-b149ha/","Dimension","Ø76.6 mm × 164.4 mm (Ø3 × 6.5\\\")\""
"hikvision","HiLook","Value Camera","IPC-B149HA","IPC-B149HA 4 MP ColorVu MD 2.0 Fixed Bullet Network Camera","https://www.hikvision.com/en/products/HiLook-IP-Products/Network-Cameras/Value-Camera/ipc-b149ha/","Package Dimension","234 mm × 120 mm × 117 mm (9.2\" × 4.7\" × 4.6\")"
"hikvision","HiLook","Value Camera","IPC-B149HA","IPC-B149HA 4 MP ColorVu MD 2.0 Fixed Bullet Network Camera","https://www.hikvision.com/en/products/HiLook-IP-Products/Network-Cameras/Value-Camera/ipc-b149ha/","With Package Weight","Approx. 633 g (1.4 lb.)"
"hikvision","HiLook","Value Camera","IPC-B149HA","IPC-B149HA 4 MP ColorVu MD 2.0 Fixed Bullet Network Camera","https://www.hikvision.com/en/products/HiLook-IP-Products/Network-Cameras/Value-Camera/ipc-b149ha/","Storage Conditions","-30 °C to 60 °C (-22 °F to 140 °F). Humidity 95% or less (non-condensing)"
"hikvision","HiLook","Value Camera","IPC-B149HA","IPC-B149HA 4 MP ColorVu MD 2.0 Fixed Bullet Network Camera","https://www.hikvision.com/en/products/HiLook-IP-Products/Network-Cameras/Value-Camera/ipc-b149ha/","Startup And Operating Conditions","-30 °C to 60 °C (-22 °F to 140 °F). Humidity 95% or less (non-condensing)"
"hikvision","HiLook","Value Camera","IPC-B149HA","IPC-B149HA 4 MP ColorVu MD 2.0 Fixed Bullet Network Camera","https://www.hikvision.com/en/products/HiLook-IP-Products/Network-Cameras/Value-Camera/ipc-b149ha/","Language","English, Ukrainian"
"hikvision","HiLook","Value Camera","IPC-B149HA","IPC-B149HA 4 MP ColorVu MD 2.0 Fixed Bullet Network Camera","https://www.hikvision.com/en/products/HiLook-IP-Products/Network-Cameras/Value-Camera/ipc-b149ha/","General Function","Heartbeat,anti-banding,mirror,password protection,password reset via email"
"hikvision","HiLook","Value Camera","IPC-B149HA","IPC-B149HA 4 MP ColorVu MD 2.0 Fixed Bullet Network Camera","https://www.hikvision.com/en/products/HiLook-IP-Products/Network-Cameras/Value-Camera/ipc-b149ha/","EMC","FCC: 47 CFR Part 15, Subpart B,\nCE-EMC: EN 55032: 2015, EN 61000-3-2:2019, EN 61000-3-3: 2013+A1:2019, EN 50130-4: 2011 +A1: 2014,\nRCM: AS/NZS CISPR 32: 2015,\nKC: KN32: 2015, KN35: 2015"
"hikvision","HiLook","Value Camera","IPC-B149HA","IPC-B149HA 4 MP ColorVu MD 2.0 Fixed Bullet Network Camera","https://www.hikvision.com/en/products/HiLook-IP-Products/Network-Cameras/Value-Camera/ipc-b149ha/","Safety","CB: IEC 62368-1: 2014+A11,\nCE-LVD: EN 62368-1: 2014/A11: 2017"
"hikvision","HiLook","Value Camera","IPC-B149HA","IPC-B149HA 4 MP ColorVu MD 2.0 Fixed Bullet Network Camera","https://www.hikvision.com/en/products/HiLook-IP-Products/Network-Cameras/Value-Camera/ipc-b149ha/","Environment","CE-RoHS: 2011/65/EU,\nWEEE: 2012/19/EU,\nReach: Regulation (EC) No 1907/2006"
"hikvision","HiLook","Value Camera","IPC-B149HA","IPC-B149HA 4 MP ColorVu MD 2.0 Fixed Bullet Network Camera","https://www.hikvision.com/en/products/HiLook-IP-Products/Network-Cameras/Value-Camera/ipc-b149ha/","Protection","IP67: IEC 60529-2013"
"hikvision","HiLook","Value Camera","IPC-B160HA-LU","IPC-B160HA-LU 6 MP Smart Hybrid Light MD 2.0 Fixed Bullet Network Camera","https://www.hikvision.com/en/products/HiLook-IP-Products/Network-Cameras/Value-Camera/ipc-b160ha-lu/","Image Sensor","1/2.4\" Progressive Scan CMOS"
"hikvision","HiLook","Value Camera","IPC-B160HA-LU","IPC-B160HA-LU 6 MP Smart Hybrid Light MD 2.0 Fixed Bullet Network Camera","https://www.hikvision.com/en/products/HiLook-IP-Products/Network-Cameras/Value-Camera/ipc-b160ha-lu/","Max. Resolution","3200 × 1800"
"hikvision","HiLook","Value Camera","IPC-B160HA-LU","IPC-B160HA-LU 6 MP Smart Hybrid Light MD 2.0 Fixed Bullet Network Camera","https://www.hikvision.com/en/products/HiLook-IP-Products/Network-Cameras/Value-Camera/ipc-b160ha-lu/","Min. Illumination","Color: 0.005 Lux @ (F1.6, AGC ON),B/W: 0 Lux with IR"
"hikvision","HiLook","Value Camera","IPC-B160HA-LU","IPC-B160HA-LU 6 MP Smart Hybrid Light MD 2.0 Fixed Bullet Network Camera","https://www.hikvision.com/en/products/HiLook-IP-Products/Network-Cameras/Value-Camera/ipc-b160ha-lu/","Shutter Time","1/3 s to 1/100,000 s"
"hikvision","HiLook","Value Camera","IPC-B160HA-LU","IPC-B160HA-LU 6 MP Smart Hybrid Light MD 2.0 Fixed Bullet Network Camera","https://www.hikvision.com/en/products/HiLook-IP-Products/Network-Cameras/Value-Camera/ipc-b160ha-lu/","Day & Night","IR cut filter"
"hikvision","HiLook","Value Camera","IPC-B160HA-LU","IPC-B160HA-LU 6 MP Smart Hybrid Light MD 2.0 Fixed Bullet Network Camera","https://www.hikvision.com/en/products/HiLook-IP-Products/Network-Cameras/Value-Camera/ipc-b160ha-lu/","Angle Adjustment","Pan: 0° to 360°,tilt: 0° to 90°,rotate: 0° to 360°"
"hikvision","HiLook","Value Camera","IPC-B160HA-LU","IPC-B160HA-LU 6 MP Smart Hybrid Light MD 2.0 Fixed Bullet Network Camera","https://www.hikvision.com/en/products/HiLook-IP-Products/Network-Cameras/Value-Camera/ipc-b160ha-lu/","Lens Type","Fixed focal lens, 2.8 and 4 mm optional"
"hikvision","HiLook","Value Camera","IPC-B160HA-LU","IPC-B160HA-LU 6 MP Smart Hybrid Light MD 2.0 Fixed Bullet Network Camera","https://www.hikvision.com/en/products/HiLook-IP-Products/Network-Cameras/Value-Camera/ipc-b160ha-lu/","Focal Length & FOV","2.8 mm, horizontal FOV 105°, vertical FOV 55°, diagonal FOV 127°\n4 mm, horizontal FOV 78°, vertical FOV 38°, diagonal FOV 96°"
"hikvision","HiLook","Value Camera","IPC-B160HA-LU","IPC-B160HA-LU 6 MP Smart Hybrid Light MD 2.0 Fixed Bullet Network Camera","https://www.hikvision.com/en/products/HiLook-IP-Products/Network-Cameras/Value-Camera/ipc-b160ha-lu/","Lens Mount","M12"
"hikvision","HiLook","Value Camera","IPC-B160HA-LU","IPC-B160HA-LU 6 MP Smart Hybrid Light MD 2.0 Fixed Bullet Network Camera","https://www.hikvision.com/en/products/HiLook-IP-Products/Network-Cameras/Value-Camera/ipc-b160ha-lu/","Iris Type","Fixed"
"hikvision","HiLook","Value Camera","IPC-B160HA-LU","IPC-B160HA-LU 6 MP Smart Hybrid Light MD 2.0 Fixed Bullet Network Camera","https://www.hikvision.com/en/products/HiLook-IP-Products/Network-Cameras/Value-Camera/ipc-b160ha-lu/","Aperture","F1.6"
"hikvision","HiLook","Value Camera","IPC-B160HA-LU","IPC-B160HA-LU 6 MP Smart Hybrid Light MD 2.0 Fixed Bullet Network Camera","https://www.hikvision.com/en/products/HiLook-IP-Products/Network-Cameras/Value-Camera/ipc-b160ha-lu/","DORI","2.8 mm, D: 76 m, O: 30 m, R: 15 m, I: 7 m\n4 mm, D: 115 m, O: 45 m, R: 23 m, I: 11 m"
"hikvision","HiLook","Value Camera","IPC-B160HA-LU","IPC-B160HA-LU 6 MP Smart Hybrid Light MD 2.0 Fixed Bullet Network Camera","https://www.hikvision.com/en/products/HiLook-IP-Products/Network-Cameras/Value-Camera/ipc-b160ha-lu/","Supplement Light Type","IR,White Light"
"hikvision","HiLook","Value Camera","IPC-B160HA-LU","IPC-B160HA-LU 6 MP Smart Hybrid Light MD 2.0 Fixed Bullet Network Camera","https://www.hikvision.com/en/products/HiLook-IP-Products/Network-Cameras/Value-Camera/ipc-b160ha-lu/","Supplement Light Range","Up to 30 m"
"hikvision","HiLook","Value Camera","IPC-B160HA-LU","IPC-B160HA-LU 6 MP Smart Hybrid Light MD 2.0 Fixed Bullet Network Camera","https://www.hikvision.com/en/products/HiLook-IP-Products/Network-Cameras/Value-Camera/ipc-b160ha-lu/","Smart Supplement Light","Yes"
"hikvision","HiLook","Value Camera","IPC-B160HA-LU","IPC-B160HA-LU 6 MP Smart Hybrid Light MD 2.0 Fixed Bullet Network Camera","https://www.hikvision.com/en/products/HiLook-IP-Products/Network-Cameras/Value-Camera/ipc-b160ha-lu/","IR Wavelength","850 nm"
"hikvision","HiLook","Value Camera","IPC-B160HA-LU","IPC-B160HA-LU 6 MP Smart Hybrid Light MD 2.0 Fixed Bullet Network Camera","https://www.hikvision.com/en/products/HiLook-IP-Products/Network-Cameras/Value-Camera/ipc-b160ha-lu/","Main Stream","50 Hz:\n20 fps (3200 × 1800, 2688 × 1520, 1920 × 1080, 1280 × 720)\n60 Hz:\n20 fps (3200 × 1800, 2688 × 1520, 1920 × 1080, 1280 × 720)"
"hikvision","HiLook","Value Camera","IPC-B160HA-LU","IPC-B160HA-LU 6 MP Smart Hybrid Light MD 2.0 Fixed Bullet Network Camera","https://www.hikvision.com/en/products/HiLook-IP-Products/Network-Cameras/Value-Camera/ipc-b160ha-lu/","Sub-Stream","50 Hz: 20 fps (1280 × 720, 640 × 480, 640 × 360)\n60 Hz: 20 fps (1280 × 720, 640 × 480, 640 × 360)"
"hikvision","HiLook","Value Camera","IPC-B160HA-LU","IPC-B160HA-LU 6 MP Smart Hybrid Light MD 2.0 Fixed Bullet Network Camera","https://www.hikvision.com/en/products/HiLook-IP-Products/Network-Cameras/Value-Camera/ipc-b160ha-lu/","Video Compression","Main stream: H.265+/H.265/H.264+/H.264,\nSub-stream: H.265/H.264/MJPEG"
"hikvision","HiLook","Value Camera","IPC-B160HA-LU","IPC-B160HA-LU 6 MP Smart Hybrid Light MD 2.0 Fixed Bullet Network Camera","https://www.hikvision.com/en/products/HiLook-IP-Products/Network-Cameras/Value-Camera/ipc-b160ha-lu/","Video Bit Rate","32 Kbps to 16 Mbps"
"hikvision","HiLook","Value Camera","IPC-B160HA-LU","IPC-B160HA-LU 6 MP Smart Hybrid Light MD 2.0 Fixed Bullet Network Camera","https://www.hikvision.com/en/products/HiLook-IP-Products/Network-Cameras/Value-Camera/ipc-b160ha-lu/","H.264 Type","Baseline Profile,Main Profile,High Profile"
"hikvision","HiLook","Value Camera","IPC-B160HA-LU","IPC-B160HA-LU 6 MP Smart Hybrid Light MD 2.0 Fixed Bullet Network Camera","https://www.hikvision.com/en/products/HiLook-IP-Products/Network-Cameras/Value-Camera/ipc-b160ha-lu/","H.265 Type","Main Profile"
"hikvision","HiLook","Value Camera","IPC-B160HA-LU","IPC-B160HA-LU 6 MP Smart Hybrid Light MD 2.0 Fixed Bullet Network Camera","https://www.hikvision.com/en/products/HiLook-IP-Products/Network-Cameras/Value-Camera/ipc-b160ha-lu/","Bit Rate Control","CBR,VBR"
"hikvision","HiLook","Value Camera","IPC-B160HA-LU","IPC-B160HA-LU 6 MP Smart Hybrid Light MD 2.0 Fixed Bullet Network Camera","https://www.hikvision.com/en/products/HiLook-IP-Products/Network-Cameras/Value-Camera/ipc-b160ha-lu/","Region Of Interest (ROI)","1 fixed region for main stream"
"hikvision","HiLook","Value Camera","IPC-B160HA-LU","IPC-B160HA-LU 6 MP Smart Hybrid Light MD 2.0 Fixed Bullet Network Camera","https://www.hikvision.com/en/products/HiLook-IP-Products/Network-Cameras/Value-Camera/ipc-b160ha-lu/","Scalable Video Coding (SVC)","H.264 and H.265 encoding"
"hikvision","HiLook","Value Camera","IPC-B160HA-LU","IPC-B160HA-LU 6 MP Smart Hybrid Light MD 2.0 Fixed Bullet Network Camera","https://www.hikvision.com/en/products/HiLook-IP-Products/Network-Cameras/Value-Camera/ipc-b160ha-lu/","Audio Type","Mono sound"
"hikvision","HiLook","Value Camera","IPC-B160HA-LU","IPC-B160HA-LU 6 MP Smart Hybrid Light MD 2.0 Fixed Bullet Network Camera","https://www.hikvision.com/en/products/HiLook-IP-Products/Network-Cameras/Value-Camera/ipc-b160ha-lu/","Environment Noise Filtering","Yes"
"hikvision","HiLook","Value Camera","IPC-B160HA-LU","IPC-B160HA-LU 6 MP Smart Hybrid Light MD 2.0 Fixed Bullet Network Camera","https://www.hikvision.com/en/products/HiLook-IP-Products/Network-Cameras/Value-Camera/ipc-b160ha-lu/","Audio Sampling Rate","8 kHz/16 kHz"
"hikvision","HiLook","Value Camera","IPC-B160HA-LU","IPC-B160HA-LU 6 MP Smart Hybrid Light MD 2.0 Fixed Bullet Network Camera","https://www.hikvision.com/en/products/HiLook-IP-Products/Network-Cameras/Value-Camera/ipc-b160ha-lu/","Audio Compression","G.711ulaw/G.711alaw/G.722.1/G.726/MP2L2/PCM/AAC-LC"
"hikvision","HiLook","Value Camera","IPC-B160HA-LU","IPC-B160HA-LU 6 MP Smart Hybrid Light MD 2.0 Fixed Bullet Network Camera","https://www.hikvision.com/en/products/HiLook-IP-Products/Network-Cameras/Value-Camera/ipc-b160ha-lu/","Audio Bit Rate","64 Kbps (G.711ulaw/G.711alaw)/16 Kbps (G.722.1)/16 Kbps (G.726)/32 to 160 Kbps (MP2L2)/16 to 64 Kbps (AAC-LC)"
"hikvision","HiLook","Value Camera","IPC-B160HA-LU","IPC-B160HA-LU 6 MP Smart Hybrid Light MD 2.0 Fixed Bullet Network Camera","https://www.hikvision.com/en/products/HiLook-IP-Products/Network-Cameras/Value-Camera/ipc-b160ha-lu/","Security","Password protection, complicated password, watermark, basic and digest authentication for HTTP, WSSE and digest authentication for Open Network Video Interface, security audit log, host authentication (MAC address)"
"hikvision","HiLook","Value Camera","IPC-B160HA-LU","IPC-B160HA-LU 6 MP Smart Hybrid Light MD 2.0 Fixed Bullet Network Camera","https://www.hikvision.com/en/products/HiLook-IP-Products/Network-Cameras/Value-Camera/ipc-b160ha-lu/","Simultaneous Live View","Up to 6 channels"
"hikvision","HiLook","Value Camera","IPC-B160HA-LU","IPC-B160HA-LU 6 MP Smart Hybrid Light MD 2.0 Fixed Bullet Network Camera","https://www.hikvision.com/en/products/HiLook-IP-Products/Network-Cameras/Value-Camera/ipc-b160ha-lu/","API","Open Network Video Interface (Profile S, Profile T),ISAPI,SDK"
"hikvision","HiLook","Value Camera","IPC-B160HA-LU","IPC-B160HA-LU 6 MP Smart Hybrid Light MD 2.0 Fixed Bullet Network Camera","https://www.hikvision.com/en/products/HiLook-IP-Products/Network-Cameras/Value-Camera/ipc-b160ha-lu/","Protocols","TCP/IP, ICMP, DHCP, DNS, HTTP, RTP, RTSP, NTP, IGMP, IPv6, UDP, QoS, FTP, SMTP, UPnP"
"hikvision","HiLook","Value Camera","IPC-B160HA-LU","IPC-B160HA-LU 6 MP Smart Hybrid Light MD 2.0 Fixed Bullet Network Camera","https://www.hikvision.com/en/products/HiLook-IP-Products/Network-Cameras/Value-Camera/ipc-b160ha-lu/","User/Host","Up to 32 users\n3 user levels: administrator, operator, and user"
"hikvision","HiLook","Value Camera","IPC-B160HA-LU","IPC-B160HA-LU 6 MP Smart Hybrid Light MD 2.0 Fixed Bullet Network Camera","https://www.hikvision.com/en/products/HiLook-IP-Products/Network-Cameras/Value-Camera/ipc-b160ha-lu/","Client","iVMS-4200,HiLookVision"
"hikvision","HiLook","Value Camera","IPC-B160HA-LU","IPC-B160HA-LU 6 MP Smart Hybrid Light MD 2.0 Fixed Bullet Network Camera","https://www.hikvision.com/en/products/HiLook-IP-Products/Network-Cameras/Value-Camera/ipc-b160ha-lu/","Web Browser","Plug-in required live view: IE 10, IE 11,\nLocal service: Chrome 57.0+, Firefox 52.0+, Edge 89+"
"hikvision","HiLook","Value Camera","IPC-B160HA-LU","IPC-B160HA-LU 6 MP Smart Hybrid Light MD 2.0 Fixed Bullet Network Camera","https://www.hikvision.com/en/products/HiLook-IP-Products/Network-Cameras/Value-Camera/ipc-b160ha-lu/","Wide Dynamic Range (WDR)","120 dB"
"hikvision","HiLook","Value Camera","IPC-B160HA-LU","IPC-B160HA-LU 6 MP Smart Hybrid Light MD 2.0 Fixed Bullet Network Camera","https://www.hikvision.com/en/products/HiLook-IP-Products/Network-Cameras/Value-Camera/ipc-b160ha-lu/","SNR","≥ 52 dB"
"hikvision","HiLook","Value Camera","IPC-B160HA-LU","IPC-B160HA-LU 6 MP Smart Hybrid Light MD 2.0 Fixed Bullet Network Camera","https://www.hikvision.com/en/products/HiLook-IP-Products/Network-Cameras/Value-Camera/ipc-b160ha-lu/","Day/Night Switch","Day,Night,Auto,Schedule"
"hikvision","HiLook","Value Camera","IPC-B160HA-LU","IPC-B160HA-LU 6 MP Smart Hybrid Light MD 2.0 Fixed Bullet Network Camera","https://www.hikvision.com/en/products/HiLook-IP-Products/Network-Cameras/Value-Camera/ipc-b160ha-lu/","Image Enhancement","BLC,HLC,3D DNR"
"hikvision","HiLook","Value Camera","IPC-B160HA-LU","IPC-B160HA-LU 6 MP Smart Hybrid Light MD 2.0 Fixed Bullet Network Camera","https://www.hikvision.com/en/products/HiLook-IP-Products/Network-Cameras/Value-Camera/ipc-b160ha-lu/","Image Settings","Rotate mode,saturation,brightness,contrast,sharpness,gain,white balance,adjustable by client software or web browser"
"hikvision","HiLook","Value Camera","IPC-B160HA-LU","IPC-B160HA-LU 6 MP Smart Hybrid Light MD 2.0 Fixed Bullet Network Camera","https://www.hikvision.com/en/products/HiLook-IP-Products/Network-Cameras/Value-Camera/ipc-b160ha-lu/","Privacy Mask","4 programmable polygon privacy masks"
"hikvision","HiLook","Value Camera","IPC-B160HA-LU","IPC-B160HA-LU 6 MP Smart Hybrid Light MD 2.0 Fixed Bullet Network Camera","https://www.hikvision.com/en/products/HiLook-IP-Products/Network-Cameras/Value-Camera/ipc-b160ha-lu/","Ethernet Interface","1 RJ45 10 M/100 M self-adaptive Ethernet port"
"hikvision","HiLook","Value Camera","IPC-B160HA-LU","IPC-B160HA-LU 6 MP Smart Hybrid Light MD 2.0 Fixed Bullet Network Camera","https://www.hikvision.com/en/products/HiLook-IP-Products/Network-Cameras/Value-Camera/ipc-b160ha-lu/","Built-In Microphone","Yes"
"hikvision","HiLook","Value Camera","IPC-B160HA-LU","IPC-B160HA-LU 6 MP Smart Hybrid Light MD 2.0 Fixed Bullet Network Camera","https://www.hikvision.com/en/products/HiLook-IP-Products/Network-Cameras/Value-Camera/ipc-b160ha-lu/","Basic Event","Motion detection (support alarm triggering by specified target types (human and vehicle)),video tampering alarm,exception"
"hikvision","HiLook","Value Camera","IPC-B160HA-LU","IPC-B160HA-LU 6 MP Smart Hybrid Light MD 2.0 Fixed Bullet Network Camera","https://www.hikvision.com/en/products/HiLook-IP-Products/Network-Cameras/Value-Camera/ipc-b160ha-lu/","Linkage","Upload to FTP,send email,notify surveillance center,trigger capture"
"hikvision","HiLook","Value Camera","IPC-B160HA-LU","IPC-B160HA-LU 6 MP Smart Hybrid Light MD 2.0 Fixed Bullet Network Camera","https://www.hikvision.com/en/products/HiLook-IP-Products/Network-Cameras/Value-Camera/ipc-b160ha-lu/","Power","12 VDC ± 25%, 0.41 A, max. 5 W,Ø5.5 mm coaxial power plug,reverse polarity protection,\nPoE: IEEE 802.3af, Class 3, max. 6.5 W"
"hikvision","HiLook","Value Camera","IPC-B160HA-LU","IPC-B160HA-LU 6 MP Smart Hybrid Light MD 2.0 Fixed Bullet Network Camera","https://www.hikvision.com/en/products/HiLook-IP-Products/Network-Cameras/Value-Camera/ipc-b160ha-lu/","Material","Metal & Plastic"
"hikvision","HiLook","Value Camera","IPC-B160HA-LU","IPC-B160HA-LU 6 MP Smart Hybrid Light MD 2.0 Fixed Bullet Network Camera","https://www.hikvision.com/en/products/HiLook-IP-Products/Network-Cameras/Value-Camera/ipc-b160ha-lu/","Dimension","184.1 mm × 66 mm × 69.1 mm (7.3\" × 2.6\" × 2.7\")"
"hikvision","HiLook","Value Camera","IPC-B160HA-LU","IPC-B160HA-LU 6 MP Smart Hybrid Light MD 2.0 Fixed Bullet Network Camera","https://www.hikvision.com/en/products/HiLook-IP-Products/Network-Cameras/Value-Camera/ipc-b160ha-lu/","Package Dimension","216 mm × 121 mm × 118 mm (8.5\" × 4.8\" × 4.6\")"
"hikvision","HiLook","Value Camera","IPC-B160HA-LU","IPC-B160HA-LU 6 MP Smart Hybrid Light MD 2.0 Fixed Bullet Network Camera","https://www.hikvision.com/en/products/HiLook-IP-Products/Network-Cameras/Value-Camera/ipc-b160ha-lu/","With Package Weight","Approx. 481 g (1.1 lb.)"
"hikvision","HiLook","Value Camera","IPC-B160HA-LU","IPC-B160HA-LU 6 MP Smart Hybrid Light MD 2.0 Fixed Bullet Network Camera","https://www.hikvision.com/en/products/HiLook-IP-Products/Network-Cameras/Value-Camera/ipc-b160ha-lu/","Storage Conditions","-30 °C to 60 °C (-22 °F to 140 °F). Humidity 95% or less (non-condensing)"
"hikvision","HiLook","Value Camera","IPC-B160HA-LU","IPC-B160HA-LU 6 MP Smart Hybrid Light MD 2.0 Fixed Bullet Network Camera","https://www.hikvision.com/en/products/HiLook-IP-Products/Network-Cameras/Value-Camera/ipc-b160ha-lu/","Startup And Operating Conditions","-30 °C to 60 °C (-22 °F to 140 °F). Humidity 95% or less (non-condensing)"
"hikvision","HiLook","Value Camera","IPC-B160HA-LU","IPC-B160HA-LU 6 MP Smart Hybrid Light MD 2.0 Fixed Bullet Network Camera","https://www.hikvision.com/en/products/HiLook-IP-Products/Network-Cameras/Value-Camera/ipc-b160ha-lu/","Language","English, Ukrainian"
"hikvision","HiLook","Value Camera","IPC-B160HA-LU","IPC-B160HA-LU 6 MP Smart Hybrid Light MD 2.0 Fixed Bullet Network Camera","https://www.hikvision.com/en/products/HiLook-IP-Products/Network-Cameras/Value-Camera/ipc-b160ha-lu/","General Function","Heartbeat,anti-banding,mirror,password protection,password reset via email"
"hikvision","HiLook","Value Camera","IPC-B160HA-LU","IPC-B160HA-LU 6 MP Smart Hybrid Light MD 2.0 Fixed Bullet Network Camera","https://www.hikvision.com/en/products/HiLook-IP-Products/Network-Cameras/Value-Camera/ipc-b160ha-lu/","EMC","CE-EMC: EN 55032:2015+A1:2020, EN 50130-4:2011+A1:2014, EN IEC 61000-3-2:2019+A1:2021, EN 61000-3-3:2013+A1:2019+A2:2021,\nRCM: AS/NZS CISPR 32: 2015,\nIC: ICES-003: Issue 7"
"hikvision","HiLook","Value Camera","IPC-B160HA-LU","IPC-B160HA-LU 6 MP Smart Hybrid Light MD 2.0 Fixed Bullet Network Camera","https://www.hikvision.com/en/products/HiLook-IP-Products/Network-Cameras/Value-Camera/ipc-b160ha-lu/","Safety","CB: IEC 62368-1: 2014+A11,\nCE-LVD: EN 62368-1: 2014/A11: 2017"
"hikvision","HiLook","Value Camera","IPC-B160HA-LU","IPC-B160HA-LU 6 MP Smart Hybrid Light MD 2.0 Fixed Bullet Network Camera","https://www.hikvision.com/en/products/HiLook-IP-Products/Network-Cameras/Value-Camera/ipc-b160ha-lu/","Environment","CE-RoHS: 2011/65/EU,\nWEEE: 2012/19/EU,\nReach: Regulation (EC) No 1907/2006"
"hikvision","HiLook","Value Camera","IPC-B160HA-LU","IPC-B160HA-LU 6 MP Smart Hybrid Light MD 2.0 Fixed Bullet Network Camera","https://www.hikvision.com/en/products/HiLook-IP-Products/Network-Cameras/Value-Camera/ipc-b160ha-lu/","Protection","IP67: IEC 60529-2013"
"hikvision","HiLook","Value Camera","IPC-B160HA-LUF-SL","IPC-B160HA-LUF/SL 6 MP Smart Hybrid Light MD 2.0 Fixed Bullet Network Camera","https://www.hikvision.com/en/products/HiLook-IP-Products/Network-Cameras/Value-Camera/ipc-b160ha-luf-sl/","Image Sensor","1/2.4\" Progressive Scan CMOS"
"hikvision","HiLook","Value Camera","IPC-B160HA-LUF-SL","IPC-B160HA-LUF/SL 6 MP Smart Hybrid Light MD 2.0 Fixed Bullet Network Camera","https://www.hikvision.com/en/products/HiLook-IP-Products/Network-Cameras/Value-Camera/ipc-b160ha-luf-sl/","Max. Resolution","3200 × 1800"
"hikvision","HiLook","Value Camera","IPC-B160HA-LUF-SL","IPC-B160HA-LUF/SL 6 MP Smart Hybrid Light MD 2.0 Fixed Bullet Network Camera","https://www.hikvision.com/en/products/HiLook-IP-Products/Network-Cameras/Value-Camera/ipc-b160ha-luf-sl/","Min. Illumination","Color: 0.005 Lux @ (F1.6, AGC ON),B/W: 0 Lux with IR"
"hikvision","HiLook","Value Camera","IPC-B160HA-LUF-SL","IPC-B160HA-LUF/SL 6 MP Smart Hybrid Light MD 2.0 Fixed Bullet Network Camera","https://www.hikvision.com/en/products/HiLook-IP-Products/Network-Cameras/Value-Camera/ipc-b160ha-luf-sl/","Shutter Time","1/3 s to 1/100,000 s"
"hikvision","HiLook","Value Camera","IPC-B160HA-LUF-SL","IPC-B160HA-LUF/SL 6 MP Smart Hybrid Light MD 2.0 Fixed Bullet Network Camera","https://www.hikvision.com/en/products/HiLook-IP-Products/Network-Cameras/Value-Camera/ipc-b160ha-luf-sl/","Day & Night","IR cut filter"
"hikvision","HiLook","Value Camera","IPC-B160HA-LUF-SL","IPC-B160HA-LUF/SL 6 MP Smart Hybrid Light MD 2.0 Fixed Bullet Network Camera","https://www.hikvision.com/en/products/HiLook-IP-Products/Network-Cameras/Value-Camera/ipc-b160ha-luf-sl/","Angle Adjustment","Pan: 0° to 360°,tilt: 0° to 90°,rotate: 0° to 360°"
"hikvision","HiLook","Value Camera","IPC-B160HA-LUF-SL","IPC-B160HA-LUF/SL 6 MP Smart Hybrid Light MD 2.0 Fixed Bullet Network Camera","https://www.hikvision.com/en/products/HiLook-IP-Products/Network-Cameras/Value-Camera/ipc-b160ha-luf-sl/","Lens Type","Fixed focal lens, 2.8 and 4 mm optional"
"hikvision","HiLook","Value Camera","IPC-B160HA-LUF-SL","IPC-B160HA-LUF/SL 6 MP Smart Hybrid Light MD 2.0 Fixed Bullet Network Camera","https://www.hikvision.com/en/products/HiLook-IP-Products/Network-Cameras/Value-Camera/ipc-b160ha-luf-sl/","Focal Length & FOV","2.8 mm, horizontal FOV 105°, vertical FOV 55°, diagonal FOV 127°\n4 mm, horizontal FOV 78°, vertical FOV 38°, diagonal FOV 96°"
"hikvision","HiLook","Value Camera","IPC-B160HA-LUF-SL","IPC-B160HA-LUF/SL 6 MP Smart Hybrid Light MD 2.0 Fixed Bullet Network Camera","https://www.hikvision.com/en/products/HiLook-IP-Products/Network-Cameras/Value-Camera/ipc-b160ha-luf-sl/","Lens Mount","M12"
"hikvision","HiLook","Value Camera","IPC-B160HA-LUF-SL","IPC-B160HA-LUF/SL 6 MP Smart Hybrid Light MD 2.0 Fixed Bullet Network Camera","https://www.hikvision.com/en/products/HiLook-IP-Products/Network-Cameras/Value-Camera/ipc-b160ha-luf-sl/","Iris Type","Fixed"
"hikvision","HiLook","Value Camera","IPC-B160HA-LUF-SL","IPC-B160HA-LUF/SL 6 MP Smart Hybrid Light MD 2.0 Fixed Bullet Network Camera","https://www.hikvision.com/en/products/HiLook-IP-Products/Network-Cameras/Value-Camera/ipc-b160ha-luf-sl/","Aperture","F1.6"
"hikvision","HiLook","Value Camera","IPC-B160HA-LUF-SL","IPC-B160HA-LUF/SL 6 MP Smart Hybrid Light MD 2.0 Fixed Bullet Network Camera","https://www.hikvision.com/en/products/HiLook-IP-Products/Network-Cameras/Value-Camera/ipc-b160ha-luf-sl/","DORI","2.8 mm, D: 76 m, O: 30 m, R: 15 m, I: 7 m\n4 mm, D: 115 m, O: 45 m, R: 23 m, I: 11 m"
"hikvision","HiLook","Value Camera","IPC-B160HA-LUF-SL","IPC-B160HA-LUF/SL 6 MP Smart Hybrid Light MD 2.0 Fixed Bullet Network Camera","https://www.hikvision.com/en/products/HiLook-IP-Products/Network-Cameras/Value-Camera/ipc-b160ha-luf-sl/","Supplement Light Type","IR,White Light"
"hikvision","HiLook","Value Camera","IPC-B160HA-LUF-SL","IPC-B160HA-LUF/SL 6 MP Smart Hybrid Light MD 2.0 Fixed Bullet Network Camera","https://www.hikvision.com/en/products/HiLook-IP-Products/Network-Cameras/Value-Camera/ipc-b160ha-luf-sl/","Supplement Light Range","Up to 30 m"
"hikvision","HiLook","Value Camera","IPC-B160HA-LUF-SL","IPC-B160HA-LUF/SL 6 MP Smart Hybrid Light MD 2.0 Fixed Bullet Network Camera","https://www.hikvision.com/en/products/HiLook-IP-Products/Network-Cameras/Value-Camera/ipc-b160ha-luf-sl/","Smart Supplement Light","Yes"
"hikvision","HiLook","Value Camera","IPC-B160HA-LUF-SL","IPC-B160HA-LUF/SL 6 MP Smart Hybrid Light MD 2.0 Fixed Bullet Network Camera","https://www.hikvision.com/en/products/HiLook-IP-Products/Network-Cameras/Value-Camera/ipc-b160ha-luf-sl/","IR Wavelength","850 nm"
"hikvision","HiLook","Value Camera","IPC-B160HA-LUF-SL","IPC-B160HA-LUF/SL 6 MP Smart Hybrid Light MD 2.0 Fixed Bullet Network Camera","https://www.hikvision.com/en/products/HiLook-IP-Products/Network-Cameras/Value-Camera/ipc-b160ha-luf-sl/","Main Stream","50 Hz:\n20 fps (3200 × 1800, 2688 × 1520, 1920 × 1080, 1280 × 720)\n60 Hz:\n20 fps (3200 × 1800, 2688 × 1520, 1920 × 1080, 1280 × 720)"
"hikvision","HiLook","Value Camera","IPC-B160HA-LUF-SL","IPC-B160HA-LUF/SL 6 MP Smart Hybrid Light MD 2.0 Fixed Bullet Network Camera","https://www.hikvision.com/en/products/HiLook-IP-Products/Network-Cameras/Value-Camera/ipc-b160ha-luf-sl/","Sub-Stream","50 Hz: 20 fps (1280 × 720, 640 × 480, 640 × 360)\n60 Hz: 20 fps (1280 × 720, 640 × 480, 640 × 360)"
"hikvision","HiLook","Value Camera","IPC-B160HA-LUF-SL","IPC-B160HA-LUF/SL 6 MP Smart Hybrid Light MD 2.0 Fixed Bullet Network Camera","https://www.hikvision.com/en/products/HiLook-IP-Products/Network-Cameras/Value-Camera/ipc-b160ha-luf-sl/","Video Compression","Main stream: H.265+/H.265/H.264+/H.264,\nSub-stream: H.265/H.264/MJPEG"
"hikvision","HiLook","Value Camera","IPC-B160HA-LUF-SL","IPC-B160HA-LUF/SL 6 MP Smart Hybrid Light MD 2.0 Fixed Bullet Network Camera","https://www.hikvision.com/en/products/HiLook-IP-Products/Network-Cameras/Value-Camera/ipc-b160ha-luf-sl/","Video Bit Rate","32 Kbps to 16 Mbps"
"hikvision","HiLook","Value Camera","IPC-B160HA-LUF-SL","IPC-B160HA-LUF/SL 6 MP Smart Hybrid Light MD 2.0 Fixed Bullet Network Camera","https://www.hikvision.com/en/products/HiLook-IP-Products/Network-Cameras/Value-Camera/ipc-b160ha-luf-sl/","H.264 Type","Baseline Profile,Main Profile,High Profile"
"hikvision","HiLook","Value Camera","IPC-B160HA-LUF-SL","IPC-B160HA-LUF/SL 6 MP Smart Hybrid Light MD 2.0 Fixed Bullet Network Camera","https://www.hikvision.com/en/products/HiLook-IP-Products/Network-Cameras/Value-Camera/ipc-b160ha-luf-sl/","H.265 Type","Main Profile"
"hikvision","HiLook","Value Camera","IPC-B160HA-LUF-SL","IPC-B160HA-LUF/SL 6 MP Smart Hybrid Light MD 2.0 Fixed Bullet Network Camera","https://www.hikvision.com/en/products/HiLook-IP-Products/Network-Cameras/Value-Camera/ipc-b160ha-luf-sl/","Bit Rate Control","CBR,VBR"
"hikvision","HiLook","Value Camera","IPC-B160HA-LUF-SL","IPC-B160HA-LUF/SL 6 MP Smart Hybrid Light MD 2.0 Fixed Bullet Network Camera","https://www.hikvision.com/en/products/HiLook-IP-Products/Network-Cameras/Value-Camera/ipc-b160ha-luf-sl/","Region Of Interest (ROI)","1 fixed region for main stream"
"hikvision","HiLook","Value Camera","IPC-B160HA-LUF-SL","IPC-B160HA-LUF/SL 6 MP Smart Hybrid Light MD 2.0 Fixed Bullet Network Camera","https://www.hikvision.com/en/products/HiLook-IP-Products/Network-Cameras/Value-Camera/ipc-b160ha-luf-sl/","Scalable Video Coding (SVC)","H.264 and H.265 encoding"
"hikvision","HiLook","Value Camera","IPC-B160HA-LUF-SL","IPC-B160HA-LUF/SL 6 MP Smart Hybrid Light MD 2.0 Fixed Bullet Network Camera","https://www.hikvision.com/en/products/HiLook-IP-Products/Network-Cameras/Value-Camera/ipc-b160ha-luf-sl/","Audio Type","Mono sound"
"hikvision","HiLook","Value Camera","IPC-B160HA-LUF-SL","IPC-B160HA-LUF/SL 6 MP Smart Hybrid Light MD 2.0 Fixed Bullet Network Camera","https://www.hikvision.com/en/products/HiLook-IP-Products/Network-Cameras/Value-Camera/ipc-b160ha-luf-sl/","Audio Sampling Rate","8 kHz/16 kHz"
"hikvision","HiLook","Value Camera","IPC-B160HA-LUF-SL","IPC-B160HA-LUF/SL 6 MP Smart Hybrid Light MD 2.0 Fixed Bullet Network Camera","https://www.hikvision.com/en/products/HiLook-IP-Products/Network-Cameras/Value-Camera/ipc-b160ha-luf-sl/","Environment Noise Filtering","Yes"
"hikvision","HiLook","Value Camera","IPC-B160HA-LUF-SL","IPC-B160HA-LUF/SL 6 MP Smart Hybrid Light MD 2.0 Fixed Bullet Network Camera","https://www.hikvision.com/en/products/HiLook-IP-Products/Network-Cameras/Value-Camera/ipc-b160ha-luf-sl/","Audio Compression","G.711/G.722.1/G.726/MP2L2/PCM/AAC-LC"
"hikvision","HiLook","Value Camera","IPC-B160HA-LUF-SL","IPC-B160HA-LUF/SL 6 MP Smart Hybrid Light MD 2.0 Fixed Bullet Network Camera","https://www.hikvision.com/en/products/HiLook-IP-Products/Network-Cameras/Value-Camera/ipc-b160ha-luf-sl/","Audio Bit Rate","64 Kbps (G.711ulaw/G.711alaw)/16 Kbps (G.722.1)/16 Kbps (G.726)/32 to 160 Kbps (MP2L2)/16 to 64 Kbps (AAC-LC)"
"hikvision","HiLook","Value Camera","IPC-B160HA-LUF-SL","IPC-B160HA-LUF/SL 6 MP Smart Hybrid Light MD 2.0 Fixed Bullet Network Camera","https://www.hikvision.com/en/products/HiLook-IP-Products/Network-Cameras/Value-Camera/ipc-b160ha-luf-sl/","Security","Password protection, complicated password, watermark, basic and digest authentication for HTTP, WSSE and digest authentication for Open Network Video Interface, security audit log, host authentication (MAC address)"
"hikvision","HiLook","Value Camera","IPC-B160HA-LUF-SL","IPC-B160HA-LUF/SL 6 MP Smart Hybrid Light MD 2.0 Fixed Bullet Network Camera","https://www.hikvision.com/en/products/HiLook-IP-Products/Network-Cameras/Value-Camera/ipc-b160ha-luf-sl/","Simultaneous Live View","Up to 6 channels"
"hikvision","HiLook","Value Camera","IPC-B160HA-LUF-SL","IPC-B160HA-LUF/SL 6 MP Smart Hybrid Light MD 2.0 Fixed Bullet Network Camera","https://www.hikvision.com/en/products/HiLook-IP-Products/Network-Cameras/Value-Camera/ipc-b160ha-luf-sl/","API","Open Network Video Interface (Profile S, Profile T, Profile G),ISAPI,SDK"
"hikvision","HiLook","Value Camera","IPC-B160HA-LUF-SL","IPC-B160HA-LUF/SL 6 MP Smart Hybrid Light MD 2.0 Fixed Bullet Network Camera","https://www.hikvision.com/en/products/HiLook-IP-Products/Network-Cameras/Value-Camera/ipc-b160ha-luf-sl/","Protocols","TCP/IP, ICMP, DHCP, DNS, HTTP, RTP, RTSP, NTP, IGMP, IPv6, UDP, QoS, FTP, SMTP, UPnP"
"hikvision","HiLook","Value Camera","IPC-B160HA-LUF-SL","IPC-B160HA-LUF/SL 6 MP Smart Hybrid Light MD 2.0 Fixed Bullet Network Camera","https://www.hikvision.com/en/products/HiLook-IP-Products/Network-Cameras/Value-Camera/ipc-b160ha-luf-sl/","User/Host","Up to 32 users\n3 user levels: administrator, operator, and user"
"hikvision","HiLook","Value Camera","IPC-B160HA-LUF-SL","IPC-B160HA-LUF/SL 6 MP Smart Hybrid Light MD 2.0 Fixed Bullet Network Camera","https://www.hikvision.com/en/products/HiLook-IP-Products/Network-Cameras/Value-Camera/ipc-b160ha-luf-sl/","Client","iVMS-4200,HiLookVision"
"hikvision","HiLook","Value Camera","IPC-B160HA-LUF-SL","IPC-B160HA-LUF/SL 6 MP Smart Hybrid Light MD 2.0 Fixed Bullet Network Camera","https://www.hikvision.com/en/products/HiLook-IP-Products/Network-Cameras/Value-Camera/ipc-b160ha-luf-sl/","Web Browser","Plug-in required live view: IE 10, IE 11,\nLocal service: Chrome 57.0+, Firefox 52.0+, Edge 89+"
"hikvision","HiLook","Value Camera","IPC-B160HA-LUF-SL","IPC-B160HA-LUF/SL 6 MP Smart Hybrid Light MD 2.0 Fixed Bullet Network Camera","https://www.hikvision.com/en/products/HiLook-IP-Products/Network-Cameras/Value-Camera/ipc-b160ha-luf-sl/","Wide Dynamic Range (WDR)","120 dB"
"hikvision","HiLook","Value Camera","IPC-B160HA-LUF-SL","IPC-B160HA-LUF/SL 6 MP Smart Hybrid Light MD 2.0 Fixed Bullet Network Camera","https://www.hikvision.com/en/products/HiLook-IP-Products/Network-Cameras/Value-Camera/ipc-b160ha-luf-sl/","SNR","≥ 52 dB"
"hikvision","HiLook","Value Camera","IPC-B160HA-LUF-SL","IPC-B160HA-LUF/SL 6 MP Smart Hybrid Light MD 2.0 Fixed Bullet Network Camera","https://www.hikvision.com/en/products/HiLook-IP-Products/Network-Cameras/Value-Camera/ipc-b160ha-luf-sl/","Day/Night Switch","Day,Night,Auto,Schedule"
"hikvision","HiLook","Value Camera","IPC-B160HA-LUF-SL","IPC-B160HA-LUF/SL 6 MP Smart Hybrid Light MD 2.0 Fixed Bullet Network Camera","https://www.hikvision.com/en/products/HiLook-IP-Products/Network-Cameras/Value-Camera/ipc-b160ha-luf-sl/","Image Enhancement","BLC,HLC,3D DNR"
"hikvision","HiLook","Value Camera","IPC-B160HA-LUF-SL","IPC-B160HA-LUF/SL 6 MP Smart Hybrid Light MD 2.0 Fixed Bullet Network Camera","https://www.hikvision.com/en/products/HiLook-IP-Products/Network-Cameras/Value-Camera/ipc-b160ha-luf-sl/","Image Settings","Rotate mode,saturation,brightness,contrast,sharpness,gain,white balance,adjustable by client software or web browser"
"hikvision","HiLook","Value Camera","IPC-B160HA-LUF-SL","IPC-B160HA-LUF/SL 6 MP Smart Hybrid Light MD 2.0 Fixed Bullet Network Camera","https://www.hikvision.com/en/products/HiLook-IP-Products/Network-Cameras/Value-Camera/ipc-b160ha-luf-sl/","Privacy Mask","4 programmable polygon privacy masks"
"hikvision","HiLook","Value Camera","IPC-B160HA-LUF-SL","IPC-B160HA-LUF/SL 6 MP Smart Hybrid Light MD 2.0 Fixed Bullet Network Camera","https://www.hikvision.com/en/products/HiLook-IP-Products/Network-Cameras/Value-Camera/ipc-b160ha-luf-sl/","Ethernet Interface","1 RJ45 10 M/100 M self-adaptive Ethernet port"
"hikvision","HiLook","Value Camera","IPC-B160HA-LUF-SL","IPC-B160HA-LUF/SL 6 MP Smart Hybrid Light MD 2.0 Fixed Bullet Network Camera","https://www.hikvision.com/en/products/HiLook-IP-Products/Network-Cameras/Value-Camera/ipc-b160ha-luf-sl/","On-Board Storage","Built-in memory card slot, support microSD/microSDHC/microSDXC card, up to 512 GB"
"hikvision","HiLook","Value Camera","IPC-B160HA-LUF-SL","IPC-B160HA-LUF/SL 6 MP Smart Hybrid Light MD 2.0 Fixed Bullet Network Camera","https://www.hikvision.com/en/products/HiLook-IP-Products/Network-Cameras/Value-Camera/ipc-b160ha-luf-sl/","Built-In Microphone","Yes,1 built-in microphone"
"hikvision","HiLook","Value Camera","IPC-B160HA-LUF-SL","IPC-B160HA-LUF/SL 6 MP Smart Hybrid Light MD 2.0 Fixed Bullet Network Camera","https://www.hikvision.com/en/products/HiLook-IP-Products/Network-Cameras/Value-Camera/ipc-b160ha-luf-sl/","Built-In Speaker","Max. power consumption: 1.5 W, max. sound pressure level: 10 cm: 95 dB."
"hikvision","HiLook","Value Camera","IPC-B160HA-LUF-SL","IPC-B160HA-LUF/SL 6 MP Smart Hybrid Light MD 2.0 Fixed Bullet Network Camera","https://www.hikvision.com/en/products/HiLook-IP-Products/Network-Cameras/Value-Camera/ipc-b160ha-luf-sl/","Reset Key","Yes"
"hikvision","HiLook","Value Camera","IPC-B160HA-LUF-SL","IPC-B160HA-LUF/SL 6 MP Smart Hybrid Light MD 2.0 Fixed Bullet Network Camera","https://www.hikvision.com/en/products/HiLook-IP-Products/Network-Cameras/Value-Camera/ipc-b160ha-luf-sl/","Basic Event","Motion detection (support alarm triggering by specified target types (human and vehicle)),video tampering alarm,exception"
"hikvision","HiLook","Value Camera","IPC-B160HA-LUF-SL","IPC-B160HA-LUF/SL 6 MP Smart Hybrid Light MD 2.0 Fixed Bullet Network Camera","https://www.hikvision.com/en/products/HiLook-IP-Products/Network-Cameras/Value-Camera/ipc-b160ha-luf-sl/","Linkage","Upload to FTP/NAS/memory card,notify surveillance center,send email,trigger recording,trigger capture,audible warning,flashing light"
"hikvision","HiLook","Value Camera","IPC-B160HA-LUF-SL","IPC-B160HA-LUF/SL 6 MP Smart Hybrid Light MD 2.0 Fixed Bullet Network Camera","https://www.hikvision.com/en/products/HiLook-IP-Products/Network-Cameras/Value-Camera/ipc-b160ha-luf-sl/","Power","12 VDC ± 25%, 0.66 A, max. 8 W,Ø5.5 mm coaxial power plug,reverse polarity protection,\nPoE: IEEE 802.3af, Class 3, max. 9.5 W"
"hikvision","HiLook","Value Camera","IPC-B160HA-LUF-SL","IPC-B160HA-LUF/SL 6 MP Smart Hybrid Light MD 2.0 Fixed Bullet Network Camera","https://www.hikvision.com/en/products/HiLook-IP-Products/Network-Cameras/Value-Camera/ipc-b160ha-luf-sl/","Material","Metal & Plastic"
"hikvision","HiLook","Value Camera","IPC-B160HA-LUF-SL","IPC-B160HA-LUF/SL 6 MP Smart Hybrid Light MD 2.0 Fixed Bullet Network Camera","https://www.hikvision.com/en/products/HiLook-IP-Products/Network-Cameras/Value-Camera/ipc-b160ha-luf-sl/","Dimension","179 mm × 67.4 mm × 69.1 mm (7.1\" × 2.7\" × 2.7\")"
"hikvision","HiLook","Value Camera","IPC-B160HA-LUF-SL","IPC-B160HA-LUF/SL 6 MP Smart Hybrid Light MD 2.0 Fixed Bullet Network Camera","https://www.hikvision.com/en/products/HiLook-IP-Products/Network-Cameras/Value-Camera/ipc-b160ha-luf-sl/","Package Dimension","216 mm × 121 mm × 118 mm (8.5\" × 4.8\" × 4.6\")"
"hikvision","HiLook","Value Camera","IPC-B160HA-LUF-SL","IPC-B160HA-LUF/SL 6 MP Smart Hybrid Light MD 2.0 Fixed Bullet Network Camera","https://www.hikvision.com/en/products/HiLook-IP-Products/Network-Cameras/Value-Camera/ipc-b160ha-luf-sl/","With Package Weight","Approx. 475 g (1.0 lb.)"
"hikvision","HiLook","Value Camera","IPC-B160HA-LUF-SL","IPC-B160HA-LUF/SL 6 MP Smart Hybrid Light MD 2.0 Fixed Bullet Network Camera","https://www.hikvision.com/en/products/HiLook-IP-Products/Network-Cameras/Value-Camera/ipc-b160ha-luf-sl/","Storage Conditions","-30 °C to 60 °C (-22 °F to 140 °F). Humidity 95% or less (non-condensing)"
"hikvision","HiLook","Value Camera","IPC-B160HA-LUF-SL","IPC-B160HA-LUF/SL 6 MP Smart Hybrid Light MD 2.0 Fixed Bullet Network Camera","https://www.hikvision.com/en/products/HiLook-IP-Products/Network-Cameras/Value-Camera/ipc-b160ha-luf-sl/","Startup And Operating Conditions","-30 °C to 60 °C (-22 °F to 140 °F). Humidity 95% or less (non-condensing)"
"hikvision","HiLook","Value Camera","IPC-B160HA-LUF-SL","IPC-B160HA-LUF/SL 6 MP Smart Hybrid Light MD 2.0 Fixed Bullet Network Camera","https://www.hikvision.com/en/products/HiLook-IP-Products/Network-Cameras/Value-Camera/ipc-b160ha-luf-sl/","Language","English, Ukrainian"
"hikvision","HiLook","Value Camera","IPC-B160HA-LUF-SL","IPC-B160HA-LUF/SL 6 MP Smart Hybrid Light MD 2.0 Fixed Bullet Network Camera","https://www.hikvision.com/en/products/HiLook-IP-Products/Network-Cameras/Value-Camera/ipc-b160ha-luf-sl/","General Function","Heartbeat,anti-banding,mirror,password protection,password reset via email"
"hikvision","HiLook","Value Camera","IPC-B160HA-LUF-SL","IPC-B160HA-LUF/SL 6 MP Smart Hybrid Light MD 2.0 Fixed Bullet Network Camera","https://www.hikvision.com/en/products/HiLook-IP-Products/Network-Cameras/Value-Camera/ipc-b160ha-luf-sl/","Flashing Light","Yes"
"hikvision","HiLook","Value Camera","IPC-B160HA-LUF-SL","IPC-B160HA-LUF/SL 6 MP Smart Hybrid Light MD 2.0 Fixed Bullet Network Camera","https://www.hikvision.com/en/products/HiLook-IP-Products/Network-Cameras/Value-Camera/ipc-b160ha-luf-sl/","EMC","CE-EMC: EN 55032:2015+A1:2020, EN 50130-4:2011+A1:2014, EN IEC 61000-3-2:2019+A1:2021, EN 61000-3-3:2013+A1:2019+A2:2021,\nRCM: AS/NZS CISPR 32: 2015,\nIC: ICES-003: Issue 7"
"hikvision","HiLook","Value Camera","IPC-B160HA-LUF-SL","IPC-B160HA-LUF/SL 6 MP Smart Hybrid Light MD 2.0 Fixed Bullet Network Camera","https://www.hikvision.com/en/products/HiLook-IP-Products/Network-Cameras/Value-Camera/ipc-b160ha-luf-sl/","Safety","CB: IEC 62368-1: 2014+A11,\nCE-LVD: EN 62368-1: 2014/A11: 2017"
"hikvision","HiLook","Value Camera","IPC-B160HA-LUF-SL","IPC-B160HA-LUF/SL 6 MP Smart Hybrid Light MD 2.0 Fixed Bullet Network Camera","https://www.hikvision.com/en/products/HiLook-IP-Products/Network-Cameras/Value-Camera/ipc-b160ha-luf-sl/","Environment","CE-RoHS: 2011/65/EU,\nWEEE: 2012/19/EU,\nReach: Regulation (EC) No 1907/2006"
"hikvision","HiLook","Value Camera","IPC-B160HA-LUF-SL","IPC-B160HA-LUF/SL 6 MP Smart Hybrid Light MD 2.0 Fixed Bullet Network Camera","https://www.hikvision.com/en/products/HiLook-IP-Products/Network-Cameras/Value-Camera/ipc-b160ha-luf-sl/","Protection","IP67: IEC 60529-2013"
"hikvision","HiLook","Value Camera","IPC-B150H--M-","IPC-B150H(-M) 5 MP Fixed Bullet Network Camera","https://www.hikvision.com/en/products/HiLook-IP-Products/Network-Cameras/Value-Camera/ipc-b150h--m-/","Image Sensor","1/2.7\" progressive scan CMOS"
"hikvision","HiLook","Value Camera","IPC-B150H--M-","IPC-B150H(-M) 5 MP Fixed Bullet Network Camera","https://www.hikvision.com/en/products/HiLook-IP-Products/Network-Cameras/Value-Camera/ipc-b150h--m-/","Max. Resolution","2560 × 1920"
"hikvision","HiLook","Value Camera","IPC-B150H--M-","IPC-B150H(-M) 5 MP Fixed Bullet Network Camera","https://www.hikvision.com/en/products/HiLook-IP-Products/Network-Cameras/Value-Camera/ipc-b150h--m-/","Min. Illumination","Color: 0.01 Lux @(F2.0, AGC ON), B/W: 0 Lux with IR"
"hikvision","HiLook","Value Camera","IPC-B150H--M-","IPC-B150H(-M) 5 MP Fixed Bullet Network Camera","https://www.hikvision.com/en/products/HiLook-IP-Products/Network-Cameras/Value-Camera/ipc-b150h--m-/","Shutter Speed","1/3 s to 1/100,000 s"
"hikvision","HiLook","Value Camera","IPC-B150H--M-","IPC-B150H(-M) 5 MP Fixed Bullet Network Camera","https://www.hikvision.com/en/products/HiLook-IP-Products/Network-Cameras/Value-Camera/ipc-b150h--m-/","Day & Night","IR cut filter"
"hikvision","HiLook","Value Camera","IPC-B150H--M-","IPC-B150H(-M) 5 MP Fixed Bullet Network Camera","https://www.hikvision.com/en/products/HiLook-IP-Products/Network-Cameras/Value-Camera/ipc-b150h--m-/","Angle Adjustment","Pan: 0° to 360°, tilt: 0° to 180°, rotate: 0° to 360°"
"hikvision","HiLook","Value Camera","IPC-B150H--M-","IPC-B150H(-M) 5 MP Fixed Bullet Network Camera","https://www.hikvision.com/en/products/HiLook-IP-Products/Network-Cameras/Value-Camera/ipc-b150h--m-/","Lens Type","Fixed focal lens, 2.8 and 4 mm optional"
"hikvision","HiLook","Value Camera","IPC-B150H--M-","IPC-B150H(-M) 5 MP Fixed Bullet Network Camera","https://www.hikvision.com/en/products/HiLook-IP-Products/Network-Cameras/Value-Camera/ipc-b150h--m-/","Focal Length & FOV","2.8 mm, horizontal FOV 98.0°, vertical FOV 71.7°, diagonal FOV 127.0°\n4 mm, horizontal FOV 75.3°, vertical FOV 55.5°, diagonal FOV 98.2°"
"hikvision","HiLook","Value Camera","IPC-B150H--M-","IPC-B150H(-M) 5 MP Fixed Bullet Network Camera","https://www.hikvision.com/en/products/HiLook-IP-Products/Network-Cameras/Value-Camera/ipc-b150h--m-/","Lens Mount","M12"
"hikvision","HiLook","Value Camera","IPC-B150H--M-","IPC-B150H(-M) 5 MP Fixed Bullet Network Camera","https://www.hikvision.com/en/products/HiLook-IP-Products/Network-Cameras/Value-Camera/ipc-b150h--m-/","Iris Type","Fixed"
"hikvision","HiLook","Value Camera","IPC-B150H--M-","IPC-B150H(-M) 5 MP Fixed Bullet Network Camera","https://www.hikvision.com/en/products/HiLook-IP-Products/Network-Cameras/Value-Camera/ipc-b150h--m-/","Aperture","F2.0"
"hikvision","HiLook","Value Camera","IPC-B150H--M-","IPC-B150H(-M) 5 MP Fixed Bullet Network Camera","https://www.hikvision.com/en/products/HiLook-IP-Products/Network-Cameras/Value-Camera/ipc-b150h--m-/","Supplement Light Type","IR"
"hikvision","HiLook","Value Camera","IPC-B150H--M-","IPC-B150H(-M) 5 MP Fixed Bullet Network Camera","https://www.hikvision.com/en/products/HiLook-IP-Products/Network-Cameras/Value-Camera/ipc-b150h--m-/","Supplement Light Range","Up to 30 m"
"hikvision","HiLook","Value Camera","IPC-B150H--M-","IPC-B150H(-M) 5 MP Fixed Bullet Network Camera","https://www.hikvision.com/en/products/HiLook-IP-Products/Network-Cameras/Value-Camera/ipc-b150h--m-/","IR Wavelength","850 nm"
"hikvision","HiLook","Value Camera","IPC-B150H--M-","IPC-B150H(-M) 5 MP Fixed Bullet Network Camera","https://www.hikvision.com/en/products/HiLook-IP-Products/Network-Cameras/Value-Camera/ipc-b150h--m-/","Main Stream","50 Hz: 20 fps (2560 × 1920)\n25 fps (2560 × 1440, 1920 × 1080, 1280 × 720)\n60 Hz: 20 fps (2560 × 1920)\n30 fps (2560 × 1440, 1920 × 1080, 1280 × 720)"
"hikvision","HiLook","Value Camera","IPC-B150H--M-","IPC-B150H(-M) 5 MP Fixed Bullet Network Camera","https://www.hikvision.com/en/products/HiLook-IP-Products/Network-Cameras/Value-Camera/ipc-b150h--m-/","Sub-Stream","50 Hz: 25 fps (1280 × 720, 640 × 480, 640 × 360)\n60 Hz: 30 fps (1280 × 720, 640 × 480, 640 × 360)"
"hikvision","HiLook","Value Camera","IPC-B150H--M-","IPC-B150H(-M) 5 MP Fixed Bullet Network Camera","https://www.hikvision.com/en/products/HiLook-IP-Products/Network-Cameras/Value-Camera/ipc-b150h--m-/","Video Compression","Main stream: H.265+/H.265/H.264+/H.264\nSub-stream: H.265/H.264/MJPEG"
"hikvision","HiLook","Value Camera","IPC-B150H--M-","IPC-B150H(-M) 5 MP Fixed Bullet Network Camera","https://www.hikvision.com/en/products/HiLook-IP-Products/Network-Cameras/Value-Camera/ipc-b150h--m-/","Video Bit Rate","32 Kbps to 16 Mbps"
"hikvision","HiLook","Value Camera","IPC-B150H--M-","IPC-B150H(-M) 5 MP Fixed Bullet Network Camera","https://www.hikvision.com/en/products/HiLook-IP-Products/Network-Cameras/Value-Camera/ipc-b150h--m-/","H.264 Type","Baseline Profile/Main Profile/High Profile"
"hikvision","HiLook","Value Camera","IPC-B150H--M-","IPC-B150H(-M) 5 MP Fixed Bullet Network Camera","https://www.hikvision.com/en/products/HiLook-IP-Products/Network-Cameras/Value-Camera/ipc-b150h--m-/","H.265 Type","Main profile"
"hikvision","HiLook","Value Camera","IPC-B150H--M-","IPC-B150H(-M) 5 MP Fixed Bullet Network Camera","https://www.hikvision.com/en/products/HiLook-IP-Products/Network-Cameras/Value-Camera/ipc-b150h--m-/","Region Of Interest (ROI)","1 fixed region for main stream"
"hikvision","HiLook","Value Camera","IPC-B150H--M-","IPC-B150H(-M) 5 MP Fixed Bullet Network Camera","https://www.hikvision.com/en/products/HiLook-IP-Products/Network-Cameras/Value-Camera/ipc-b150h--m-/","Protocols","TCP/IP, ICMP, HTTP, HTTPS, FTP, DHCP, DNS, DDNS, RTP, RTSP, RTCP, NTP, UPnP™, SMTP, IGMP, QoS, IPv6, Bonjour, IPv4, UDP, SSL/TLS"
"hikvision","HiLook","Value Camera","IPC-B150H--M-","IPC-B150H(-M) 5 MP Fixed Bullet Network Camera","https://www.hikvision.com/en/products/HiLook-IP-Products/Network-Cameras/Value-Camera/ipc-b150h--m-/","Simultaneous Live View","Up to 6 channels"
"hikvision","HiLook","Value Camera","IPC-B150H--M-","IPC-B150H(-M) 5 MP Fixed Bullet Network Camera","https://www.hikvision.com/en/products/HiLook-IP-Products/Network-Cameras/Value-Camera/ipc-b150h--m-/","API","Open Network Video Interface, ISAPI"
"hikvision","HiLook","Value Camera","IPC-B150H--M-","IPC-B150H(-M) 5 MP Fixed Bullet Network Camera","https://www.hikvision.com/en/products/HiLook-IP-Products/Network-Cameras/Value-Camera/ipc-b150h--m-/","User/Host","Up to 32 users. 3 levels: administrator, operator and user\n3 user levels: administrator, operator, and user"
"hikvision","HiLook","Value Camera","IPC-B150H--M-","IPC-B150H(-M) 5 MP Fixed Bullet Network Camera","https://www.hikvision.com/en/products/HiLook-IP-Products/Network-Cameras/Value-Camera/ipc-b150h--m-/","Client","iVMS-4200, Hik-Connect"
"hikvision","HiLook","Value Camera","IPC-B150H--M-","IPC-B150H(-M) 5 MP Fixed Bullet Network Camera","https://www.hikvision.com/en/products/HiLook-IP-Products/Network-Cameras/Value-Camera/ipc-b150h--m-/","Web Browser","Plug-in required live view: IE 10+\nPlug-in free live view: Chrome 57.0+, Firefox 52.0+\nLocal service: Chrome 57.0+, Firefox 52.0+"
"hikvision","HiLook","Value Camera","IPC-B150H--M-","IPC-B150H(-M) 5 MP Fixed Bullet Network Camera","https://www.hikvision.com/en/products/HiLook-IP-Products/Network-Cameras/Value-Camera/ipc-b150h--m-/","Image Settings","Saturation, brightness, contrast, sharpness, AGC, white balance adjustable by client software or web browser"
"hikvision","HiLook","Value Camera","IPC-B150H--M-","IPC-B150H(-M) 5 MP Fixed Bullet Network Camera","https://www.hikvision.com/en/products/HiLook-IP-Products/Network-Cameras/Value-Camera/ipc-b150h--m-/","Day/Night Switch","Auto, Schedule, Day, Night"
"hikvision","HiLook","Value Camera","IPC-B150H--M-","IPC-B150H(-M) 5 MP Fixed Bullet Network Camera","https://www.hikvision.com/en/products/HiLook-IP-Products/Network-Cameras/Value-Camera/ipc-b150h--m-/","Wide Dynamic Range (WDR)","120 dB"
"hikvision","HiLook","Value Camera","IPC-B150H--M-","IPC-B150H(-M) 5 MP Fixed Bullet Network Camera","https://www.hikvision.com/en/products/HiLook-IP-Products/Network-Cameras/Value-Camera/ipc-b150h--m-/","Image Enhancement","BLC, 3D DNR"
"hikvision","HiLook","Value Camera","IPC-B150H--M-","IPC-B150H(-M) 5 MP Fixed Bullet Network Camera","https://www.hikvision.com/en/products/HiLook-IP-Products/Network-Cameras/Value-Camera/ipc-b150h--m-/","Ethernet Interface","1 RJ45 10 M/100 M self-adaptive Ethernet port"
"hikvision","HiLook","Value Camera","IPC-B150H--M-","IPC-B150H(-M) 5 MP Fixed Bullet Network Camera","https://www.hikvision.com/en/products/HiLook-IP-Products/Network-Cameras/Value-Camera/ipc-b150h--m-/","Basic Event","Motion detection, video tampering alarm, exception"
"hikvision","HiLook","Value Camera","IPC-B150H--M-","IPC-B150H(-M) 5 MP Fixed Bullet Network Camera","https://www.hikvision.com/en/products/HiLook-IP-Products/Network-Cameras/Value-Camera/ipc-b150h--m-/","Linkage","Upload to FTP, notify surveillance center, send email"
"hikvision","HiLook","Value Camera","IPC-B150H--M-","IPC-B150H(-M) 5 MP Fixed Bullet Network Camera","https://www.hikvision.com/en/products/HiLook-IP-Products/Network-Cameras/Value-Camera/ipc-b150h--m-/","Power","12 VDC ± 25%, 0.4 A, max. 5 W, Ø5.5. mm coaxial power plug\nPoE: 802.3af, Class 3, 36 V to 57 V, 0.2 A to 0.15 A, max. 6.5 W"
"hikvision","HiLook","Value Camera","IPC-B150H--M-","IPC-B150H(-M) 5 MP Fixed Bullet Network Camera","https://www.hikvision.com/en/products/HiLook-IP-Products/Network-Cameras/Value-Camera/ipc-b150h--m-/","Dimension","186.3 mm × 71.4 mm × 66.7 mm (7.3\" × 2.8\" × 2.6\")"
"hikvision","HiLook","Value Camera","IPC-B150H--M-","IPC-B150H(-M) 5 MP Fixed Bullet Network Camera","https://www.hikvision.com/en/products/HiLook-IP-Products/Network-Cameras/Value-Camera/ipc-b150h--m-/","Package Dimension","216 mm × 121 mm × 118 mm (8.5\" × 4.8\" × 4.6\")"
"hikvision","HiLook","Value Camera","IPC-B150H--M-","IPC-B150H(-M) 5 MP Fixed Bullet Network Camera","https://www.hikvision.com/en/products/HiLook-IP-Products/Network-Cameras/Value-Camera/ipc-b150h--m-/","With Package Weight","Approx. 481 g (1.1 lb.)"
"hikvision","HiLook","Value Camera","IPC-B150H--M-","IPC-B150H(-M) 5 MP Fixed Bullet Network Camera","https://www.hikvision.com/en/products/HiLook-IP-Products/Network-Cameras/Value-Camera/ipc-b150h--m-/","Storage Conditions","-30 °C to 60 °C (-22 °F to 140 °F). Humidity 95% or less (non-condensing)"
"hikvision","HiLook","Value Camera","IPC-B150H--M-","IPC-B150H(-M) 5 MP Fixed Bullet Network Camera","https://www.hikvision.com/en/products/HiLook-IP-Products/Network-Cameras/Value-Camera/ipc-b150h--m-/","Startup And Operating Conditions","-30 °C to 60 °C (-22 °F to 140 °F). Humidity 95% or less (non-condensing)"
"hikvision","HiLook","Value Camera","IPC-B150H--M-","IPC-B150H(-M) 5 MP Fixed Bullet Network Camera","https://www.hikvision.com/en/products/HiLook-IP-Products/Network-Cameras/Value-Camera/ipc-b150h--m-/","Language","English, Ukrainian"
"hikvision","HiLook","Value Camera","IPC-B150H--M-","IPC-B150H(-M) 5 MP Fixed Bullet Network Camera","https://www.hikvision.com/en/products/HiLook-IP-Products/Network-Cameras/Value-Camera/ipc-b150h--m-/","General Function","Anti-flicker, heartbeat, mirror, password protection, privacy mask, watermark, IP address filter"
"hikvision","HiLook","Value Camera","IPC-B150H--M-","IPC-B150H(-M) 5 MP Fixed Bullet Network Camera","https://www.hikvision.com/en/products/HiLook-IP-Products/Network-Cameras/Value-Camera/ipc-b150h--m-/","EMC","FCC SDoC: 47 CFR Part 15, Subpart B;\nCE-EMC: EN 55032: 2015, EN 61000-3-2:2019, EN 61000-3-3:2013+A1:2019, EN 50130-4: 2011+A1: 2014;\nRCM: AS/NZS CISPR 32: 2015;\nIC VoC: ICES-003: Issue 7;\nKC: KN 32: 2015, KN 35: 2015"
"hikvision","HiLook","Value Camera","IPC-B150H--M-","IPC-B150H(-M) 5 MP Fixed Bullet Network Camera","https://www.hikvision.com/en/products/HiLook-IP-Products/Network-Cameras/Value-Camera/ipc-b150h--m-/","Safety","UL: UL 62368-1;\nCB: IEC 62368-1:2014+A11;\nCE-LVD: EN 62368-1:2014/A11:2017;\nBIS: IS 13252(Part 1):2010/ IEC 60950-1: 2005"
"hikvision","HiLook","Value Camera","IPC-B150H--M-","IPC-B150H(-M) 5 MP Fixed Bullet Network Camera","https://www.hikvision.com/en/products/HiLook-IP-Products/Network-Cameras/Value-Camera/ipc-b150h--m-/","Environment","CE-RoHS: 2011/65/EU;\nWEEE: 2012/19/EU;\nReach: Regulation (EC) No 1907/2006"
"hikvision","HiLook","Value Camera","IPC-B150H--M-","IPC-B150H(-M) 5 MP Fixed Bullet Network Camera","https://www.hikvision.com/en/products/HiLook-IP-Products/Network-Cameras/Value-Camera/ipc-b150h--m-/","Protection","IP67: IEC 60529-2013"
"hikvision","HiLook","Value Camera","IPC-B160HAP-LUF-SL","IPC-B160HAP-LUF/SL 6 MP Smart Hybrid Light MD 2.0 Fixed Bullet Network Camera","https://www.hikvision.com/en/products/HiLook-IP-Products/Network-Cameras/Value-Camera/ipc-b160hap-luf-sl/","Image Sensor","1/2.4\" Progressive Scan CMOS"
"hikvision","HiLook","Value Camera","IPC-B160HAP-LUF-SL","IPC-B160HAP-LUF/SL 6 MP Smart Hybrid Light MD 2.0 Fixed Bullet Network Camera","https://www.hikvision.com/en/products/HiLook-IP-Products/Network-Cameras/Value-Camera/ipc-b160hap-luf-sl/","Max. Resolution","3200 × 1800"
"hikvision","HiLook","Value Camera","IPC-B160HAP-LUF-SL","IPC-B160HAP-LUF/SL 6 MP Smart Hybrid Light MD 2.0 Fixed Bullet Network Camera","https://www.hikvision.com/en/products/HiLook-IP-Products/Network-Cameras/Value-Camera/ipc-b160hap-luf-sl/","Min. Illumination","Color: 0.005 Lux @ (F1.6, AGC ON),B/W: 0 Lux with IR"
"hikvision","HiLook","Value Camera","IPC-B160HAP-LUF-SL","IPC-B160HAP-LUF/SL 6 MP Smart Hybrid Light MD 2.0 Fixed Bullet Network Camera","https://www.hikvision.com/en/products/HiLook-IP-Products/Network-Cameras/Value-Camera/ipc-b160hap-luf-sl/","Shutter Time","1/3 s to 1/100,000 s"
"hikvision","HiLook","Value Camera","IPC-B160HAP-LUF-SL","IPC-B160HAP-LUF/SL 6 MP Smart Hybrid Light MD 2.0 Fixed Bullet Network Camera","https://www.hikvision.com/en/products/HiLook-IP-Products/Network-Cameras/Value-Camera/ipc-b160hap-luf-sl/","Day & Night","IR cut filter"
"hikvision","HiLook","Value Camera","IPC-B160HAP-LUF-SL","IPC-B160HAP-LUF/SL 6 MP Smart Hybrid Light MD 2.0 Fixed Bullet Network Camera","https://www.hikvision.com/en/products/HiLook-IP-Products/Network-Cameras/Value-Camera/ipc-b160hap-luf-sl/","Angle Adjustment","Pan: 0° to 360°,tilt: 0° to 90°,rotate: 0° to 360°"
"hikvision","HiLook","Value Camera","IPC-B160HAP-LUF-SL","IPC-B160HAP-LUF/SL 6 MP Smart Hybrid Light MD 2.0 Fixed Bullet Network Camera","https://www.hikvision.com/en/products/HiLook-IP-Products/Network-Cameras/Value-Camera/ipc-b160hap-luf-sl/","Lens Type","Fixed focal lens, 2.8 and 4 mm optional"
"hikvision","HiLook","Value Camera","IPC-B160HAP-LUF-SL","IPC-B160HAP-LUF/SL 6 MP Smart Hybrid Light MD 2.0 Fixed Bullet Network Camera","https://www.hikvision.com/en/products/HiLook-IP-Products/Network-Cameras/Value-Camera/ipc-b160hap-luf-sl/","Focal Length & FOV","2.8 mm, horizontal FOV 105°, vertical FOV 55°, diagonal FOV 127°\n4 mm, horizontal FOV 78°, vertical FOV 38°, diagonal FOV 96°"
"hikvision","HiLook","Value Camera","IPC-B160HAP-LUF-SL","IPC-B160HAP-LUF/SL 6 MP Smart Hybrid Light MD 2.0 Fixed Bullet Network Camera","https://www.hikvision.com/en/products/HiLook-IP-Products/Network-Cameras/Value-Camera/ipc-b160hap-luf-sl/","Lens Mount","M12"
"hikvision","HiLook","Value Camera","IPC-B160HAP-LUF-SL","IPC-B160HAP-LUF/SL 6 MP Smart Hybrid Light MD 2.0 Fixed Bullet Network Camera","https://www.hikvision.com/en/products/HiLook-IP-Products/Network-Cameras/Value-Camera/ipc-b160hap-luf-sl/","Iris Type","Fixed"
"hikvision","HiLook","Value Camera","IPC-B160HAP-LUF-SL","IPC-B160HAP-LUF/SL 6 MP Smart Hybrid Light MD 2.0 Fixed Bullet Network Camera","https://www.hikvision.com/en/products/HiLook-IP-Products/Network-Cameras/Value-Camera/ipc-b160hap-luf-sl/","Aperture","F1.6"
"hikvision","HiLook","Value Camera","IPC-B160HAP-LUF-SL","IPC-B160HAP-LUF/SL 6 MP Smart Hybrid Light MD 2.0 Fixed Bullet Network Camera","https://www.hikvision.com/en/products/HiLook-IP-Products/Network-Cameras/Value-Camera/ipc-b160hap-luf-sl/","DORI","2.8 mm, D: 76 m, O: 30 m, R: 15 m, I: 7 m\n4 mm, D: 115 m, O: 45 m, R: 23 m, I: 11 m"
"hikvision","HiLook","Value Camera","IPC-B160HAP-LUF-SL","IPC-B160HAP-LUF/SL 6 MP Smart Hybrid Light MD 2.0 Fixed Bullet Network Camera","https://www.hikvision.com/en/products/HiLook-IP-Products/Network-Cameras/Value-Camera/ipc-b160hap-luf-sl/","Supplement Light Type","IR,White Light"
"hikvision","HiLook","Value Camera","IPC-B160HAP-LUF-SL","IPC-B160HAP-LUF/SL 6 MP Smart Hybrid Light MD 2.0 Fixed Bullet Network Camera","https://www.hikvision.com/en/products/HiLook-IP-Products/Network-Cameras/Value-Camera/ipc-b160hap-luf-sl/","Supplement Light Range","Up to 30 m"
"hikvision","HiLook","Value Camera","IPC-B160HAP-LUF-SL","IPC-B160HAP-LUF/SL 6 MP Smart Hybrid Light MD 2.0 Fixed Bullet Network Camera","https://www.hikvision.com/en/products/HiLook-IP-Products/Network-Cameras/Value-Camera/ipc-b160hap-luf-sl/","Smart Supplement Light","Yes"
"hikvision","HiLook","Value Camera","IPC-B160HAP-LUF-SL","IPC-B160HAP-LUF/SL 6 MP Smart Hybrid Light MD 2.0 Fixed Bullet Network Camera","https://www.hikvision.com/en/products/HiLook-IP-Products/Network-Cameras/Value-Camera/ipc-b160hap-luf-sl/","IR Wavelength","850 nm"
"hikvision","HiLook","Value Camera","IPC-B160HAP-LUF-SL","IPC-B160HAP-LUF/SL 6 MP Smart Hybrid Light MD 2.0 Fixed Bullet Network Camera","https://www.hikvision.com/en/products/HiLook-IP-Products/Network-Cameras/Value-Camera/ipc-b160hap-luf-sl/","Main Stream","50 Hz:\n20 fps (3200 × 1800, 2688 × 1520, 1920 × 1080, 1280 × 720)\n60 Hz:\n20 fps (3200 × 1800, 2688 × 1520, 1920 × 1080, 1280 × 720)"
"hikvision","HiLook","Value Camera","IPC-B160HAP-LUF-SL","IPC-B160HAP-LUF/SL 6 MP Smart Hybrid Light MD 2.0 Fixed Bullet Network Camera","https://www.hikvision.com/en/products/HiLook-IP-Products/Network-Cameras/Value-Camera/ipc-b160hap-luf-sl/","Sub-Stream","50 Hz: 20 fps (1280 × 720, 640 × 480, 640 × 360)\n60 Hz: 20 fps (1280 × 720, 640 × 480, 640 × 360)"
"hikvision","HiLook","Value Camera","IPC-B160HAP-LUF-SL","IPC-B160HAP-LUF/SL 6 MP Smart Hybrid Light MD 2.0 Fixed Bullet Network Camera","https://www.hikvision.com/en/products/HiLook-IP-Products/Network-Cameras/Value-Camera/ipc-b160hap-luf-sl/","Video Compression","Main stream: H.265+/H.265/H.264+/H.264,\nSub-stream: H.265/H.264/MJPEG"
"hikvision","HiLook","Value Camera","IPC-B160HAP-LUF-SL","IPC-B160HAP-LUF/SL 6 MP Smart Hybrid Light MD 2.0 Fixed Bullet Network Camera","https://www.hikvision.com/en/products/HiLook-IP-Products/Network-Cameras/Value-Camera/ipc-b160hap-luf-sl/","Video Bit Rate","32 Kbps to 16 Mbps"
"hikvision","HiLook","Value Camera","IPC-B160HAP-LUF-SL","IPC-B160HAP-LUF/SL 6 MP Smart Hybrid Light MD 2.0 Fixed Bullet Network Camera","https://www.hikvision.com/en/products/HiLook-IP-Products/Network-Cameras/Value-Camera/ipc-b160hap-luf-sl/","H.264 Type","Baseline Profile,Main Profile,High Profile"
"hikvision","HiLook","Value Camera","IPC-B160HAP-LUF-SL","IPC-B160HAP-LUF/SL 6 MP Smart Hybrid Light MD 2.0 Fixed Bullet Network Camera","https://www.hikvision.com/en/products/HiLook-IP-Products/Network-Cameras/Value-Camera/ipc-b160hap-luf-sl/","H.265 Type","Main Profile"
"hikvision","HiLook","Value Camera","IPC-B160HAP-LUF-SL","IPC-B160HAP-LUF/SL 6 MP Smart Hybrid Light MD 2.0 Fixed Bullet Network Camera","https://www.hikvision.com/en/products/HiLook-IP-Products/Network-Cameras/Value-Camera/ipc-b160hap-luf-sl/","Bit Rate Control","CBR,VBR"
"hikvision","HiLook","Value Camera","IPC-B160HAP-LUF-SL","IPC-B160HAP-LUF/SL 6 MP Smart Hybrid Light MD 2.0 Fixed Bullet Network Camera","https://www.hikvision.com/en/products/HiLook-IP-Products/Network-Cameras/Value-Camera/ipc-b160hap-luf-sl/","Region Of Interest (ROI)","1 fixed region for main stream"
"hikvision","HiLook","Value Camera","IPC-B160HAP-LUF-SL","IPC-B160HAP-LUF/SL 6 MP Smart Hybrid Light MD 2.0 Fixed Bullet Network Camera","https://www.hikvision.com/en/products/HiLook-IP-Products/Network-Cameras/Value-Camera/ipc-b160hap-luf-sl/","Scalable Video Coding (SVC)","H.264 and H.265 encoding"
"hikvision","HiLook","Value Camera","IPC-B160HAP-LUF-SL","IPC-B160HAP-LUF/SL 6 MP Smart Hybrid Light MD 2.0 Fixed Bullet Network Camera","https://www.hikvision.com/en/products/HiLook-IP-Products/Network-Cameras/Value-Camera/ipc-b160hap-luf-sl/","Audio Type","Mono sound"
"hikvision","HiLook","Value Camera","IPC-B160HAP-LUF-SL","IPC-B160HAP-LUF/SL 6 MP Smart Hybrid Light MD 2.0 Fixed Bullet Network Camera","https://www.hikvision.com/en/products/HiLook-IP-Products/Network-Cameras/Value-Camera/ipc-b160hap-luf-sl/","Audio Sampling Rate","8 kHz/16 kHz"
"hikvision","HiLook","Value Camera","IPC-B160HAP-LUF-SL","IPC-B160HAP-LUF/SL 6 MP Smart Hybrid Light MD 2.0 Fixed Bullet Network Camera","https://www.hikvision.com/en/products/HiLook-IP-Products/Network-Cameras/Value-Camera/ipc-b160hap-luf-sl/","Environment Noise Filtering","Yes"
"hikvision","HiLook","Value Camera","IPC-B160HAP-LUF-SL","IPC-B160HAP-LUF/SL 6 MP Smart Hybrid Light MD 2.0 Fixed Bullet Network Camera","https://www.hikvision.com/en/products/HiLook-IP-Products/Network-Cameras/Value-Camera/ipc-b160hap-luf-sl/","Audio Compression","G.711/G.722.1/G.726/MP2L2/PCM/AAC-LC"
"hikvision","HiLook","Value Camera","IPC-B160HAP-LUF-SL","IPC-B160HAP-LUF/SL 6 MP Smart Hybrid Light MD 2.0 Fixed Bullet Network Camera","https://www.hikvision.com/en/products/HiLook-IP-Products/Network-Cameras/Value-Camera/ipc-b160hap-luf-sl/","Audio Bit Rate","64 Kbps (G.711ulaw/G.711alaw)/16 Kbps (G.722.1)/16 Kbps (G.726)/32 to 160 Kbps (MP2L2)/16 to 64 Kbps (AAC-LC)"
"hikvision","HiLook","Value Camera","IPC-B160HAP-LUF-SL","IPC-B160HAP-LUF/SL 6 MP Smart Hybrid Light MD 2.0 Fixed Bullet Network Camera","https://www.hikvision.com/en/products/HiLook-IP-Products/Network-Cameras/Value-Camera/ipc-b160hap-luf-sl/","Security","Password protection, complicated password, watermark, basic and digest authentication for HTTP, WSSE and digest authentication for Open Network Video Interface, security audit log, host authentication (MAC address)"
"hikvision","HiLook","Value Camera","IPC-B160HAP-LUF-SL","IPC-B160HAP-LUF/SL 6 MP Smart Hybrid Light MD 2.0 Fixed Bullet Network Camera","https://www.hikvision.com/en/products/HiLook-IP-Products/Network-Cameras/Value-Camera/ipc-b160hap-luf-sl/","Simultaneous Live View","Up to 6 channels"
"hikvision","HiLook","Value Camera","IPC-B160HAP-LUF-SL","IPC-B160HAP-LUF/SL 6 MP Smart Hybrid Light MD 2.0 Fixed Bullet Network Camera","https://www.hikvision.com/en/products/HiLook-IP-Products/Network-Cameras/Value-Camera/ipc-b160hap-luf-sl/","API","Open Network Interface (Profile S, Profile T, Profile G),ISAPI,SDK"
"hikvision","HiLook","Value Camera","IPC-B160HAP-LUF-SL","IPC-B160HAP-LUF/SL 6 MP Smart Hybrid Light MD 2.0 Fixed Bullet Network Camera","https://www.hikvision.com/en/products/HiLook-IP-Products/Network-Cameras/Value-Camera/ipc-b160hap-luf-sl/","Protocols","TCP/IP, ICMP, DHCP, DNS, HTTP, RTP, RTSP, RTCP, NTP, IGMP, IPv4, IPv6, UDP, QoS, FTP, SMTP"
"hikvision","HiLook","Value Camera","IPC-B160HAP-LUF-SL","IPC-B160HAP-LUF/SL 6 MP Smart Hybrid Light MD 2.0 Fixed Bullet Network Camera","https://www.hikvision.com/en/products/HiLook-IP-Products/Network-Cameras/Value-Camera/ipc-b160hap-luf-sl/","User/Host","Up to 32 users\n3 user levels: administrator, operator, and user"
"hikvision","HiLook","Value Camera","IPC-B160HAP-LUF-SL","IPC-B160HAP-LUF/SL 6 MP Smart Hybrid Light MD 2.0 Fixed Bullet Network Camera","https://www.hikvision.com/en/products/HiLook-IP-Products/Network-Cameras/Value-Camera/ipc-b160hap-luf-sl/","Client","iVMS-4200,HiLookVision"
"hikvision","HiLook","Value Camera","IPC-B160HAP-LUF-SL","IPC-B160HAP-LUF/SL 6 MP Smart Hybrid Light MD 2.0 Fixed Bullet Network Camera","https://www.hikvision.com/en/products/HiLook-IP-Products/Network-Cameras/Value-Camera/ipc-b160hap-luf-sl/","Web Browser","Plug-in required live view: IE 10, IE 11,\nLocal service: Chrome 80+, Firefox 80+, Edge 89+"
"hikvision","HiLook","Value Camera","IPC-B160HAP-LUF-SL","IPC-B160HAP-LUF/SL 6 MP Smart Hybrid Light MD 2.0 Fixed Bullet Network Camera","https://www.hikvision.com/en/products/HiLook-IP-Products/Network-Cameras/Value-Camera/ipc-b160hap-luf-sl/","Wide Dynamic Range (WDR)","120 dB"
"hikvision","HiLook","Value Camera","IPC-B160HAP-LUF-SL","IPC-B160HAP-LUF/SL 6 MP Smart Hybrid Light MD 2.0 Fixed Bullet Network Camera","https://www.hikvision.com/en/products/HiLook-IP-Products/Network-Cameras/Value-Camera/ipc-b160hap-luf-sl/","SNR","≥ 52 dB"
"hikvision","HiLook","Value Camera","IPC-B160HAP-LUF-SL","IPC-B160HAP-LUF/SL 6 MP Smart Hybrid Light MD 2.0 Fixed Bullet Network Camera","https://www.hikvision.com/en/products/HiLook-IP-Products/Network-Cameras/Value-Camera/ipc-b160hap-luf-sl/","Day/Night Switch","Day,Night,Auto,Schedule"
"hikvision","HiLook","Value Camera","IPC-B160HAP-LUF-SL","IPC-B160HAP-LUF/SL 6 MP Smart Hybrid Light MD 2.0 Fixed Bullet Network Camera","https://www.hikvision.com/en/products/HiLook-IP-Products/Network-Cameras/Value-Camera/ipc-b160hap-luf-sl/","Image Enhancement","BLC,HLC,3D DNR"
"hikvision","HiLook","Value Camera","IPC-B160HAP-LUF-SL","IPC-B160HAP-LUF/SL 6 MP Smart Hybrid Light MD 2.0 Fixed Bullet Network Camera","https://www.hikvision.com/en/products/HiLook-IP-Products/Network-Cameras/Value-Camera/ipc-b160hap-luf-sl/","Image Settings","Rotate mode,saturation,brightness,contrast,sharpness,gain,white balance,adjustable by client software or web browser"
"hikvision","HiLook","Value Camera","IPC-B160HAP-LUF-SL","IPC-B160HAP-LUF/SL 6 MP Smart Hybrid Light MD 2.0 Fixed Bullet Network Camera","https://www.hikvision.com/en/products/HiLook-IP-Products/Network-Cameras/Value-Camera/ipc-b160hap-luf-sl/","Privacy Mask","4 programmable rectangle privacy masks"
"hikvision","HiLook","Value Camera","IPC-B160HAP-LUF-SL","IPC-B160HAP-LUF/SL 6 MP Smart Hybrid Light MD 2.0 Fixed Bullet Network Camera","https://www.hikvision.com/en/products/HiLook-IP-Products/Network-Cameras/Value-Camera/ipc-b160hap-luf-sl/","Ethernet Interface","1 RJ45 10 M/100 M self-adaptive Ethernet port"
"hikvision","HiLook","Value Camera","IPC-B160HAP-LUF-SL","IPC-B160HAP-LUF/SL 6 MP Smart Hybrid Light MD 2.0 Fixed Bullet Network Camera","https://www.hikvision.com/en/products/HiLook-IP-Products/Network-Cameras/Value-Camera/ipc-b160hap-luf-sl/","On-Board Storage","Built-in memory card slot, support microSD/microSDHC/microSDXC card, up to 512 GB"
"hikvision","HiLook","Value Camera","IPC-B160HAP-LUF-SL","IPC-B160HAP-LUF/SL 6 MP Smart Hybrid Light MD 2.0 Fixed Bullet Network Camera","https://www.hikvision.com/en/products/HiLook-IP-Products/Network-Cameras/Value-Camera/ipc-b160hap-luf-sl/","Built-In Microphone","Yes,1 built-in microphone"
"hikvision","HiLook","Value Camera","IPC-B160HAP-LUF-SL","IPC-B160HAP-LUF/SL 6 MP Smart Hybrid Light MD 2.0 Fixed Bullet Network Camera","https://www.hikvision.com/en/products/HiLook-IP-Products/Network-Cameras/Value-Camera/ipc-b160hap-luf-sl/","Built-In Speaker","Max. power consumption: 1.5 W, max. sound pressure level: 10 cm: 95 dB."
"hikvision","HiLook","Value Camera","IPC-B160HAP-LUF-SL","IPC-B160HAP-LUF/SL 6 MP Smart Hybrid Light MD 2.0 Fixed Bullet Network Camera","https://www.hikvision.com/en/products/HiLook-IP-Products/Network-Cameras/Value-Camera/ipc-b160hap-luf-sl/","Reset Key","Yes"
"hikvision","HiLook","Value Camera","IPC-B160HAP-LUF-SL","IPC-B160HAP-LUF/SL 6 MP Smart Hybrid Light MD 2.0 Fixed Bullet Network Camera","https://www.hikvision.com/en/products/HiLook-IP-Products/Network-Cameras/Value-Camera/ipc-b160hap-luf-sl/","Basic Event","Motion detection (support alarm triggering by specified target types (human and vehicle)),video tampering alarm,exception"
"hikvision","HiLook","Value Camera","IPC-B160HAP-LUF-SL","IPC-B160HAP-LUF/SL 6 MP Smart Hybrid Light MD 2.0 Fixed Bullet Network Camera","https://www.hikvision.com/en/products/HiLook-IP-Products/Network-Cameras/Value-Camera/ipc-b160hap-luf-sl/","Linkage","Upload to FTP/memory card,notify surveillance center,send email,trigger recording,trigger capture,audible warning,flashing light"
"hikvision","HiLook","Value Camera","IPC-B160HAP-LUF-SL","IPC-B160HAP-LUF/SL 6 MP Smart Hybrid Light MD 2.0 Fixed Bullet Network Camera","https://www.hikvision.com/en/products/HiLook-IP-Products/Network-Cameras/Value-Camera/ipc-b160hap-luf-sl/","Power","12 VDC ± 25%, 0.66 A, max. 8 W,Ø5.5 mm coaxial power plug,reverse polarity protection,\nPoE: IEEE 802.3af, Class 3, max. 9.5 W"
"hikvision","HiLook","Value Camera","IPC-B160HAP-LUF-SL","IPC-B160HAP-LUF/SL 6 MP Smart Hybrid Light MD 2.0 Fixed Bullet Network Camera","https://www.hikvision.com/en/products/HiLook-IP-Products/Network-Cameras/Value-Camera/ipc-b160hap-luf-sl/","Material","Metal"
"hikvision","HiLook","Value Camera","IPC-B160HAP-LUF-SL","IPC-B160HAP-LUF/SL 6 MP Smart Hybrid Light MD 2.0 Fixed Bullet Network Camera","https://www.hikvision.com/en/products/HiLook-IP-Products/Network-Cameras/Value-Camera/ipc-b160hap-luf-sl/","Dimension","179 mm × 67.4 mm × 69.1 mm (7.1\" × 2.7\" × 2.7\")"
"hikvision","HiLook","Value Camera","IPC-B160HAP-LUF-SL","IPC-B160HAP-LUF/SL 6 MP Smart Hybrid Light MD 2.0 Fixed Bullet Network Camera","https://www.hikvision.com/en/products/HiLook-IP-Products/Network-Cameras/Value-Camera/ipc-b160hap-luf-sl/","Package Dimension","216 mm × 121 mm × 118 mm (8.5\" × 4.8\" × 4.6\")"
"hikvision","HiLook","Value Camera","IPC-B160HAP-LUF-SL","IPC-B160HAP-LUF/SL 6 MP Smart Hybrid Light MD 2.0 Fixed Bullet Network Camera","https://www.hikvision.com/en/products/HiLook-IP-Products/Network-Cameras/Value-Camera/ipc-b160hap-luf-sl/","With Package Weight","Approx. 655 g (1.4 lb.)"
"hikvision","HiLook","Value Camera","IPC-B160HAP-LUF-SL","IPC-B160HAP-LUF/SL 6 MP Smart Hybrid Light MD 2.0 Fixed Bullet Network Camera","https://www.hikvision.com/en/products/HiLook-IP-Products/Network-Cameras/Value-Camera/ipc-b160hap-luf-sl/","Storage Conditions","-30 °C to 60 °C (-22 °F to 140 °F). Humidity 95% or less (non-condensing)"
"hikvision","HiLook","Value Camera","IPC-B160HAP-LUF-SL","IPC-B160HAP-LUF/SL 6 MP Smart Hybrid Light MD 2.0 Fixed Bullet Network Camera","https://www.hikvision.com/en/products/HiLook-IP-Products/Network-Cameras/Value-Camera/ipc-b160hap-luf-sl/","Startup And Operating Conditions","-30 °C to 60 °C (-22 °F to 140 °F). Humidity 95% or less (non-condensing)"
"hikvision","HiLook","Value Camera","IPC-B160HAP-LUF-SL","IPC-B160HAP-LUF/SL 6 MP Smart Hybrid Light MD 2.0 Fixed Bullet Network Camera","https://www.hikvision.com/en/products/HiLook-IP-Products/Network-Cameras/Value-Camera/ipc-b160hap-luf-sl/","Language","English, Ukrainian"
"hikvision","HiLook","Value Camera","IPC-B160HAP-LUF-SL","IPC-B160HAP-LUF/SL 6 MP Smart Hybrid Light MD 2.0 Fixed Bullet Network Camera","https://www.hikvision.com/en/products/HiLook-IP-Products/Network-Cameras/Value-Camera/ipc-b160hap-luf-sl/","General Function","Heartbeat,anti-banding,mirror,password protection,password reset via email"
"hikvision","HiLook","Value Camera","IPC-B160HAP-LUF-SL","IPC-B160HAP-LUF/SL 6 MP Smart Hybrid Light MD 2.0 Fixed Bullet Network Camera","https://www.hikvision.com/en/products/HiLook-IP-Products/Network-Cameras/Value-Camera/ipc-b160hap-luf-sl/","Flashing Light","Red and Blue Light"
"hikvision","HiLook","Value Camera","IPC-B160HAP-LUF-SL","IPC-B160HAP-LUF/SL 6 MP Smart Hybrid Light MD 2.0 Fixed Bullet Network Camera","https://www.hikvision.com/en/products/HiLook-IP-Products/Network-Cameras/Value-Camera/ipc-b160hap-luf-sl/","EMC","CE-EMC: EN 55032:2015+A1:2020, EN 50130-4:2011+A1:2014, EN IEC 61000-3-2:2019+A1:2021, EN 61000-3-3:2013+A1:2019+A2:2021,\nRCM: AS/NZS CISPR 32: 2015,\nIC: ICES-003: Issue 7"
"hikvision","HiLook","Value Camera","IPC-B160HAP-LUF-SL","IPC-B160HAP-LUF/SL 6 MP Smart Hybrid Light MD 2.0 Fixed Bullet Network Camera","https://www.hikvision.com/en/products/HiLook-IP-Products/Network-Cameras/Value-Camera/ipc-b160hap-luf-sl/","Safety","CB: IEC 62368-1: 2014+A11,\nCE-LVD: EN 62368-1: 2014/A11: 2017"
"hikvision","HiLook","Value Camera","IPC-B160HAP-LUF-SL","IPC-B160HAP-LUF/SL 6 MP Smart Hybrid Light MD 2.0 Fixed Bullet Network Camera","https://www.hikvision.com/en/products/HiLook-IP-Products/Network-Cameras/Value-Camera/ipc-b160hap-luf-sl/","Environment","CE-RoHS: 2011/65/EU,\nWEEE: 2012/19/EU,\nReach: Regulation (EC) No 1907/2006"
"hikvision","HiLook","Value Camera","IPC-B160HAP-LUF-SL","IPC-B160HAP-LUF/SL 6 MP Smart Hybrid Light MD 2.0 Fixed Bullet Network Camera","https://www.hikvision.com/en/products/HiLook-IP-Products/Network-Cameras/Value-Camera/ipc-b160hap-luf-sl/","Protection","IP67: IEC 60529-2013"
"hikvision","HiLook","Value Camera","IPC-B169HA-LU","IPC-B169HA-LU 6 MP ColorVu with Smart Hybrid Light Fixed Bullet Network Camera","https://www.hikvision.com/en/products/HiLook-IP-Products/Network-Cameras/Value-Camera/ipc-b169ha-lu/","Image Sensor","1/2.4\" Progressive Scan CMOS"
"hikvision","HiLook","Value Camera","IPC-B169HA-LU","IPC-B169HA-LU 6 MP ColorVu with Smart Hybrid Light Fixed Bullet Network Camera","https://www.hikvision.com/en/products/HiLook-IP-Products/Network-Cameras/Value-Camera/ipc-b169ha-lu/","Max. Resolution","3200 × 1800"
"hikvision","HiLook","Value Camera","IPC-B169HA-LU","IPC-B169HA-LU 6 MP ColorVu with Smart Hybrid Light Fixed Bullet Network Camera","https://www.hikvision.com/en/products/HiLook-IP-Products/Network-Cameras/Value-Camera/ipc-b169ha-lu/","Min. Illumination","Color: 0.001 Lux @ (F1.0, AGC ON),0 Lux with light"
"hikvision","HiLook","Value Camera","IPC-B169HA-LU","IPC-B169HA-LU 6 MP ColorVu with Smart Hybrid Light Fixed Bullet Network Camera","https://www.hikvision.com/en/products/HiLook-IP-Products/Network-Cameras/Value-Camera/ipc-b169ha-lu/","Shutter Time","1/3 s to 1/100,000 s"
"hikvision","HiLook","Value Camera","IPC-B169HA-LU","IPC-B169HA-LU 6 MP ColorVu with Smart Hybrid Light Fixed Bullet Network Camera","https://www.hikvision.com/en/products/HiLook-IP-Products/Network-Cameras/Value-Camera/ipc-b169ha-lu/","Day & Night","IR cut filter"
"hikvision","HiLook","Value Camera","IPC-B169HA-LU","IPC-B169HA-LU 6 MP ColorVu with Smart Hybrid Light Fixed Bullet Network Camera","https://www.hikvision.com/en/products/HiLook-IP-Products/Network-Cameras/Value-Camera/ipc-b169ha-lu/","Angle Adjustment","Pan: 0° to 355°,tilt: 0° to 90°,rotate: 0° to 355°"
"hikvision","HiLook","Value Camera","IPC-B169HA-LU","IPC-B169HA-LU 6 MP ColorVu with Smart Hybrid Light Fixed Bullet Network Camera","https://www.hikvision.com/en/products/HiLook-IP-Products/Network-Cameras/Value-Camera/ipc-b169ha-lu/","Lens Type","Fixed focal lens, 2.8 and 4 mm optional"
"hikvision","HiLook","Value Camera","IPC-B169HA-LU","IPC-B169HA-LU 6 MP ColorVu with Smart Hybrid Light Fixed Bullet Network Camera","https://www.hikvision.com/en/products/HiLook-IP-Products/Network-Cameras/Value-Camera/ipc-b169ha-lu/","Focal Length & FOV","2.8 mm, horizontal FOV 96°, vertical FOV 52°, diagonal FOV 114°\n4 mm, horizontal FOV 80°, vertical FOV 43°, diagonal FOV 93°"
"hikvision","HiLook","Value Camera","IPC-B169HA-LU","IPC-B169HA-LU 6 MP ColorVu with Smart Hybrid Light Fixed Bullet Network Camera","https://www.hikvision.com/en/products/HiLook-IP-Products/Network-Cameras/Value-Camera/ipc-b169ha-lu/","Lens Mount","M12"
"hikvision","HiLook","Value Camera","IPC-B169HA-LU","IPC-B169HA-LU 6 MP ColorVu with Smart Hybrid Light Fixed Bullet Network Camera","https://www.hikvision.com/en/products/HiLook-IP-Products/Network-Cameras/Value-Camera/ipc-b169ha-lu/","Iris Type","Fixed"
"hikvision","HiLook","Value Camera","IPC-B169HA-LU","IPC-B169HA-LU 6 MP ColorVu with Smart Hybrid Light Fixed Bullet Network Camera","https://www.hikvision.com/en/products/HiLook-IP-Products/Network-Cameras/Value-Camera/ipc-b169ha-lu/","Aperture","F1.0"
"hikvision","HiLook","Value Camera","IPC-B169HA-LU","IPC-B169HA-LU 6 MP ColorVu with Smart Hybrid Light Fixed Bullet Network Camera","https://www.hikvision.com/en/products/HiLook-IP-Products/Network-Cameras/Value-Camera/ipc-b169ha-lu/","DORI","2.8 mm, D: 44 m, O: 17 m, R: 8 m, I: 4 m\n4 mm, D: 53 m, O: 21 m, R: 10 m, I: 5 m"
"hikvision","HiLook","Value Camera","IPC-B169HA-LU","IPC-B169HA-LU 6 MP ColorVu with Smart Hybrid Light Fixed Bullet Network Camera","https://www.hikvision.com/en/products/HiLook-IP-Products/Network-Cameras/Value-Camera/ipc-b169ha-lu/","Supplement Light Type","IR,White Light"
"hikvision","HiLook","Value Camera","IPC-B169HA-LU","IPC-B169HA-LU 6 MP ColorVu with Smart Hybrid Light Fixed Bullet Network Camera","https://www.hikvision.com/en/products/HiLook-IP-Products/Network-Cameras/Value-Camera/ipc-b169ha-lu/","Supplement Light Range","Up to 30 m"
"hikvision","HiLook","Value Camera","IPC-B169HA-LU","IPC-B169HA-LU 6 MP ColorVu with Smart Hybrid Light Fixed Bullet Network Camera","https://www.hikvision.com/en/products/HiLook-IP-Products/Network-Cameras/Value-Camera/ipc-b169ha-lu/","Smart Supplement Light","Yes"
"hikvision","HiLook","Value Camera","IPC-B169HA-LU","IPC-B169HA-LU 6 MP ColorVu with Smart Hybrid Light Fixed Bullet Network Camera","https://www.hikvision.com/en/products/HiLook-IP-Products/Network-Cameras/Value-Camera/ipc-b169ha-lu/","IR Wavelength","850 nm"
"hikvision","HiLook","Value Camera","IPC-B169HA-LU","IPC-B169HA-LU 6 MP ColorVu with Smart Hybrid Light Fixed Bullet Network Camera","https://www.hikvision.com/en/products/HiLook-IP-Products/Network-Cameras/Value-Camera/ipc-b169ha-lu/","Main Stream","50 Hz:\n20 fps (3200 × 1800, 2688 × 1520, 1920 × 1080, 1280 × 720)\n60 Hz:\n20 fps (3200 × 1800, 2688 × 1520, 1920 × 1080, 1280 × 720)"
"hikvision","HiLook","Value Camera","IPC-B169HA-LU","IPC-B169HA-LU 6 MP ColorVu with Smart Hybrid Light Fixed Bullet Network Camera","https://www.hikvision.com/en/products/HiLook-IP-Products/Network-Cameras/Value-Camera/ipc-b169ha-lu/","Sub-Stream","50 Hz: 20 fps (1280 × 720, 640 × 480, 640 × 360)\n60 Hz: 20 fps (1280 × 720, 640 × 480, 640 × 360)"
"hikvision","HiLook","Value Camera","IPC-B169HA-LU","IPC-B169HA-LU 6 MP ColorVu with Smart Hybrid Light Fixed Bullet Network Camera","https://www.hikvision.com/en/products/HiLook-IP-Products/Network-Cameras/Value-Camera/ipc-b169ha-lu/","Video Compression","Main stream: H.265+/H.265/H.264+/H.264,\nSub-stream: H.265/H.264/MJPEG"
"hikvision","HiLook","Value Camera","IPC-B169HA-LU","IPC-B169HA-LU 6 MP ColorVu with Smart Hybrid Light Fixed Bullet Network Camera","https://www.hikvision.com/en/products/HiLook-IP-Products/Network-Cameras/Value-Camera/ipc-b169ha-lu/","Video Bit Rate","32 Kbps to 16 Mbps"
"hikvision","HiLook","Value Camera","IPC-B169HA-LU","IPC-B169HA-LU 6 MP ColorVu with Smart Hybrid Light Fixed Bullet Network Camera","https://www.hikvision.com/en/products/HiLook-IP-Products/Network-Cameras/Value-Camera/ipc-b169ha-lu/","H.264 Type","Baseline Profile,Main Profile,High Profile"
"hikvision","HiLook","Value Camera","IPC-B169HA-LU","IPC-B169HA-LU 6 MP ColorVu with Smart Hybrid Light Fixed Bullet Network Camera","https://www.hikvision.com/en/products/HiLook-IP-Products/Network-Cameras/Value-Camera/ipc-b169ha-lu/","H.265 Type","Main Profile"
"hikvision","HiLook","Value Camera","IPC-B169HA-LU","IPC-B169HA-LU 6 MP ColorVu with Smart Hybrid Light Fixed Bullet Network Camera","https://www.hikvision.com/en/products/HiLook-IP-Products/Network-Cameras/Value-Camera/ipc-b169ha-lu/","Bit Rate Control","CBR,VBR"
"hikvision","HiLook","Value Camera","IPC-B169HA-LU","IPC-B169HA-LU 6 MP ColorVu with Smart Hybrid Light Fixed Bullet Network Camera","https://www.hikvision.com/en/products/HiLook-IP-Products/Network-Cameras/Value-Camera/ipc-b169ha-lu/","Scalable Video Coding (SVC)","H.264 and H.265 encoding"
"hikvision","HiLook","Value Camera","IPC-B169HA-LU","IPC-B169HA-LU 6 MP ColorVu with Smart Hybrid Light Fixed Bullet Network Camera","https://www.hikvision.com/en/products/HiLook-IP-Products/Network-Cameras/Value-Camera/ipc-b169ha-lu/","Region Of Interest (ROI)","1 fixed region for main stream"
"hikvision","HiLook","Value Camera","IPC-B169HA-LU","IPC-B169HA-LU 6 MP ColorVu with Smart Hybrid Light Fixed Bullet Network Camera","https://www.hikvision.com/en/products/HiLook-IP-Products/Network-Cameras/Value-Camera/ipc-b169ha-lu/","Audio Type","Mono sound"
"hikvision","HiLook","Value Camera","IPC-B169HA-LU","IPC-B169HA-LU 6 MP ColorVu with Smart Hybrid Light Fixed Bullet Network Camera","https://www.hikvision.com/en/products/HiLook-IP-Products/Network-Cameras/Value-Camera/ipc-b169ha-lu/","Audio Compression","G.711/G.722.1/G.726/MP2L2/PCM/AAC-LC"
"hikvision","HiLook","Value Camera","IPC-B169HA-LU","IPC-B169HA-LU 6 MP ColorVu with Smart Hybrid Light Fixed Bullet Network Camera","https://www.hikvision.com/en/products/HiLook-IP-Products/Network-Cameras/Value-Camera/ipc-b169ha-lu/","Audio Bit Rate","64 Kbps (G.711)/16 Kbps (G.722.1)/16 Kbps (G.726)/32 to 160 Kbps (MP2L2)/16 to 64 Kbps (AAC-LC)"
"hikvision","HiLook","Value Camera","IPC-B169HA-LU","IPC-B169HA-LU 6 MP ColorVu with Smart Hybrid Light Fixed Bullet Network Camera","https://www.hikvision.com/en/products/HiLook-IP-Products/Network-Cameras/Value-Camera/ipc-b169ha-lu/","Audio Sampling Rate","8 kHz/16 kHz"
"hikvision","HiLook","Value Camera","IPC-B169HA-LU","IPC-B169HA-LU 6 MP ColorVu with Smart Hybrid Light Fixed Bullet Network Camera","https://www.hikvision.com/en/products/HiLook-IP-Products/Network-Cameras/Value-Camera/ipc-b169ha-lu/","Environment Noise Filtering","Yes"
"hikvision","HiLook","Value Camera","IPC-B169HA-LU","IPC-B169HA-LU 6 MP ColorVu with Smart Hybrid Light Fixed Bullet Network Camera","https://www.hikvision.com/en/products/HiLook-IP-Products/Network-Cameras/Value-Camera/ipc-b169ha-lu/","Protocols","IPv4，IPv6，TCP/IP, ICMP, DHCP, DNS, HTTP, RTP, RTSP, RTCP, NTP, IGMP, UDP, QoS, FTP, SMTP, UPnP"
"hikvision","HiLook","Value Camera","IPC-B169HA-LU","IPC-B169HA-LU 6 MP ColorVu with Smart Hybrid Light Fixed Bullet Network Camera","https://www.hikvision.com/en/products/HiLook-IP-Products/Network-Cameras/Value-Camera/ipc-b169ha-lu/","Simultaneous Live View","Up to 6 channels"
"hikvision","HiLook","Value Camera","IPC-B169HA-LU","IPC-B169HA-LU 6 MP ColorVu with Smart Hybrid Light Fixed Bullet Network Camera","https://www.hikvision.com/en/products/HiLook-IP-Products/Network-Cameras/Value-Camera/ipc-b169ha-lu/","API","Open Network Video Interface (Profile S, Profile T),ISAPI,SDK"
"hikvision","HiLook","Value Camera","IPC-B169HA-LU","IPC-B169HA-LU 6 MP ColorVu with Smart Hybrid Light Fixed Bullet Network Camera","https://www.hikvision.com/en/products/HiLook-IP-Products/Network-Cameras/Value-Camera/ipc-b169ha-lu/","Security","Password protection, complicated password, watermark, basic and digest authentication for HTTP, WSSE and digest authentication for Open Network Video Interface, security audit log, host authentication (MAC address)"
"hikvision","HiLook","Value Camera","IPC-B169HA-LU","IPC-B169HA-LU 6 MP ColorVu with Smart Hybrid Light Fixed Bullet Network Camera","https://www.hikvision.com/en/products/HiLook-IP-Products/Network-Cameras/Value-Camera/ipc-b169ha-lu/","User/Host","Up to 32 users\n3 user levels: administrator, operator, and user"
"hikvision","HiLook","Value Camera","IPC-B169HA-LU","IPC-B169HA-LU 6 MP ColorVu with Smart Hybrid Light Fixed Bullet Network Camera","https://www.hikvision.com/en/products/HiLook-IP-Products/Network-Cameras/Value-Camera/ipc-b169ha-lu/","Client","iVMS-4200,HiLookVision"
"hikvision","HiLook","Value Camera","IPC-B169HA-LU","IPC-B169HA-LU 6 MP ColorVu with Smart Hybrid Light Fixed Bullet Network Camera","https://www.hikvision.com/en/products/HiLook-IP-Products/Network-Cameras/Value-Camera/ipc-b169ha-lu/","Web Browser","Plug-in required live view: IE 10, IE 11,\nLocal service: Chrome 57.0+, Firefox 52.0+, Edge 89+"
"hikvision","HiLook","Value Camera","IPC-B169HA-LU","IPC-B169HA-LU 6 MP ColorVu with Smart Hybrid Light Fixed Bullet Network Camera","https://www.hikvision.com/en/products/HiLook-IP-Products/Network-Cameras/Value-Camera/ipc-b169ha-lu/","Image Settings","Rotate mode,saturation,brightness,contrast,sharpness,gain,white balance,adjustable by client software or web browser"
"hikvision","HiLook","Value Camera","IPC-B169HA-LU","IPC-B169HA-LU 6 MP ColorVu with Smart Hybrid Light Fixed Bullet Network Camera","https://www.hikvision.com/en/products/HiLook-IP-Products/Network-Cameras/Value-Camera/ipc-b169ha-lu/","Day/Night Switch","Day,Night,Auto,Schedule"
"hikvision","HiLook","Value Camera","IPC-B169HA-LU","IPC-B169HA-LU 6 MP ColorVu with Smart Hybrid Light Fixed Bullet Network Camera","https://www.hikvision.com/en/products/HiLook-IP-Products/Network-Cameras/Value-Camera/ipc-b169ha-lu/","Wide Dynamic Range (WDR)","120 dB"
"hikvision","HiLook","Value Camera","IPC-B169HA-LU","IPC-B169HA-LU 6 MP ColorVu with Smart Hybrid Light Fixed Bullet Network Camera","https://www.hikvision.com/en/products/HiLook-IP-Products/Network-Cameras/Value-Camera/ipc-b169ha-lu/","SNR","≥ 52 dB"
"hikvision","HiLook","Value Camera","IPC-B169HA-LU","IPC-B169HA-LU 6 MP ColorVu with Smart Hybrid Light Fixed Bullet Network Camera","https://www.hikvision.com/en/products/HiLook-IP-Products/Network-Cameras/Value-Camera/ipc-b169ha-lu/","Image Enhancement","BLC,HLC,3D DNR"
"hikvision","HiLook","Value Camera","IPC-B169HA-LU","IPC-B169HA-LU 6 MP ColorVu with Smart Hybrid Light Fixed Bullet Network Camera","https://www.hikvision.com/en/products/HiLook-IP-Products/Network-Cameras/Value-Camera/ipc-b169ha-lu/","Privacy Mask","4 programmable polygon privacy masks"
"hikvision","HiLook","Value Camera","IPC-B169HA-LU","IPC-B169HA-LU 6 MP ColorVu with Smart Hybrid Light Fixed Bullet Network Camera","https://www.hikvision.com/en/products/HiLook-IP-Products/Network-Cameras/Value-Camera/ipc-b169ha-lu/","Ethernet Interface","1 RJ45 10 M/100 M self-adaptive Ethernet port"
"hikvision","HiLook","Value Camera","IPC-B169HA-LU","IPC-B169HA-LU 6 MP ColorVu with Smart Hybrid Light Fixed Bullet Network Camera","https://www.hikvision.com/en/products/HiLook-IP-Products/Network-Cameras/Value-Camera/ipc-b169ha-lu/","Built-In Microphone","Yes,1 built-in microphone"
"hikvision","HiLook","Value Camera","IPC-B169HA-LU","IPC-B169HA-LU 6 MP ColorVu with Smart Hybrid Light Fixed Bullet Network Camera","https://www.hikvision.com/en/products/HiLook-IP-Products/Network-Cameras/Value-Camera/ipc-b169ha-lu/","Basic Event","Motion detection (support alarm triggering by specified target types (human and vehicle)),video tampering alarm,exception"
"hikvision","HiLook","Value Camera","IPC-B169HA-LU","IPC-B169HA-LU 6 MP ColorVu with Smart Hybrid Light Fixed Bullet Network Camera","https://www.hikvision.com/en/products/HiLook-IP-Products/Network-Cameras/Value-Camera/ipc-b169ha-lu/","Linkage","Upload to FTP,notify surveillance center,send email,trigger capture"
"hikvision","HiLook","Value Camera","IPC-B169HA-LU","IPC-B169HA-LU 6 MP ColorVu with Smart Hybrid Light Fixed Bullet Network Camera","https://www.hikvision.com/en/products/HiLook-IP-Products/Network-Cameras/Value-Camera/ipc-b169ha-lu/","Power","12 VDC ± 25%, 0.55 A, max. 6.6 W,Ø5.5 mm coaxial power plug,reverse polarity protection,\nPoE: IEEE 802.3af, Class 3, max. 8 W"
"hikvision","HiLook","Value Camera","IPC-B169HA-LU","IPC-B169HA-LU 6 MP ColorVu with Smart Hybrid Light Fixed Bullet Network Camera","https://www.hikvision.com/en/products/HiLook-IP-Products/Network-Cameras/Value-Camera/ipc-b169ha-lu/","Material","Front cover: metal, body: plastic, bracket: plastic"
"hikvision","HiLook","Value Camera","IPC-B169HA-LU","IPC-B169HA-LU 6 MP ColorVu with Smart Hybrid Light Fixed Bullet Network Camera","https://www.hikvision.com/en/products/HiLook-IP-Products/Network-Cameras/Value-Camera/ipc-b169ha-lu/","Dimension","69.8 mm × 67.9 mm × 172.9 mm (2.7\" × 2.7\" × 6.8\")"
"hikvision","HiLook","Value Camera","IPC-B169HA-LU","IPC-B169HA-LU 6 MP ColorVu with Smart Hybrid Light Fixed Bullet Network Camera","https://www.hikvision.com/en/products/HiLook-IP-Products/Network-Cameras/Value-Camera/ipc-b169ha-lu/","Package Dimension","150 mm × 150 mm × 141 mm (5.91\" × 5.91\" × 5.55\")"
"hikvision","HiLook","Value Camera","IPC-B169HA-LU","IPC-B169HA-LU 6 MP ColorVu with Smart Hybrid Light Fixed Bullet Network Camera","https://www.hikvision.com/en/products/HiLook-IP-Products/Network-Cameras/Value-Camera/ipc-b169ha-lu/","With Package Weight","Approx. 710 g (1.6 lb.)"
"hikvision","HiLook","Value Camera","IPC-B169HA-LU","IPC-B169HA-LU 6 MP ColorVu with Smart Hybrid Light Fixed Bullet Network Camera","https://www.hikvision.com/en/products/HiLook-IP-Products/Network-Cameras/Value-Camera/ipc-b169ha-lu/","Storage Conditions","-30 °C to 60 °C (-22 °F to 140 °F). Humidity 95% or less (non-condensing)"
"hikvision","HiLook","Value Camera","IPC-B169HA-LU","IPC-B169HA-LU 6 MP ColorVu with Smart Hybrid Light Fixed Bullet Network Camera","https://www.hikvision.com/en/products/HiLook-IP-Products/Network-Cameras/Value-Camera/ipc-b169ha-lu/","Startup And Operating Conditions","-30 °C to 60 °C (-22 °F to 140 °F). Humidity 95% or less (non-condensing)"
"hikvision","HiLook","Value Camera","IPC-B169HA-LU","IPC-B169HA-LU 6 MP ColorVu with Smart Hybrid Light Fixed Bullet Network Camera","https://www.hikvision.com/en/products/HiLook-IP-Products/Network-Cameras/Value-Camera/ipc-b169ha-lu/","Language","English, Ukrainian"
"hikvision","HiLook","Value Camera","IPC-B169HA-LU","IPC-B169HA-LU 6 MP ColorVu with Smart Hybrid Light Fixed Bullet Network Camera","https://www.hikvision.com/en/products/HiLook-IP-Products/Network-Cameras/Value-Camera/ipc-b169ha-lu/","General Function","Heartbeat,anti-banding,mirror,password protection,password reset via email"
"hikvision","HiLook","Value Camera","IPC-B169HA-LU","IPC-B169HA-LU 6 MP ColorVu with Smart Hybrid Light Fixed Bullet Network Camera","https://www.hikvision.com/en/products/HiLook-IP-Products/Network-Cameras/Value-Camera/ipc-b169ha-lu/","EMC","CE-EMC: EN 55032:2015+A1:2020, EN 50130-4:2011+A1:2014, EN IEC 61000-3-2:2019+A1:2021, EN 61000-3-3:2013+A1:2019+A2:2021,\nRCM: AS/NZS CISPR 32: 2015,\nIC: ICES-003: Issue 7"
"hikvision","HiLook","Value Camera","IPC-B169HA-LU","IPC-B169HA-LU 6 MP ColorVu with Smart Hybrid Light Fixed Bullet Network Camera","https://www.hikvision.com/en/products/HiLook-IP-Products/Network-Cameras/Value-Camera/ipc-b169ha-lu/","Safety","CB: IEC 62368-1: 2014+A11,\nCE-LVD: EN 62368-1: 2014/A11: 2017"
"hikvision","HiLook","Value Camera","IPC-B169HA-LU","IPC-B169HA-LU 6 MP ColorVu with Smart Hybrid Light Fixed Bullet Network Camera","https://www.hikvision.com/en/products/HiLook-IP-Products/Network-Cameras/Value-Camera/ipc-b169ha-lu/","Environment","CE-RoHS: 2011/65/EU,\nWEEE: 2012/19/EU,\nReach: Regulation (EC) No 1907/2006"
"hikvision","HiLook","Value Camera","IPC-B169HA-LU","IPC-B169HA-LU 6 MP ColorVu with Smart Hybrid Light Fixed Bullet Network Camera","https://www.hikvision.com/en/products/HiLook-IP-Products/Network-Cameras/Value-Camera/ipc-b169ha-lu/","Protection","IP67: IEC 60529-2013"
"hikvision","HiLook","Value Camera","IPC-B169HA-LUF-S-L--RB-","IPC-B169HA-LUF/S(L)(RB) 6 MP ColorVu with Smart Hybrid Light Fixed Bullet Network Camera","https://www.hikvision.com/en/products/HiLook-IP-Products/Network-Cameras/Value-Camera/ipc-b169ha-luf-s-l--rb-/","Image Sensor","1/2.4\" Progressive Scan CMOS"
"hikvision","HiLook","Value Camera","IPC-B169HA-LUF-S-L--RB-","IPC-B169HA-LUF/S(L)(RB) 6 MP ColorVu with Smart Hybrid Light Fixed Bullet Network Camera","https://www.hikvision.com/en/products/HiLook-IP-Products/Network-Cameras/Value-Camera/ipc-b169ha-luf-s-l--rb-/","Max. Resolution","3200 × 1800"
"hikvision","HiLook","Value Camera","IPC-B169HA-LUF-S-L--RB-","IPC-B169HA-LUF/S(L)(RB) 6 MP ColorVu with Smart Hybrid Light Fixed Bullet Network Camera","https://www.hikvision.com/en/products/HiLook-IP-Products/Network-Cameras/Value-Camera/ipc-b169ha-luf-s-l--rb-/","Min. Illumination","Color: 0.001 Lux @ (F1.0, AGC ON),0 Lux with light"
"hikvision","HiLook","Value Camera","IPC-B169HA-LUF-S-L--RB-","IPC-B169HA-LUF/S(L)(RB) 6 MP ColorVu with Smart Hybrid Light Fixed Bullet Network Camera","https://www.hikvision.com/en/products/HiLook-IP-Products/Network-Cameras/Value-Camera/ipc-b169ha-luf-s-l--rb-/","Shutter Time","1/3 s to 1/100,000 s"
"hikvision","HiLook","Value Camera","IPC-B169HA-LUF-S-L--RB-","IPC-B169HA-LUF/S(L)(RB) 6 MP ColorVu with Smart Hybrid Light Fixed Bullet Network Camera","https://www.hikvision.com/en/products/HiLook-IP-Products/Network-Cameras/Value-Camera/ipc-b169ha-luf-s-l--rb-/","Day & Night","IR cut filter"
"hikvision","HiLook","Value Camera","IPC-B169HA-LUF-S-L--RB-","IPC-B169HA-LUF/S(L)(RB) 6 MP ColorVu with Smart Hybrid Light Fixed Bullet Network Camera","https://www.hikvision.com/en/products/HiLook-IP-Products/Network-Cameras/Value-Camera/ipc-b169ha-luf-s-l--rb-/","Angle Adjustment","Pan: 0° to 355°,tilt: 0° to 90°,rotate: 0° to 355°"
"hikvision","HiLook","Value Camera","IPC-B169HA-LUF-S-L--RB-","IPC-B169HA-LUF/S(L)(RB) 6 MP ColorVu with Smart Hybrid Light Fixed Bullet Network Camera","https://www.hikvision.com/en/products/HiLook-IP-Products/Network-Cameras/Value-Camera/ipc-b169ha-luf-s-l--rb-/","Lens Type","Fixed focal lens, 2.8 and 4 mm optional"
"hikvision","HiLook","Value Camera","IPC-B169HA-LUF-S-L--RB-","IPC-B169HA-LUF/S(L)(RB) 6 MP ColorVu with Smart Hybrid Light Fixed Bullet Network Camera","https://www.hikvision.com/en/products/HiLook-IP-Products/Network-Cameras/Value-Camera/ipc-b169ha-luf-s-l--rb-/","Focal Length & FOV","2.8 mm, horizontal FOV 115°, vertical FOV 60°, diagonal FOV 144°\n4 mm, horizontal FOV 94°, vertical FOV 50°, diagonal FOV 112°"
"hikvision","HiLook","Value Camera","IPC-B169HA-LUF-S-L--RB-","IPC-B169HA-LUF/S(L)(RB) 6 MP ColorVu with Smart Hybrid Light Fixed Bullet Network Camera","https://www.hikvision.com/en/products/HiLook-IP-Products/Network-Cameras/Value-Camera/ipc-b169ha-luf-s-l--rb-/","Lens Mount","M12"
"hikvision","HiLook","Value Camera","IPC-B169HA-LUF-S-L--RB-","IPC-B169HA-LUF/S(L)(RB) 6 MP ColorVu with Smart Hybrid Light Fixed Bullet Network Camera","https://www.hikvision.com/en/products/HiLook-IP-Products/Network-Cameras/Value-Camera/ipc-b169ha-luf-s-l--rb-/","Iris Type","Fixed"
"hikvision","HiLook","Value Camera","IPC-B169HA-LUF-S-L--RB-","IPC-B169HA-LUF/S(L)(RB) 6 MP ColorVu with Smart Hybrid Light Fixed Bullet Network Camera","https://www.hikvision.com/en/products/HiLook-IP-Products/Network-Cameras/Value-Camera/ipc-b169ha-luf-s-l--rb-/","Aperture","F1.0"
"hikvision","HiLook","Value Camera","IPC-B169HA-LUF-S-L--RB-","IPC-B169HA-LUF/S(L)(RB) 6 MP ColorVu with Smart Hybrid Light Fixed Bullet Network Camera","https://www.hikvision.com/en/products/HiLook-IP-Products/Network-Cameras/Value-Camera/ipc-b169ha-luf-s-l--rb-/","DORI","2.8 mm, D: 64 m, O: 25 m, R: 12 m, I: 6 m\n4 mm, D: 77 m, O: 30 m, R: 15 m, I: 7 m"
"hikvision","HiLook","Value Camera","IPC-B169HA-LUF-S-L--RB-","IPC-B169HA-LUF/S(L)(RB) 6 MP ColorVu with Smart Hybrid Light Fixed Bullet Network Camera","https://www.hikvision.com/en/products/HiLook-IP-Products/Network-Cameras/Value-Camera/ipc-b169ha-luf-s-l--rb-/","Supplement Light Type","IR,White Light"
"hikvision","HiLook","Value Camera","IPC-B169HA-LUF-S-L--RB-","IPC-B169HA-LUF/S(L)(RB) 6 MP ColorVu with Smart Hybrid Light Fixed Bullet Network Camera","https://www.hikvision.com/en/products/HiLook-IP-Products/Network-Cameras/Value-Camera/ipc-b169ha-luf-s-l--rb-/","Supplement Light Range","Up to 30 m"
"hikvision","HiLook","Value Camera","IPC-B169HA-LUF-S-L--RB-","IPC-B169HA-LUF/S(L)(RB) 6 MP ColorVu with Smart Hybrid Light Fixed Bullet Network Camera","https://www.hikvision.com/en/products/HiLook-IP-Products/Network-Cameras/Value-Camera/ipc-b169ha-luf-s-l--rb-/","Smart Supplement Light","Yes"
"hikvision","HiLook","Value Camera","IPC-B169HA-LUF-S-L--RB-","IPC-B169HA-LUF/S(L)(RB) 6 MP ColorVu with Smart Hybrid Light Fixed Bullet Network Camera","https://www.hikvision.com/en/products/HiLook-IP-Products/Network-Cameras/Value-Camera/ipc-b169ha-luf-s-l--rb-/","IR Wavelength","850 nm"
"hikvision","HiLook","Value Camera","IPC-B169HA-LUF-S-L--RB-","IPC-B169HA-LUF/S(L)(RB) 6 MP ColorVu with Smart Hybrid Light Fixed Bullet Network Camera","https://www.hikvision.com/en/products/HiLook-IP-Products/Network-Cameras/Value-Camera/ipc-b169ha-luf-s-l--rb-/","Main Stream","50 Hz:\n20 fps (3200 × 1800, 2688 × 1520, 1920 × 1080, 1280 × 720)\n60 Hz:\n20 fps (3200 × 1800, 2688 × 1520, 1920 × 1080, 1280 × 720)"
"hikvision","HiLook","Value Camera","IPC-B169HA-LUF-S-L--RB-","IPC-B169HA-LUF/S(L)(RB) 6 MP ColorVu with Smart Hybrid Light Fixed Bullet Network Camera","https://www.hikvision.com/en/products/HiLook-IP-Products/Network-Cameras/Value-Camera/ipc-b169ha-luf-s-l--rb-/","Sub-Stream","50 Hz: 20 fps (1280 × 720, 640 × 480, 640 × 360)\n60 Hz: 20 fps (1280 × 720, 640 × 480, 640 × 360)"
"hikvision","HiLook","Value Camera","IPC-B169HA-LUF-S-L--RB-","IPC-B169HA-LUF/S(L)(RB) 6 MP ColorVu with Smart Hybrid Light Fixed Bullet Network Camera","https://www.hikvision.com/en/products/HiLook-IP-Products/Network-Cameras/Value-Camera/ipc-b169ha-luf-s-l--rb-/","Video Compression","Main stream: H.265+/H.265/H.264+/H.264,\nSub-stream: H.265/H.264/MJPEG"
"hikvision","HiLook","Value Camera","IPC-B169HA-LUF-S-L--RB-","IPC-B169HA-LUF/S(L)(RB) 6 MP ColorVu with Smart Hybrid Light Fixed Bullet Network Camera","https://www.hikvision.com/en/products/HiLook-IP-Products/Network-Cameras/Value-Camera/ipc-b169ha-luf-s-l--rb-/","Video Bit Rate","32 Kbps to 16 Mbps"
"hikvision","HiLook","Value Camera","IPC-B169HA-LUF-S-L--RB-","IPC-B169HA-LUF/S(L)(RB) 6 MP ColorVu with Smart Hybrid Light Fixed Bullet Network Camera","https://www.hikvision.com/en/products/HiLook-IP-Products/Network-Cameras/Value-Camera/ipc-b169ha-luf-s-l--rb-/","H.264 Type","Baseline Profile,Main Profile,High Profile"
"hikvision","HiLook","Value Camera","IPC-B169HA-LUF-S-L--RB-","IPC-B169HA-LUF/S(L)(RB) 6 MP ColorVu with Smart Hybrid Light Fixed Bullet Network Camera","https://www.hikvision.com/en/products/HiLook-IP-Products/Network-Cameras/Value-Camera/ipc-b169ha-luf-s-l--rb-/","H.265 Type","Main Profile"
"hikvision","HiLook","Value Camera","IPC-B169HA-LUF-S-L--RB-","IPC-B169HA-LUF/S(L)(RB) 6 MP ColorVu with Smart Hybrid Light Fixed Bullet Network Camera","https://www.hikvision.com/en/products/HiLook-IP-Products/Network-Cameras/Value-Camera/ipc-b169ha-luf-s-l--rb-/","Bit Rate Control","CBR,VBR"
"hikvision","HiLook","Value Camera","IPC-B169HA-LUF-S-L--RB-","IPC-B169HA-LUF/S(L)(RB) 6 MP ColorVu with Smart Hybrid Light Fixed Bullet Network Camera","https://www.hikvision.com/en/products/HiLook-IP-Products/Network-Cameras/Value-Camera/ipc-b169ha-luf-s-l--rb-/","Scalable Video Coding (SVC)","H.264 and H.265 encoding"
"hikvision","HiLook","Value Camera","IPC-B169HA-LUF-S-L--RB-","IPC-B169HA-LUF/S(L)(RB) 6 MP ColorVu with Smart Hybrid Light Fixed Bullet Network Camera","https://www.hikvision.com/en/products/HiLook-IP-Products/Network-Cameras/Value-Camera/ipc-b169ha-luf-s-l--rb-/","Region Of Interest (ROI)","1 fixed region for main stream"
"hikvision","HiLook","Value Camera","IPC-B169HA-LUF-S-L--RB-","IPC-B169HA-LUF/S(L)(RB) 6 MP ColorVu with Smart Hybrid Light Fixed Bullet Network Camera","https://www.hikvision.com/en/products/HiLook-IP-Products/Network-Cameras/Value-Camera/ipc-b169ha-luf-s-l--rb-/","Audio Type","Mono sound"
"hikvision","HiLook","Value Camera","IPC-B169HA-LUF-S-L--RB-","IPC-B169HA-LUF/S(L)(RB) 6 MP ColorVu with Smart Hybrid Light Fixed Bullet Network Camera","https://www.hikvision.com/en/products/HiLook-IP-Products/Network-Cameras/Value-Camera/ipc-b169ha-luf-s-l--rb-/","Audio Compression","G.711/G.722.1/G.726/MP2L2/PCM/AAC-LC"
"hikvision","HiLook","Value Camera","IPC-B169HA-LUF-S-L--RB-","IPC-B169HA-LUF/S(L)(RB) 6 MP ColorVu with Smart Hybrid Light Fixed Bullet Network Camera","https://www.hikvision.com/en/products/HiLook-IP-Products/Network-Cameras/Value-Camera/ipc-b169ha-luf-s-l--rb-/","Audio Bit Rate","64 Kbps (G.711)/16 Kbps (G.722.1)/16 Kbps (G.726)/32 to 160 Kbps (MP2L2)/16 to 64 Kbps (AAC-LC)"
"hikvision","HiLook","Value Camera","IPC-B169HA-LUF-S-L--RB-","IPC-B169HA-LUF/S(L)(RB) 6 MP ColorVu with Smart Hybrid Light Fixed Bullet Network Camera","https://www.hikvision.com/en/products/HiLook-IP-Products/Network-Cameras/Value-Camera/ipc-b169ha-luf-s-l--rb-/","Audio Sampling Rate","8 kHz/16 kHz"
"hikvision","HiLook","Value Camera","IPC-B169HA-LUF-S-L--RB-","IPC-B169HA-LUF/S(L)(RB) 6 MP ColorVu with Smart Hybrid Light Fixed Bullet Network Camera","https://www.hikvision.com/en/products/HiLook-IP-Products/Network-Cameras/Value-Camera/ipc-b169ha-luf-s-l--rb-/","Environment Noise Filtering","Yes"
"hikvision","HiLook","Value Camera","IPC-B169HA-LUF-S-L--RB-","IPC-B169HA-LUF/S(L)(RB) 6 MP ColorVu with Smart Hybrid Light Fixed Bullet Network Camera","https://www.hikvision.com/en/products/HiLook-IP-Products/Network-Cameras/Value-Camera/ipc-b169ha-luf-s-l--rb-/","Protocols","TCP/IP, ICMP, DHCP, DNS, HTTP, RTP, RTSP, RTCP, NTP, IPv4, IPv6, IGMP, UDP, QoS, FTP, SMTP, UPnP"
"hikvision","HiLook","Value Camera","IPC-B169HA-LUF-S-L--RB-","IPC-B169HA-LUF/S(L)(RB) 6 MP ColorVu with Smart Hybrid Light Fixed Bullet Network Camera","https://www.hikvision.com/en/products/HiLook-IP-Products/Network-Cameras/Value-Camera/ipc-b169ha-luf-s-l--rb-/","Simultaneous Live View","Up to 6 channels"
"hikvision","HiLook","Value Camera","IPC-B169HA-LUF-S-L--RB-","IPC-B169HA-LUF/S(L)(RB) 6 MP ColorVu with Smart Hybrid Light Fixed Bullet Network Camera","https://www.hikvision.com/en/products/HiLook-IP-Products/Network-Cameras/Value-Camera/ipc-b169ha-luf-s-l--rb-/","API","ONVIF (Profile S, Profile G, Profile T),ISAPI,SDK"
"hikvision","HiLook","Value Camera","IPC-B169HA-LUF-S-L--RB-","IPC-B169HA-LUF/S(L)(RB) 6 MP ColorVu with Smart Hybrid Light Fixed Bullet Network Camera","https://www.hikvision.com/en/products/HiLook-IP-Products/Network-Cameras/Value-Camera/ipc-b169ha-luf-s-l--rb-/","Security","Password protection, complicated password, watermark, basic and digest authentication for HTTP, WSSE and digest authentication for Open Network Video Interface, security audit log, host authentication (MAC address)"
"hikvision","HiLook","Value Camera","IPC-B169HA-LUF-S-L--RB-","IPC-B169HA-LUF/S(L)(RB) 6 MP ColorVu with Smart Hybrid Light Fixed Bullet Network Camera","https://www.hikvision.com/en/products/HiLook-IP-Products/Network-Cameras/Value-Camera/ipc-b169ha-luf-s-l--rb-/","User/Host","Up to 32 users\n3 user levels: administrator, operator, and user"
"hikvision","HiLook","Value Camera","IPC-B169HA-LUF-S-L--RB-","IPC-B169HA-LUF/S(L)(RB) 6 MP ColorVu with Smart Hybrid Light Fixed Bullet Network Camera","https://www.hikvision.com/en/products/HiLook-IP-Products/Network-Cameras/Value-Camera/ipc-b169ha-luf-s-l--rb-/","Client","iVMS-4200,HiLookVision"
"hikvision","HiLook","Value Camera","IPC-B169HA-LUF-S-L--RB-","IPC-B169HA-LUF/S(L)(RB) 6 MP ColorVu with Smart Hybrid Light Fixed Bullet Network Camera","https://www.hikvision.com/en/products/HiLook-IP-Products/Network-Cameras/Value-Camera/ipc-b169ha-luf-s-l--rb-/","Web Browser","Local service: Chrome 80+, Firefox 80+, Edge 89+, Safari 13+"
"hikvision","HiLook","Value Camera","IPC-B169HA-LUF-S-L--RB-","IPC-B169HA-LUF/S(L)(RB) 6 MP ColorVu with Smart Hybrid Light Fixed Bullet Network Camera","https://www.hikvision.com/en/products/HiLook-IP-Products/Network-Cameras/Value-Camera/ipc-b169ha-luf-s-l--rb-/","Image Settings","Rotate mode,saturation,brightness,contrast,sharpness,gain,white balance,adjustable by client software or web browser"
"hikvision","HiLook","Value Camera","IPC-B169HA-LUF-S-L--RB-","IPC-B169HA-LUF/S(L)(RB) 6 MP ColorVu with Smart Hybrid Light Fixed Bullet Network Camera","https://www.hikvision.com/en/products/HiLook-IP-Products/Network-Cameras/Value-Camera/ipc-b169ha-luf-s-l--rb-/","Day/Night Switch","Day,Night,Auto,Schedule"
"hikvision","HiLook","Value Camera","IPC-B169HA-LUF-S-L--RB-","IPC-B169HA-LUF/S(L)(RB) 6 MP ColorVu with Smart Hybrid Light Fixed Bullet Network Camera","https://www.hikvision.com/en/products/HiLook-IP-Products/Network-Cameras/Value-Camera/ipc-b169ha-luf-s-l--rb-/","Wide Dynamic Range (WDR)","120 dB"
"hikvision","HiLook","Value Camera","IPC-B169HA-LUF-S-L--RB-","IPC-B169HA-LUF/S(L)(RB) 6 MP ColorVu with Smart Hybrid Light Fixed Bullet Network Camera","https://www.hikvision.com/en/products/HiLook-IP-Products/Network-Cameras/Value-Camera/ipc-b169ha-luf-s-l--rb-/","SNR","≥ 52 dB"
"hikvision","HiLook","Value Camera","IPC-B169HA-LUF-S-L--RB-","IPC-B169HA-LUF/S(L)(RB) 6 MP ColorVu with Smart Hybrid Light Fixed Bullet Network Camera","https://www.hikvision.com/en/products/HiLook-IP-Products/Network-Cameras/Value-Camera/ipc-b169ha-luf-s-l--rb-/","Image Enhancement","BLC,HLC,3D DNR"
"hikvision","HiLook","Value Camera","IPC-B169HA-LUF-S-L--RB-","IPC-B169HA-LUF/S(L)(RB) 6 MP ColorVu with Smart Hybrid Light Fixed Bullet Network Camera","https://www.hikvision.com/en/products/HiLook-IP-Products/Network-Cameras/Value-Camera/ipc-b169ha-luf-s-l--rb-/","Privacy Mask","4 programmable polygon privacy masks"
"hikvision","HiLook","Value Camera","IPC-B169HA-LUF-S-L--RB-","IPC-B169HA-LUF/S(L)(RB) 6 MP ColorVu with Smart Hybrid Light Fixed Bullet Network Camera","https://www.hikvision.com/en/products/HiLook-IP-Products/Network-Cameras/Value-Camera/ipc-b169ha-luf-s-l--rb-/","Ethernet Interface","1 RJ45 10 M/100 M self-adaptive Ethernet port"
"hikvision","HiLook","Value Camera","IPC-B169HA-LUF-S-L--RB-","IPC-B169HA-LUF/S(L)(RB) 6 MP ColorVu with Smart Hybrid Light Fixed Bullet Network Camera","https://www.hikvision.com/en/products/HiLook-IP-Products/Network-Cameras/Value-Camera/ipc-b169ha-luf-s-l--rb-/","On-Board Storage","Built-in memory card slot, support microSD/microSDHC/microSDXC card, up to 512 GB"
"hikvision","HiLook","Value Camera","IPC-B169HA-LUF-S-L--RB-","IPC-B169HA-LUF/S(L)(RB) 6 MP ColorVu with Smart Hybrid Light Fixed Bullet Network Camera","https://www.hikvision.com/en/products/HiLook-IP-Products/Network-Cameras/Value-Camera/ipc-b169ha-luf-s-l--rb-/","Built-In Microphone","Yes,1 built-in microphone"
"hikvision","HiLook","Value Camera","IPC-B169HA-LUF-S-L--RB-","IPC-B169HA-LUF/S(L)(RB) 6 MP ColorVu with Smart Hybrid Light Fixed Bullet Network Camera","https://www.hikvision.com/en/products/HiLook-IP-Products/Network-Cameras/Value-Camera/ipc-b169ha-luf-s-l--rb-/","Built-In Speaker","1 built-in speaker,\nMax. power consumption: 1.5 W, max. sound pressure level: 10 cm: 98 dB."
"hikvision","HiLook","Value Camera","IPC-B169HA-LUF-S-L--RB-","IPC-B169HA-LUF/S(L)(RB) 6 MP ColorVu with Smart Hybrid Light Fixed Bullet Network Camera","https://www.hikvision.com/en/products/HiLook-IP-Products/Network-Cameras/Value-Camera/ipc-b169ha-luf-s-l--rb-/","Reset Key","Yes"
"hikvision","HiLook","Value Camera","IPC-B169HA-LUF-S-L--RB-","IPC-B169HA-LUF/S(L)(RB) 6 MP ColorVu with Smart Hybrid Light Fixed Bullet Network Camera","https://www.hikvision.com/en/products/HiLook-IP-Products/Network-Cameras/Value-Camera/ipc-b169ha-luf-s-l--rb-/","Basic Event","Motion detection (support alarm triggering by specified target types (person and vehicle)), video tampering alarm, exception"
"hikvision","HiLook","Value Camera","IPC-B169HA-LUF-S-L--RB-","IPC-B169HA-LUF/S(L)(RB) 6 MP ColorVu with Smart Hybrid Light Fixed Bullet Network Camera","https://www.hikvision.com/en/products/HiLook-IP-Products/Network-Cameras/Value-Camera/ipc-b169ha-luf-s-l--rb-/","Linkage","Upload to memory card, upload to FTP, trigger recording,notify surveillance center,send email,trigger capture"
"hikvision","HiLook","Value Camera","IPC-B169HA-LUF-S-L--RB-","IPC-B169HA-LUF/S(L)(RB) 6 MP ColorVu with Smart Hybrid Light Fixed Bullet Network Camera","https://www.hikvision.com/en/products/HiLook-IP-Products/Network-Cameras/Value-Camera/ipc-b169ha-luf-s-l--rb-/","Power","12 VDC ± 25%, 0.68 A, max. 8.2 W,Ø5.5 mm coaxial power plug,reverse polarity protection,\nPoE: IEEE 802.3af, Class 3, max. 9.9 W"
"hikvision","HiLook","Value Camera","IPC-B169HA-LUF-S-L--RB-","IPC-B169HA-LUF/S(L)(RB) 6 MP ColorVu with Smart Hybrid Light Fixed Bullet Network Camera","https://www.hikvision.com/en/products/HiLook-IP-Products/Network-Cameras/Value-Camera/ipc-b169ha-luf-s-l--rb-/","Material","Front cover: metal, body: plastic, bracket: plastic"
"hikvision","HiLook","Value Camera","IPC-B169HA-LUF-S-L--RB-","IPC-B169HA-LUF/S(L)(RB) 6 MP ColorVu with Smart Hybrid Light Fixed Bullet Network Camera","https://www.hikvision.com/en/products/HiLook-IP-Products/Network-Cameras/Value-Camera/ipc-b169ha-luf-s-l--rb-/","Dimension","179 mm × 69.1 mm × 67.4 mm (7.05\" × 2.72\" × 2.65\")"
"hikvision","HiLook","Value Camera","IPC-B169HA-LUF-S-L--RB-","IPC-B169HA-LUF/S(L)(RB) 6 MP ColorVu with Smart Hybrid Light Fixed Bullet Network Camera","https://www.hikvision.com/en/products/HiLook-IP-Products/Network-Cameras/Value-Camera/ipc-b169ha-luf-s-l--rb-/","Package Dimension","150 mm × 150 mm × 141 mm (5.91\" × 5.91\" × 5.55\")"
"hikvision","HiLook","Value Camera","IPC-B169HA-LUF-S-L--RB-","IPC-B169HA-LUF/S(L)(RB) 6 MP ColorVu with Smart Hybrid Light Fixed Bullet Network Camera","https://www.hikvision.com/en/products/HiLook-IP-Products/Network-Cameras/Value-Camera/ipc-b169ha-luf-s-l--rb-/","Weight","Approx. 320 g (0.7 lb.)"
"hikvision","HiLook","Value Camera","IPC-B169HA-LUF-S-L--RB-","IPC-B169HA-LUF/S(L)(RB) 6 MP ColorVu with Smart Hybrid Light Fixed Bullet Network Camera","https://www.hikvision.com/en/products/HiLook-IP-Products/Network-Cameras/Value-Camera/ipc-b169ha-luf-s-l--rb-/","With Package Weight","Approx. 540 g (1.2 lb.)"
"hikvision","HiLook","Value Camera","IPC-B169HA-LUF-S-L--RB-","IPC-B169HA-LUF/S(L)(RB) 6 MP ColorVu with Smart Hybrid Light Fixed Bullet Network Camera","https://www.hikvision.com/en/products/HiLook-IP-Products/Network-Cameras/Value-Camera/ipc-b169ha-luf-s-l--rb-/","Storage Conditions","-30 °C to 60 °C (-22 °F to 140 °F). Humidity 95% or less (non-condensing)"
"hikvision","HiLook","Value Camera","IPC-B169HA-LUF-S-L--RB-","IPC-B169HA-LUF/S(L)(RB) 6 MP ColorVu with Smart Hybrid Light Fixed Bullet Network Camera","https://www.hikvision.com/en/products/HiLook-IP-Products/Network-Cameras/Value-Camera/ipc-b169ha-luf-s-l--rb-/","Startup And Operating Conditions","-30 °C to 60 °C (-22 °F to 140 °F). Humidity 95% or less (non-condensing)"
"hikvision","HiLook","Value Camera","IPC-B169HA-LUF-S-L--RB-","IPC-B169HA-LUF/S(L)(RB) 6 MP ColorVu with Smart Hybrid Light Fixed Bullet Network Camera","https://www.hikvision.com/en/products/HiLook-IP-Products/Network-Cameras/Value-Camera/ipc-b169ha-luf-s-l--rb-/","Language","English, Ukrainian"
"hikvision","HiLook","Value Camera","IPC-B169HA-LUF-S-L--RB-","IPC-B169HA-LUF/S(L)(RB) 6 MP ColorVu with Smart Hybrid Light Fixed Bullet Network Camera","https://www.hikvision.com/en/products/HiLook-IP-Products/Network-Cameras/Value-Camera/ipc-b169ha-luf-s-l--rb-/","General Function","Heartbeat,mirror,flash log,password reset via email,password protection,anti-banding"
"hikvision","HiLook","Value Camera","IPC-B169HA-LUF-S-L--RB-","IPC-B169HA-LUF/S(L)(RB) 6 MP ColorVu with Smart Hybrid Light Fixed Bullet Network Camera","https://www.hikvision.com/en/products/HiLook-IP-Products/Network-Cameras/Value-Camera/ipc-b169ha-luf-s-l--rb-/","Flashing Light","/SRB model: Red and Blue Light\n/SL model: White Light"
"hikvision","HiLook","Value Camera","IPC-B169HA-LUF-S-L--RB-","IPC-B169HA-LUF/S(L)(RB) 6 MP ColorVu with Smart Hybrid Light Fixed Bullet Network Camera","https://www.hikvision.com/en/products/HiLook-IP-Products/Network-Cameras/Value-Camera/ipc-b169ha-luf-s-l--rb-/","EMC","CE-EMC: EN 55032:2015+A1:2020, EN 50130-4:2011+A1:2014, EN IEC 61000-3-2:2019+A1:2021, EN 61000-3-3:2013+A1:2019+A2:2021"
"hikvision","HiLook","Value Camera","IPC-B169HA-LUF-S-L--RB-","IPC-B169HA-LUF/S(L)(RB) 6 MP ColorVu with Smart Hybrid Light Fixed Bullet Network Camera","https://www.hikvision.com/en/products/HiLook-IP-Products/Network-Cameras/Value-Camera/ipc-b169ha-luf-s-l--rb-/","Safety","CB: IEC 62368-1: 2014+A11,\nCE-LVD: EN 62368-1: 2014/A11: 2017,\nBIS: IS 13252 (Part 1): 2010/IEC 60950-1: 2005"
"hikvision","HiLook","Value Camera","IPC-B169HA-LUF-S-L--RB-","IPC-B169HA-LUF/S(L)(RB) 6 MP ColorVu with Smart Hybrid Light Fixed Bullet Network Camera","https://www.hikvision.com/en/products/HiLook-IP-Products/Network-Cameras/Value-Camera/ipc-b169ha-luf-s-l--rb-/","Environment","CE-RoHS: 2011/65/EU,\nWEEE: 2012/19/EU,\nReach: Regulation (EC) No 1907/2006"
"hikvision","HiLook","Value Camera","IPC-B169HA-LUF-S-L--RB-","IPC-B169HA-LUF/S(L)(RB) 6 MP ColorVu with Smart Hybrid Light Fixed Bullet Network Camera","https://www.hikvision.com/en/products/HiLook-IP-Products/Network-Cameras/Value-Camera/ipc-b169ha-luf-s-l--rb-/","Protection","IP67: IEC 60529-2013"
"hikvision","HiLook","Value Camera","IPC-B169HA","IPC-B169HA 6 MP ColorVu MD 2.0 Fixed Bullet Network Camera","https://www.hikvision.com/en/products/HiLook-IP-Products/Network-Cameras/Value-Camera/ipc-b169ha/","Image Sensor","1/2.4\" Progressive Scan CMOS"
"hikvision","HiLook","Value Camera","IPC-B169HA","IPC-B169HA 6 MP ColorVu MD 2.0 Fixed Bullet Network Camera","https://www.hikvision.com/en/products/HiLook-IP-Products/Network-Cameras/Value-Camera/ipc-b169ha/","Max. Resolution","3200 × 1800"
"hikvision","HiLook","Value Camera","IPC-B169HA","IPC-B169HA 6 MP ColorVu MD 2.0 Fixed Bullet Network Camera","https://www.hikvision.com/en/products/HiLook-IP-Products/Network-Cameras/Value-Camera/ipc-b169ha/","Min. Illumination","Color: 0.001 Lux @ (F1.0, AGC ON),0 Lux with light"
"hikvision","HiLook","Value Camera","IPC-B169HA","IPC-B169HA 6 MP ColorVu MD 2.0 Fixed Bullet Network Camera","https://www.hikvision.com/en/products/HiLook-IP-Products/Network-Cameras/Value-Camera/ipc-b169ha/","Shutter Time","1/3 s to 1/100,000 s"
"hikvision","HiLook","Value Camera","IPC-B169HA","IPC-B169HA 6 MP ColorVu MD 2.0 Fixed Bullet Network Camera","https://www.hikvision.com/en/products/HiLook-IP-Products/Network-Cameras/Value-Camera/ipc-b169ha/","Day & Night","24/7 color imaging"
"hikvision","HiLook","Value Camera","IPC-B169HA","IPC-B169HA 6 MP ColorVu MD 2.0 Fixed Bullet Network Camera","https://www.hikvision.com/en/products/HiLook-IP-Products/Network-Cameras/Value-Camera/ipc-b169ha/","Angle Adjustment","Pan: 0° to 360°,tilt: 0° to 90°,rotate: 0° to 360°"
"hikvision","HiLook","Value Camera","IPC-B169HA","IPC-B169HA 6 MP ColorVu MD 2.0 Fixed Bullet Network Camera","https://www.hikvision.com/en/products/HiLook-IP-Products/Network-Cameras/Value-Camera/ipc-b169ha/","Lens Type","Fixed focal lens, 2.8 and 4 mm optional"
"hikvision","HiLook","Value Camera","IPC-B169HA","IPC-B169HA 6 MP ColorVu MD 2.0 Fixed Bullet Network Camera","https://www.hikvision.com/en/products/HiLook-IP-Products/Network-Cameras/Value-Camera/ipc-b169ha/","Focal Length & FOV","2.8 mm, horizontal FOV: 117°, vertical FOV: 64°, diagonal FOV: 138° 4 mm, horizontal FOV: 82°, vertical FOV: 45°, diagonal FOV: 95°"
"hikvision","HiLook","Value Camera","IPC-B169HA","IPC-B169HA 6 MP ColorVu MD 2.0 Fixed Bullet Network Camera","https://www.hikvision.com/en/products/HiLook-IP-Products/Network-Cameras/Value-Camera/ipc-b169ha/","Lens Mount","M12"
"hikvision","HiLook","Value Camera","IPC-B169HA","IPC-B169HA 6 MP ColorVu MD 2.0 Fixed Bullet Network Camera","https://www.hikvision.com/en/products/HiLook-IP-Products/Network-Cameras/Value-Camera/ipc-b169ha/","Iris Type","Fixed"
"hikvision","HiLook","Value Camera","IPC-B169HA","IPC-B169HA 6 MP ColorVu MD 2.0 Fixed Bullet Network Camera","https://www.hikvision.com/en/products/HiLook-IP-Products/Network-Cameras/Value-Camera/ipc-b169ha/","Aperture","F1.0"
"hikvision","HiLook","Value Camera","IPC-B169HA","IPC-B169HA 6 MP ColorVu MD 2.0 Fixed Bullet Network Camera","https://www.hikvision.com/en/products/HiLook-IP-Products/Network-Cameras/Value-Camera/ipc-b169ha/","Depth of Field","2.8 mm: 2 m to ∞ 4 mm: 3.1 m to ∞"
"hikvision","HiLook","Value Camera","IPC-B169HA","IPC-B169HA 6 MP ColorVu MD 2.0 Fixed Bullet Network Camera","https://www.hikvision.com/en/products/HiLook-IP-Products/Network-Cameras/Value-Camera/ipc-b169ha/","DORI","2.8 mm, D: 64 m, O: 25 m, R: 12 m, I: 6 m 4 mm, D: 92 m, O: 36 m, R: 18 m, I: 9 m"
"hikvision","HiLook","Value Camera","IPC-B169HA","IPC-B169HA 6 MP ColorVu MD 2.0 Fixed Bullet Network Camera","https://www.hikvision.com/en/products/HiLook-IP-Products/Network-Cameras/Value-Camera/ipc-b169ha/","Supplement Light Type","White Light"
"hikvision","HiLook","Value Camera","IPC-B169HA","IPC-B169HA 6 MP ColorVu MD 2.0 Fixed Bullet Network Camera","https://www.hikvision.com/en/products/HiLook-IP-Products/Network-Cameras/Value-Camera/ipc-b169ha/","Supplement Light Range","Up to 30 m"
"hikvision","HiLook","Value Camera","IPC-B169HA","IPC-B169HA 6 MP ColorVu MD 2.0 Fixed Bullet Network Camera","https://www.hikvision.com/en/products/HiLook-IP-Products/Network-Cameras/Value-Camera/ipc-b169ha/","Smart Supplement Light","Yes"
"hikvision","HiLook","Value Camera","IPC-B169HA","IPC-B169HA 6 MP ColorVu MD 2.0 Fixed Bullet Network Camera","https://www.hikvision.com/en/products/HiLook-IP-Products/Network-Cameras/Value-Camera/ipc-b169ha/","Main Stream","50 Hz: 20 fps (3200 × 1800, 2688 × 1520, 1920 × 1080, 1280 × 720) 60 Hz: 20 fps (3200 × 1800, 2688 × 1520, 1920 × 1080, 1280 × 720)"
"hikvision","HiLook","Value Camera","IPC-B169HA","IPC-B169HA 6 MP ColorVu MD 2.0 Fixed Bullet Network Camera","https://www.hikvision.com/en/products/HiLook-IP-Products/Network-Cameras/Value-Camera/ipc-b169ha/","Sub-Stream","50 Hz: 20 fps (1280 × 720, 640 × 480, 640 × 360) 60 Hz: 20 fps (1280 × 720, 640 × 480, 640 × 360)"
"hikvision","HiLook","Value Camera","IPC-B169HA","IPC-B169HA 6 MP ColorVu MD 2.0 Fixed Bullet Network Camera","https://www.hikvision.com/en/products/HiLook-IP-Products/Network-Cameras/Value-Camera/ipc-b169ha/","Video Compression","Main stream: H.265+/H.265/H.264+/H.264, Sub-stream: H.265/H.264/MJPEG"
"hikvision","HiLook","Value Camera","IPC-B169HA","IPC-B169HA 6 MP ColorVu MD 2.0 Fixed Bullet Network Camera","https://www.hikvision.com/en/products/HiLook-IP-Products/Network-Cameras/Value-Camera/ipc-b169ha/","Video Bit Rate","32 Kbps to 16 Mbps"
"hikvision","HiLook","Value Camera","IPC-B169HA","IPC-B169HA 6 MP ColorVu MD 2.0 Fixed Bullet Network Camera","https://www.hikvision.com/en/products/HiLook-IP-Products/Network-Cameras/Value-Camera/ipc-b169ha/","H.264 Type","Baseline Profile,Main Profile,High Profile"
"hikvision","HiLook","Value Camera","IPC-B169HA","IPC-B169HA 6 MP ColorVu MD 2.0 Fixed Bullet Network Camera","https://www.hikvision.com/en/products/HiLook-IP-Products/Network-Cameras/Value-Camera/ipc-b169ha/","H.265 Type","Main Profile"
"hikvision","HiLook","Value Camera","IPC-B169HA","IPC-B169HA 6 MP ColorVu MD 2.0 Fixed Bullet Network Camera","https://www.hikvision.com/en/products/HiLook-IP-Products/Network-Cameras/Value-Camera/ipc-b169ha/","Bit Rate Control","CBR,VBR"
"hikvision","HiLook","Value Camera","IPC-B169HA","IPC-B169HA 6 MP ColorVu MD 2.0 Fixed Bullet Network Camera","https://www.hikvision.com/en/products/HiLook-IP-Products/Network-Cameras/Value-Camera/ipc-b169ha/","Region of Interest (ROI)","1 fixed region for main stream"
"hikvision","HiLook","Value Camera","IPC-B169HA","IPC-B169HA 6 MP ColorVu MD 2.0 Fixed Bullet Network Camera","https://www.hikvision.com/en/products/HiLook-IP-Products/Network-Cameras/Value-Camera/ipc-b169ha/","Protocols","TCP/IP, ICMP, DHCP, DNS, DDNS, HTTP, RTP, RTSP, NTP, IGMP, IPv6, UDP, QoS, FTP, SMTP,UPnP"
"hikvision","HiLook","Value Camera","IPC-B169HA","IPC-B169HA 6 MP ColorVu MD 2.0 Fixed Bullet Network Camera","https://www.hikvision.com/en/products/HiLook-IP-Products/Network-Cameras/Value-Camera/ipc-b169ha/","Simultaneous Live View","Up to 6 channels"
"hikvision","HiLook","Value Camera","IPC-B169HA","IPC-B169HA 6 MP ColorVu MD 2.0 Fixed Bullet Network Camera","https://www.hikvision.com/en/products/HiLook-IP-Products/Network-Cameras/Value-Camera/ipc-b169ha/","API","Open Network Video Interface (Profile S),ISAPI,SDK"
"hikvision","HiLook","Value Camera","IPC-B169HA","IPC-B169HA 6 MP ColorVu MD 2.0 Fixed Bullet Network Camera","https://www.hikvision.com/en/products/HiLook-IP-Products/Network-Cameras/Value-Camera/ipc-b169ha/","User/Host","Up to 32 users 3 user levels: administrator, operator, and user"
"hikvision","HiLook","Value Camera","IPC-B169HA","IPC-B169HA 6 MP ColorVu MD 2.0 Fixed Bullet Network Camera","https://www.hikvision.com/en/products/HiLook-IP-Products/Network-Cameras/Value-Camera/ipc-b169ha/","Security","Password protection, complicated password, watermark, basic and digest authentication for HTTP, WSSE and digest authentication for Open Network Video Interface, security audit log, host authentication (MAC address)"
"hikvision","HiLook","Value Camera","IPC-B169HA","IPC-B169HA 6 MP ColorVu MD 2.0 Fixed Bullet Network Camera","https://www.hikvision.com/en/products/HiLook-IP-Products/Network-Cameras/Value-Camera/ipc-b169ha/","Client","iVMS-4200,HiLookVision"
"hikvision","HiLook","Value Camera","IPC-B169HA","IPC-B169HA 6 MP ColorVu MD 2.0 Fixed Bullet Network Camera","https://www.hikvision.com/en/products/HiLook-IP-Products/Network-Cameras/Value-Camera/ipc-b169ha/","Web Browser","Plug-in required live view: IE 10, IE 11, Local service: Chrome 57.0+, Firefox 52.0+, Edge 89+"
"hikvision","HiLook","Value Camera","IPC-B169HA","IPC-B169HA 6 MP ColorVu MD 2.0 Fixed Bullet Network Camera","https://www.hikvision.com/en/products/HiLook-IP-Products/Network-Cameras/Value-Camera/ipc-b169ha/","Image Settings","Rotate mode,saturation,brightness,contrast,sharpness,gain,white balance,adjustable by client software or web browser"
"hikvision","HiLook","Value Camera","IPC-B169HA","IPC-B169HA 6 MP ColorVu MD 2.0 Fixed Bullet Network Camera","https://www.hikvision.com/en/products/HiLook-IP-Products/Network-Cameras/Value-Camera/ipc-b169ha/","Day/Night Switch","Day,Night,Auto,Schedule"
"hikvision","HiLook","Value Camera","IPC-B169HA","IPC-B169HA 6 MP ColorVu MD 2.0 Fixed Bullet Network Camera","https://www.hikvision.com/en/products/HiLook-IP-Products/Network-Cameras/Value-Camera/ipc-b169ha/","Wide Dynamic Range (WDR)","120 dB"
"hikvision","HiLook","Value Camera","IPC-B169HA","IPC-B169HA 6 MP ColorVu MD 2.0 Fixed Bullet Network Camera","https://www.hikvision.com/en/products/HiLook-IP-Products/Network-Cameras/Value-Camera/ipc-b169ha/","SNR","≥ 52 dB"
"hikvision","HiLook","Value Camera","IPC-B169HA","IPC-B169HA 6 MP ColorVu MD 2.0 Fixed Bullet Network Camera","https://www.hikvision.com/en/products/HiLook-IP-Products/Network-Cameras/Value-Camera/ipc-b169ha/","Image Enhancement","BLC,HLC,3D DNR"
"hikvision","HiLook","Value Camera","IPC-B169HA","IPC-B169HA 6 MP ColorVu MD 2.0 Fixed Bullet Network Camera","https://www.hikvision.com/en/products/HiLook-IP-Products/Network-Cameras/Value-Camera/ipc-b169ha/","Privacy Mask","4 programmable polygon privacy masks"
"hikvision","HiLook","Value Camera","IPC-B169HA","IPC-B169HA 6 MP ColorVu MD 2.0 Fixed Bullet Network Camera","https://www.hikvision.com/en/products/HiLook-IP-Products/Network-Cameras/Value-Camera/ipc-b169ha/","Ethernet Interface","1 RJ45 10 M/100 M self-adaptive Ethernet port"
"hikvision","HiLook","Value Camera","IPC-B169HA","IPC-B169HA 6 MP ColorVu MD 2.0 Fixed Bullet Network Camera","https://www.hikvision.com/en/products/HiLook-IP-Products/Network-Cameras/Value-Camera/ipc-b169ha/","Basic Event","Motion detection (support alarm triggering by specified target types (human and vehicle)),video tampering alarm,exception"
"hikvision","HiLook","Value Camera","IPC-B169HA","IPC-B169HA 6 MP ColorVu MD 2.0 Fixed Bullet Network Camera","https://www.hikvision.com/en/products/HiLook-IP-Products/Network-Cameras/Value-Camera/ipc-b169ha/","Linkage","Upload to FTP,notify surveillance center,send email,trigger capture"
"hikvision","HiLook","Value Camera","IPC-B169HA","IPC-B169HA 6 MP ColorVu MD 2.0 Fixed Bullet Network Camera","https://www.hikvision.com/en/products/HiLook-IP-Products/Network-Cameras/Value-Camera/ipc-b169ha/","Power","12 VDC ± 25%, 0.43 A, max. 5.3 W,Ø5.5 mm coaxial power plug,reverse polarity protection, PoE: IEEE 802.3af, Class 3, max. 6.5"
"hikvision","HiLook","Value Camera","IPC-B169HA","IPC-B169HA 6 MP ColorVu MD 2.0 Fixed Bullet Network Camera","https://www.hikvision.com/en/products/HiLook-IP-Products/Network-Cameras/Value-Camera/ipc-b169ha/","Material","Aluminum alloy body"
"hikvision","HiLook","Value Camera","IPC-B169HA","IPC-B169HA 6 MP ColorVu MD 2.0 Fixed Bullet Network Camera","https://www.hikvision.com/en/products/HiLook-IP-Products/Network-Cameras/Value-Camera/ipc-b169ha/","Dimension","Ø76.6 mm × 164.4 mm (Ø3\" × 6.5\")"
"hikvision","HiLook","Value Camera","IPC-B169HA","IPC-B169HA 6 MP ColorVu MD 2.0 Fixed Bullet Network Camera","https://www.hikvision.com/en/products/HiLook-IP-Products/Network-Cameras/Value-Camera/ipc-b169ha/","Package Dimension","234 mm × 120 mm × 117 mm (9.2\" × 4.7\" × 4.6\")"
"hikvision","HiLook","Value Camera","IPC-B169HA","IPC-B169HA 6 MP ColorVu MD 2.0 Fixed Bullet Network Camera","https://www.hikvision.com/en/products/HiLook-IP-Products/Network-Cameras/Value-Camera/ipc-b169ha/","With Package Weight","Approx. 633 g (1.4 lb.)"
"hikvision","HiLook","Value Camera","IPC-B169HA","IPC-B169HA 6 MP ColorVu MD 2.0 Fixed Bullet Network Camera","https://www.hikvision.com/en/products/HiLook-IP-Products/Network-Cameras/Value-Camera/ipc-b169ha/","Storage Conditions","-30 °C to 60 °C (-22 °F to 140 °F). Humidity 95% or less (non-condensing)"
"hikvision","HiLook","Value Camera","IPC-B169HA","IPC-B169HA 6 MP ColorVu MD 2.0 Fixed Bullet Network Camera","https://www.hikvision.com/en/products/HiLook-IP-Products/Network-Cameras/Value-Camera/ipc-b169ha/","Startup and Operating Conditions","-30 °C to 60 °C (-22 °F to 140 °F). Humidity 95% or less (non-condensing)"
"hikvision","HiLook","Value Camera","IPC-B169HA","IPC-B169HA 6 MP ColorVu MD 2.0 Fixed Bullet Network Camera","https://www.hikvision.com/en/products/HiLook-IP-Products/Network-Cameras/Value-Camera/ipc-b169ha/","Language","English, Ukrainian"
"hikvision","HiLook","Value Camera","IPC-B169HA","IPC-B169HA 6 MP ColorVu MD 2.0 Fixed Bullet Network Camera","https://www.hikvision.com/en/products/HiLook-IP-Products/Network-Cameras/Value-Camera/ipc-b169ha/","General Function","Heartbeat,anti-banding,mirror,password protection,password reset via email"
"hikvision","HiLook","Value Camera","IPC-B169HA","IPC-B169HA 6 MP ColorVu MD 2.0 Fixed Bullet Network Camera","https://www.hikvision.com/en/products/HiLook-IP-Products/Network-Cameras/Value-Camera/ipc-b169ha/","EMC","CE-EMC: EN 55032:2015+A1:2020, EN 50130-4:2011+A1:2014, EN IEC 61000-3-2:2019+A1:2021, EN 61000-3-3:2013+A1:2019+A2:2021, RCM: AS/NZS CISPR 32: 2015, KC: KN32: 2015, KN35: 2015"
"hikvision","HiLook","Value Camera","IPC-B169HA","IPC-B169HA 6 MP ColorVu MD 2.0 Fixed Bullet Network Camera","https://www.hikvision.com/en/products/HiLook-IP-Products/Network-Cameras/Value-Camera/ipc-b169ha/","Safety","CB: IEC 62368-1: 2014+A11, CE-LVD: EN 62368-1: 2014/A11: 2017"
"hikvision","HiLook","Value Camera","IPC-B169HA","IPC-B169HA 6 MP ColorVu MD 2.0 Fixed Bullet Network Camera","https://www.hikvision.com/en/products/HiLook-IP-Products/Network-Cameras/Value-Camera/ipc-b169ha/","Environment","CE-RoHS: 2011/65/EU, WEEE: 2012/19/EU, Reach: Regulation (EC) No 1907/2006"
"hikvision","HiLook","Value Camera","IPC-B169HA","IPC-B169HA 6 MP ColorVu MD 2.0 Fixed Bullet Network Camera","https://www.hikvision.com/en/products/HiLook-IP-Products/Network-Cameras/Value-Camera/ipc-b169ha/","Protection","IP67: IEC 60529-2013"
